date,3YAvgAnnEPSGrw,3YAvgAnnSalesGrw,4WChgFwd12MEPS,6MAvgChg1MRecC,6MChgTgtPrc,6MChgTgtPrcGap,6MChgTgtPrcGapEMA,8WChgFwd12MEPS,AccrualRatioCF,AdjAccruals,AdjChgEPStoSales,AdjEPSNumRevFY2C,AdjIntCov,AdjRevMagC,AssetTurn,AstAdjChg1YEPS,AstAdjChg1YFCF,AstAdjChg1YOCF,AstAdjChg3YFCF,BuyToSellRecLess3MEMA,BuyToSellRecLess3MSMA,CapAcqRatio,CapExToAst,CapExToSales,CashAst,Chg1YAstTo,Chg1YEPS,Chg1YOCF,Chg1YOPM,Chg3YAstTo,Chg3YFCF,ChgDeprCapex,DA,DIVIDENDGROWTH,DivToCF,DivperShareGrowth,EPSNumRevFY1C,EPSSurpC,EPSToOCFChg,EPSToSalesChg1Y,ETO,FCFEV,FCFEqt,FCFP,FCFSales,FinLev,FwdFCFPC,GPMargin,IO_ChgofIO_AM,IO_ChgofNumHD,IntCovRatio,InvPEGYC,InvToAsset,InvToAst,InvToAstChg1Y,InvTurn,LTDA,LTDE,NCAP,OCFEV,PAYOUTRATIO,PAdjChg1YCF,PAdjChg1YEPS,PAdjChg1YFCF,PAdjChg1YOCF,PAdjChg1YSales,PAdjChg3YEPS,PAdjChg3YFCF,PM1M,PrcTo260DL,ROAStddev20Q,ROEStddev20Q,RONA,Rev3MFY1C,Rev3MFY2C,RevMagFY1C,RskAdjRS,SEV,STO,STO_6M,SUEC,SalesToInvCap,ShareChg,SharpeRatio,SolvencyRatio,UnexpectedInvChg,UnexpectedRecChg,WCAccruals,WCapToSales
2012-12-31,0.0001617087599337477,,,,,,0.0012386101278311155,,,,0.00030159867958829225,0.0004410034183069567,,-2.662474724612184e-05,,,,,,-0.0001542987447174889,,,-0.0004164398550942409,0.0006083744016028238,,,,,,-0.0003183461534051704,-7.145053295644567e-05,0.0008039491224669624,,,,0.0002652163871507255,,,,1.6636208726244714e-05,0.000526646366372539,0.0003161117432223949,,0.00028249064990634693,-0.00033225038765814406,0.0002282770883445176,4.787836603141109e-05,,0.0005779664843955284,-0.0006551442900702489,,0.0002454776189888466,,-0.0007657416237821605,-8.485654151238672e-05,,,,0.0006884972388292793,,0.0005363870799689138,-0.0006750446079135326,-0.0001417795637876351,-7.292092911847816e-06,0.0004308415947308559,,,,,,-0.0004975928429678015,,,-5.5296181268743295e-05,-0.0006878114824670178,-4.1875028633265946e-05,0.001594147339184584,,,-0.001630001177018696,-0.0002338234145605268,0.00044646593832207087,,,,-0.0002940158522337473,,,
2013-01-31,-0.0006354966762741906,,,,,,-0.0016721033743586865,,,,0.00046843583906185424,0.0008548263912606684,,-1.9902194348260133e-07,,,,,,6.657211528014467e-05,,,-0.00202230512648786,-0.0012895617899871975,,,,,,-0.00019754432819604783,9.055016515782526e-05,0.0004213054189094756,,,,-6.476559014664935e-06,,,,-3.9248037273132817e-05,-0.0010953873466669145,-0.0004569943275394639,,-0.00038109582383762905,-0.0004990561047205671,0.0003483261378957113,-0.0012305022885030132,,0.00010843094636752581,0.0003827236083347559,,-0.0005668654962553474,,0.00035937044991314187,-1.5643988574783373e-05,,,,-0.0005123889971757601,,-2.5665351056121383e-05,-0.00037336354164063906,-2.7678847919196656e-05,-0.0008679071850936795,0.0001665658436336062,,,,,,0.00036174617544246354,,,0.0002005487768980844,-0.00040821397537634793,0.00021452296270157853,-0.0005047167267679114,,,0.0005511821966395776,-0.0004918404810874069,-0.000988809889619963,,,,0.00034495966834651305,,,
2013-02-28,0.00013940434353154716,,,,,,-6.353969918021007e-05,,,,-0.0003703778689703211,0.00023773066069359824,,1.1840003755246043e-05,,,,,,0.00017340391793682112,,,4.749851533831914e-05,0.0004916604633779754,,,,,,-0.00035858536086244975,-7.494987806491914e-05,-2.7582026230446964e-05,,,,-0.00012358932530790048,,,,-0.0002652191477479205,-0.000253249643410849,-0.0001629925942431945,,-0.0003763393219873533,-5.501698697510732e-05,-0.0003324147218189169,-0.0007644129497960508,,0.0004489074082190707,0.0001671173866454167,,-0.0002653939797403573,,-0.0007741212491255364,0.00012893225989284485,,,,0.00023696972919020484,,-2.321815422158236e-05,-0.0005642224662360038,0.0001030681680610364,-0.00066085717509059,-0.00018050660142725873,,,,,,5.8598131790861004e-05,,,0.00021858467749159613,0.0007402085609961876,0.00016167892459110602,0.00037546569493186174,,,4.3525727580266984e-05,-0.00019129774480242093,-0.00035942703325465424,,,,1.9727621159499517e-05,,,
2013-03-31,0.00013799934022265875,,,,,,-0.00013049962105500496,,-0.0003617127348248743,,0.00034095723843515977,0.0015863749566294785,,0.00023397868406934674,,,,-0.00037056916088468297,,3.0006595457097083e-05,,,-0.00032253535199966833,-0.0002453823097927523,,,,,,,-0.00022804954795029362,-0.0014777231119864865,,,,-0.00030678255248735764,,,,-7.958277409780322e-06,,3.581918589624231e-05,-3.619977049541855e-05,-0.0005065174297883878,-0.00015934431423344605,6.443933863029373e-05,-0.00035541833396109395,,0.0006934595096701541,,,-0.00017641865681349375,,-0.001020962667187681,-0.00042418169738826105,,0.0007846592789214769,0.0010829013538314071,-0.0005312050838149464,,-0.001048147143227972,0.00015142718222694142,0.0002157741095910554,,-0.00048116085160244796,,-0.00010296644461824095,,,,0.00019899512497920221,,,0.00039883087137809547,0.0006566557864937218,0.0006408588834344356,-0.0008324540775148774,,,0.0005182522368570009,3.4240383344791854e-05,,,,,9.393255217559864e-05,,,
2013-04-30,-0.00020564818805774443,,,,,,-1.4954091492150866e-05,,0.0008486830325607626,,-0.0003843911431759309,0.0009573536810596572,,1.1917077426295503e-05,,,,0.0015689967943793282,,0.00043159641866523184,,,-0.00013155590248705064,1.7295303864512446e-05,,,,,,,-2.488843993944689e-05,-5.4742083383891875e-06,,,,-0.00039805509732504957,,,,-0.0001777347326650377,,-2.4564456972132854e-05,2.124064728677874e-05,2.687749287618071e-05,5.687764116461755e-05,-0.0001322034982575143,-0.0001723766083083047,,-9.708710577218817e-05,,,-0.00017272819183506918,,-0.00031860633563091844,1.9085596915259498e-05,,-0.00011990315273135542,6.823963398173203e-05,-0.00035845494645780186,,-1.1075777617621313e-05,-0.0002922339336679455,-0.00012190184616368,,0.0010577188777335137,,-0.0004619895011811035,,,,-6.514730821815056e-05,,,0.00050223397825683,0.00012603890450695564,0.00027732672904784433,-0.00020060169130236516,,,-0.00036616289444015937,-1.366778953746778e-06,,,,,0.00015683494159820493,,,
2013-05-31,-4.236647119588394e-05,,,,,,-0.001041274032275067,,-0.0002623665117643548,,-0.0004411317557546376,-0.0013941917368548173,,-0.00036874057979104644,,,,0.000175324357117284,,-3.2253821303747116e-05,,,-2.058967422782408e-05,0.00013425260205703995,,,,,,,-8.650138528627358e-05,-0.001532869372787455,,,,-0.0004316869775878691,,,,-0.0004790613916490064,,-0.0001807666789177799,-0.00046850479818590405,-0.00047766388062383863,-0.0003963577052942612,-0.00028878479049797555,-0.0008633747034952961,,0.0005130084821069736,,,-7.157032336130376e-05,,0.0012784248483690159,0.0005719799060121544,,0.0015913248251342913,0.0010123355393702532,0.0007349358860698137,,-0.0003456684913753461,-0.0003336714596941615,-0.00032046912552338415,,-0.000808661261794753,,-0.0003015402811134273,,,,-0.0005184573231803264,,,-0.0004138599783177349,-3.7127051222319786e-07,-0.0005523784916870265,-0.0007240732947729994,,,0.00026347149061941986,-0.0002550697027839701,,,,,-0.00013508675601729423,,,
2013-06-30,0.0008818791483994932,,,,,,,-0.0016212072508178545,,,0.0004235951312807246,0.000641705401629569,,0.0005997271646632316,,,-0.0005084937752515827,0.00023486642571984484,0.0007733104428278168,0.000203701715248414,,,,0.00010939112780269476,,0.0008766304121290027,0.0006066638866340744,,,,0.00013427072060608023,,,,,,,,-0.00042073442666693055,0.00013450980897068964,,0.0006326504616841021,0.00028932403254670826,0.00017998601000091994,0.0003247868501132182,-2.1524971489606377e-05,0.0005832248116860259,,0.0003629182363961098,,,-0.0006688392701366085,,0.0012442290439852656,0.0002997951022808416,,0.0012643813397380601,0.0006570170743479947,-0.00039728230495516956,,0.00011867228437902065,0.00010174146253763947,0.0002113604957447084,,0.0002912793440626361,,5.8777737305145e-05,0.0011412698026372905,,,5.902469344139659e-05,,,0.00026327016214722053,0.0010137002967878493,0.00036372742268125815,,,,-7.152439111604137e-05,0.00024580135352865955,,,,,0.0004437002493403279,,,
2013-07-31,-0.0006011748073236232,,,,,,,-0.00035973002623954363,,,-0.00021774117565982208,-0.00014277550170380105,,-0.00016252411140408926,,,4.0603161000571216e-05,0.0005962352706536088,0.0006503028120385709,-0.00019624064085332663,,,,8.830145347434089e-05,,0.0006393283090398258,-0.00022057972613074664,,,,-7.481775870694877e-05,,,,,,,,-7.820498542431811e-05,-0.0002479067721871401,,0.0004054572990472826,8.391858401685516e-05,0.00015664046507116454,7.620800327886321e-05,2.0290023261845585e-05,-3.370577891935878e-05,,-0.0007346453833807577,,,-0.0002789358001329645,,5.729188761377971e-05,0.00011009789392170853,,0.0016518492478596858,0.0012179933443414782,0.0005900379272755883,,-0.00036827148489101675,-5.713026154096693e-06,-0.00015598607322966457,,0.0001832600529283241,,-0.00018420493567985617,0.00015775243433823537,,,0.00014280016304525688,,,-4.920097712480015e-05,-9.435706812504844e-05,-0.00021771943198527406,,,,-0.0008931673176178794,-6.341113125388751e-05,,,,,-0.0002007277568989039,,,
2013-08-31,4.366576296499171e-06,,,,,,,0.0006499266677875603,,,-0.00017804717431847442,-0.001065812224340954,,-0.00023898310533227408,,,-0.0008042235720035665,-0.000978692123133428,-0.0006579563577733116,-0.0005421500539084832,,,,-0.0003337173734578532,,-0.0009716481932216682,-0.0005962007124231265,,,,0.00010532238646181294,,,,,,,,-0.00018654398207770508,-0.0001188466032375889,,-0.0006511666038862001,-4.700258100834619e-05,-0.0002797626123963726,-0.0001176464116305544,0.0002429941764715519,0.0002697071483146216,,-0.0005190711667223336,,,-0.0006699697596619661,,-0.0002662230255203979,-0.0003198612397434984,,-0.0007709188601618226,-0.00038262697816139764,-0.0006423348766711975,,-0.00014501902465248405,5.341002164955333e-05,-8.164763153382902e-05,,-0.00033604423946014,,-0.00012172875169105877,-0.001213532085375446,,,4.302579074200517e-05,,,2.5884891879220825e-05,-0.0002465635971963049,0.00028779864979128515,,,,-0.00042360465095553487,0.00031978331992492474,,,,,0.0001455077258556721,,,
2013-09-30,-0.0015516334129888584,,,,,,,,,,-0.0011026396442251668,7.297121912889937e-05,,0.00037997915409451863,,,1.597954631633753e-05,-6.302059545997941e-05,-0.0002961023132796967,-0.0005833239020429297,,-0.00025794314347878675,,-0.00022609746632852782,,-0.0008278585237247451,-0.0005710207477491847,,,,-0.0010445500077488313,,,,,,,,0.0005188754353904154,,,-0.0003572942649360551,-0.00048766153605863186,-0.0003744600061200016,-0.0006138444080374669,-0.0010814264462264197,-0.0008262955504810847,,-0.00069065144436775,,,-0.00028376600817486277,,0.00031089770528568036,-0.0005240061694511131,,-0.0005399833825725719,7.560357475448461e-06,-0.0001627717963105657,,-0.0006305153973486114,,-0.0002390683840484428,,-0.000870450771426517,,,-0.00024295726383754537,,,,,-0.0007088687262815385,0.0003643725906811547,0.00023794595113465412,0.0005935913867405691,,,,,-0.0004862473726808008,,,,,-0.00023504149335306322,,,
2013-10-31,-0.00046958991459003193,,,,,,,,,,0.001410573080059152,0.00017350099583819458,,0.0006795397814188641,,,0.00015621817026511393,0.00018171333279566176,0.0005506648082936156,0.0003232264033626586,,0.00043810977922642585,,-0.00016055530813412596,,0.0007127111296193416,0.00017665900420362076,,,,-0.00025131106702872105,,,,,,,,-9.885009709649971e-05,,,0.00013425836946514446,0.00016779544960780185,0.00034737745233304597,0.00030964402580876293,-5.5657829630974657e-05,0.0003748793240788505,,0.00024420382515315416,,,0.0009138805457562057,,-0.0008255196550749173,-0.00028591001465611167,,-0.0015304897119335263,-0.0005126602674992342,-0.00045255993190812185,,0.00025391228790883096,,0.0003691823007902529,,0.002168691084660752,,,0.000442305137538742,,,,,0.000142172835816756,0.0012437680077389307,0.0015024395354105004,0.0009210047153531144,,,,,0.0010684749237594039,,,,,0.00046285358304802777,,,
2013-11-30,1.5533237669274434e-05,,,,,,,,,,1.4120614582464547e-05,-3.737882368284828e-06,,-0.0002690786671186778,,,-6.0316296538692334e-05,-8.54140592067427e-05,-0.0007874869720791484,-6.10569884037883e-05,,-0.000106870941398004,,-0.0001250749123813963,,-0.0003360713580285855,-5.346440425771724e-05,,,,-0.00047891347075170305,,,,,,,,0.0003271658955351532,,,1.923207538548345e-05,0.00012755158231656237,-6.277828138211966e-05,6.484112735450072e-06,-0.00039434699428145254,-1.0397648951409873e-05,,-0.0006770483289392991,,,-0.0003277285312106543,,-0.00034237255769061214,-0.0002831045401068287,,0.0015369103883169034,0.0009096423262035126,0.00020151889421809684,,-0.00047901253431199494,,-0.0002508888103216528,,-0.0005327488097901259,,,-0.00017860303794497157,,,,,-0.00014337358220442524,-0.0006098419810088453,-0.00035350011124422285,-0.0009959361266622894,,,,,-0.00021147517998739492,,,,,0.0003554926266898305,,,
2013-12-31,0.0002091467331824311,,,,,,,,,,0.001954924477120942,0.0005981061915900881,,0.00021771065343975147,,,0.0004016285712645219,0.00036435194614651536,0.0001166408363931739,1.6065839395391535e-05,,0.0010099533984044855,,,,0.00017907227938813975,0.00047769766413237135,,,,0.00044944305624182055,,,,,,,,0.0014417787819310966,,,0.0007754857081563407,0.0010986333276215149,0.0010259265712865145,0.00041143849493946016,1.944531486219286e-05,0.0006152121522581309,,0.00017765545367111712,,,,,,0.0011141137146813672,,0.0007969812279110904,0.0010684254357811896,,,,,0.00023651852151773364,,0.0013227888611690682,,,,,,,,,-0.00011711236852727224,0.0004103933189050821,0.00027763967281989825,,,,,0.0003813570370637396,,,,,0.0001693081100138575,,,
2014-01-31,-0.0001229296617350383,,,,,,,,,,0.002342533977293585,0.00022220473553404975,,-0.00021589200466983296,,,0.0004382813963008403,0.00018798348021742148,0.00017466743349488312,3.045091811821975e-05,,0.0005147992856753275,,,,0.0005871868356536878,0.00016978213886211345,,,,-0.00022347548559763792,,,,,,,,0.0020441834112326926,,,0.0009060777387564791,0.00042134334185827587,7.4918036360147655e-06,-0.0001652708038462102,-9.3219663452505e-05,0.0005344733176082918,,0.0005710117769544697,,,,,,-0.0007523737021532418,,0.00013510241573928318,0.0002982384590260863,,,,,-4.1536042921208895e-05,,-0.00011147200742583033,,,,,,,,,-0.0003616104225647761,0.00036848863113110586,-0.00034387303555488154,,,,,-0.0009370032705586862,,,,,-0.0003847260559650377,,,
2014-02-28,-0.0004825072276810001,,,,,,,,,,-0.0006067903524762759,-0.0012774529313653931,,-0.0007141633688255876,,,0.0002907547739993574,4.845447779821214e-05,0.0002293691441305126,-0.0005840882049498743,,-7.928376164883343e-05,,,,-0.00025837499804671235,-0.0007532738379062248,,,,-0.0004391672309337058,,,,,,,,-0.000876878693572539,,,-0.00010925062986756999,-1.7656250760258652e-05,-0.00016369282953446546,7.94003981404883e-05,-0.0003748286998039744,0.0003255776848735811,,-6.39493929816258e-05,,,,,,-0.00031003663769819424,,-0.0012378239060447955,-0.0016224366069068786,,,,,-0.0001832760270377397,,0.00015223568385309833,,,,,,,,,-0.00074245692721156,-0.000841729169260576,-0.0007671801703686507,,,,,-0.0007739765679364608,,,,,-0.0008432330046869046,,,
2014-03-31,0.00027387138457825105,,,0.0010098249568536543,,,,,,,0.0007847225158704306,0.0005995583681495112,,0.0003196028998958021,,,-0.0008270590861745849,-0.00014405678758556417,-0.0009683897489365527,-3.8024826499598942e-06,,-0.00025670328888286744,,,,0.0013053773706670955,7.19045720371971e-05,,,,3.8216295530004895e-06,,-0.0013391431200168139,,,0.0014184088258187243,0.00042938950196605956,,-0.00012800173933271154,,,-0.0006591464397013339,-0.0002644245469874704,-0.00019736289874888168,-0.00024106689336701053,0.000245582795210235,-0.00020058061560729675,,-0.0002622363425711373,,,,,,0.001993267033684504,,-0.0009763732310772819,-0.0005187646388222961,,,,,0.0002375619273163,,0.0011356852175047694,,,,,,,,,0.0004154524487234255,0.0005786604352595177,0.000420059305783218,,0.0010360769341111458,,,0.0005633643808824497,,,,,0.0005220916386953422,,,
2014-04-30,-2.240579879129406e-05,,,-7.69153413112358e-05,,,,,,,-0.0005377026589768302,-0.0002835569428327405,,-6.975283198213234e-05,,,-0.00015663637883852938,0.00012202835775481418,-9.639936391456302e-05,0.0001184410893312095,,0.00040863613892685747,,,,-0.000302570409792699,8.828250203470327e-05,,,,0.00012385868263653705,,0.0003034801387966706,,,-0.0016928416545068535,-0.00016776913206775843,,-0.0005089391664255085,,,0.0007509522527601546,0.0002673175281699353,0.0003191083702099543,0.00036553907484361504,1.7968566839769395e-05,0.00016050481484854005,,-0.000429678410254686,,,,,,-0.0013218804526906776,,-0.0004529989150904439,-6.472245369827666e-05,,,,,0.00019379665956223777,,0.0003049527510838301,,,,,,,,,-8.532221870971981e-07,5.546453135037819e-05,0.00017635340987972418,,0.0015590293646263536,,,0.00045609639445706024,,,,,-0.0003118982737252698,,,
2014-05-31,-0.000221065281457891,,,-0.00015717597904004577,,,,,,,-0.00041284993002454296,-0.00011800590578563415,,-3.4312679897018384e-05,,,0.0006071549243313654,0.00017674303553685117,0.00012163921174166785,0.00020571178094205714,,-0.00024385970959891337,,,,-0.00043537363472369675,-0.0001830400941735069,,,,-0.00015976876527184228,,-6.336136335154837e-05,,,-0.0002036343804411684,-0.00021017640093993985,,-0.0007886072502055065,,,-0.0002471809631218878,-0.00014588908403778504,-0.00025451937007069634,-0.00021969304293594698,-0.00036283906688341683,-0.00024676057042699985,,0.0002281048439219104,,,,,,-0.00018409836751126545,,-1.3667541867728022e-05,4.400145219570852e-05,,,,,-0.0003536240862013407,,0.00024885951822132814,,,,,,,,,0.00017393637444350295,4.659090875874682e-05,0.00015442547073846814,,0.0003494812794535916,,,0.0001026911017397929,,,,,-0.00025816463448883275,,,
2014-06-30,0.000376866782683294,,,-0.00011693569512622202,,,0.0006622419870713001,,,,9.489631546939345e-05,-0.0001902103713452829,,-0.00011385243614819753,,,,0.0005187767963918666,-2.5700515591518232e-05,0.0002989155049230418,,0.0001608980779346522,,,,-0.0001236640356454597,0.00011119685684064078,,-5.570539472834415e-05,,-0.00013984877951688502,,0.00016726234613503838,,,,0.00014152859612043614,-6.659620686719564e-05,0.00018290609295279408,,,-1.8343742660738503e-05,8.507829914325948e-05,9.421355471576498e-05,0.00032862717803194185,0.0001454595970715957,-0.0007027982998012261,,-0.000226271201198586,,,,,,0.00019452253719595203,,0.0001855635878681907,0.0003359702968908748,-0.0003267578528212274,,,,0.00010817247235575093,,0.000307747524589669,,,,,,,,,-1.1653330540968894e-05,-0.00021149381428318796,-0.00034614699797700255,,,,,-0.0007447588324469147,,,,,-0.0005502782921177486,,,
2014-07-31,-0.001313925258493021,,,-0.0005400136582709826,,,0.0003749328483525785,,,,-0.0006850722490135792,-0.0006859746746485226,,-0.0006095787523551557,,,,-0.0005076765006687596,-0.00021086163400605896,-0.00012021198479716793,,-0.00029303104097049823,,,,0.0001563417788237083,-0.001253596330321136,,-0.000309614403414668,,-0.00019355997079246177,,-0.0002287416131127215,,,,-0.000258393526160099,-0.00025136069712911177,0.0007512690693052619,,,5.4097507989640296e-05,-0.00013374571955409846,-0.00027915896850477703,-0.00023974601707918845,-0.00020873861640972863,0.001359045741935872,,-0.00044019756474221065,,,,,,-0.0005085755543515227,,-0.0005625869260070964,-0.000521631727101098,0.0015829954940903396,,,,-0.0002553089558394347,,0.000392444905392615,,,,,,,,,-0.0007262951873027233,-0.0007520861963142411,-0.0008031322536337104,,,,,0.000307375832015926,,,,,0.0008034972591418878,,,
2014-08-31,0.00086502283501546,,,0.0002831906827111703,,,0.0008604015469784286,,,,-5.791666241809308e-05,-0.00011193319911712082,,0.0004286550914853502,,,,4.1537618894711845e-05,0.0005204577741555318,-0.00010977891309538915,,0.0002718188656781323,,,,0.0003933409885519588,-6.812934658587825e-05,,-5.017903803809455e-05,,-6.164649360408641e-06,,-0.0003436290027688342,,,,0.0001186088077370863,-0.00016123994766420645,-0.0005527369195829317,,,-6.427008782175497e-05,6.001039086752102e-05,6.042446057314903e-05,-0.00037245878236074606,-0.0003488697938295778,-0.0007040735257855273,,0.0004598517577109876,,,,,,-0.0006587736247543447,,0.00023366125845181092,0.00014538371351179317,-0.0007049845273357882,,,,-8.640506993213163e-05,,-3.68519643788078e-07,,,,,,,,,0.000323275029408944,0.00030458102987525164,0.0004960887296306662,,,,,-0.0008072977850812682,,,,,-0.0007358804184238678,,,
2014-09-30,-0.001168484163839853,,,-0.00020338479633258655,,,-0.001990922320228544,,,,5.7741486937517294e-05,-0.00011170117972272499,,-0.000340728359440287,,,,-6.738383992456096e-05,-0.0005176892347114646,0.0011550585771199775,,-0.0008314238783040571,,,,0.000753284373879025,,,-0.00031480874250582275,,-0.0004964229342055341,,5.928051390590092e-05,,,,-0.0003169511320554358,-0.00013492082326659548,0.0011387950326210061,,,-7.393132715902567e-05,-0.000603721045658985,-0.00039811838168448115,-0.0004973655174788231,0.0004519006788379559,-0.0009453083730276081,,-0.00022006897156503797,,,,0.0019103871597219155,,-0.0007209254629715286,,0.0001850014738616874,0.00040262069325028874,3.7503012264453863e-06,,,,-0.0003929059166763391,,0.0010378334942159869,,,,-0.0006569246387754333,,,,,1.552156576377139e-05,9.645657260349939e-05,-0.00012804732692321276,,,,,-0.00027718941035315245,,,,,,,,
2014-10-31,-0.00042009742340267086,,,0.0003408510207279384,,,-0.0008859838024873618,,,,0.00030392520370311945,1.320599242063341e-05,,4.515425965532578e-05,,,,0.00031195288514528394,0.00013997540863457139,0.0002590202968197934,,-0.00019705631058891687,,,,0.0009496829332599012,,,6.401191173117723e-06,,-0.00014438777543512724,,-0.00018572237387707872,,,,0.00019342771641845454,-9.993149842388074e-05,-0.00040057716745888275,,,-0.0004832599749081089,-0.0005634747810061915,-0.00019192857943397382,-0.000138263075037056,-1.210066100089351e-05,-0.0005284771865210682,,-0.00016062259747019446,,,,0.0011278798432010056,,-0.00040035810469128214,,-0.0008092240037721131,-0.0007148793193680386,-0.0013866208261345018,,,,-0.00016110425460573116,,0.0008547918195312183,,,,-0.002227596836366605,,,,,-3.3077219635306784e-05,0.0002450106644148834,-6.924583456443707e-05,,,,,0.00086282071183721,,,,,,,,
2014-11-30,-0.0011854414098184211,,,0.00017034456006051392,,,-0.0033094437972346928,,,,0.0002890492212490732,-0.0006267214210449084,,6.811112040381445e-05,,,,-0.00028296236313103354,-0.0007183643269431323,0.0005279025384784089,,-0.0005151140425930242,,,,0.0015753099278044763,,,0.00021447129915929734,,-0.00015953430124339158,,-0.00046983004161043983,,,,-0.00047032015595953086,-0.00014491330269911454,-0.0004314869174088886,,,-0.0001301582312777005,-0.00021804374441445267,-0.00014256982571230248,0.00047775371325492206,0.0005872369060370733,-0.00031491846829923334,,-0.00016846246944562175,,,,0.00027318337198123637,,-0.0008556384689527976,,-0.0011641196287463498,-0.0010630744871211318,-0.0013690893755185893,,,,-0.0006526350664826497,,-8.916756619010688e-05,,,,-0.00393825082682334,,,,,-6.387004739649712e-05,-0.00017283594550440912,-0.00021638662603236093,,,,,0.0008223876077803128,,,,,,,,
2014-12-31,,,,-0.002198205789556442,,-0.0011720219490788776,-0.0007638151861248093,,,,0.0008991441096064675,0.0005306406869521503,,0.000811944297063296,,,,0.0010165567106948617,0.0006671214944033654,-2.0203008814477156e-05,,-1.8923556103600145e-05,,,,0.0009441691530031915,,,0.00013443484893037474,,-0.00015563763722829617,0.0008409820320532596,-0.0008324003849362131,,,,0.0010225189955733395,0.0013641556831731796,0.001879093829202219,,,-0.0007723370501997657,0.00029515426579103854,0.0005835095817268217,0.0002129835609368886,,,,0.0015852856919257767,,,,,,,0.00040093493713328664,-0.0036364684732149437,-0.00370222942568277,4.71066696344745e-05,,,,,,0.003628900223872188,,,,-0.0036727666540789035,,,,,0.0009157610598277582,0.0009026592222968302,0.0008175972126119913,,,,,0.003439619053936869,,,,,0.0024704101985433113,0.0026574180643017865,,
2015-01-31,,,,0.0020978009675957053,,0.002081915312348571,0.0018093753795906241,,,,-0.0004312022563317161,-0.0001486088096068637,,-0.00014407984843262914,,,,-0.00019688926373982488,0.0006642685260197183,0.0023893798366431337,,0.0002334818849541848,,,,0.00048162775792401,,,-6.0507903522019716e-05,,-0.00015913017060754063,-0.0002497237883392828,0.001049966073221593,,,,-4.623309735763613e-05,0.0007277872366051003,-0.00046424287722506995,,,0.0007395755201841434,0.00023954011157307665,0.00020942788430330914,8.218309056139762e-05,,,,0.0005474985935719409,,,,,,,0.0003605737558660569,0.0019621140309216585,0.0013429740109646158,0.001399174839338967,,,,,,-0.0008967273765829131,,,,0.0037784324707070254,,,,,3.1294176438330596e-05,0.00021938379782062274,-2.659544956625649e-05,,,,,0.00012284455726241632,,,,,7.463391796986175e-05,-0.0017758196570671324,,
2015-02-28,,,,9.797878109795009e-05,,4.324304810938043e-05,0.00026430622497419125,,,,0.00030669611193407526,2.3421715664460532e-06,,-6.554348960576471e-05,,,,-0.000614249822611802,-0.0010446958492996686,-0.0008383955300759199,,-0.0003101017580291892,,,,0.0023384740674223343,,,0.0006206221830810772,,-0.0009146654603575,-0.0012395481650507019,0.0002785088392236707,,,,-0.0002964623543246792,0.0003979519862357392,-0.0009751605362167585,,,-5.5369069646093917e-05,-0.00014114678838008713,-0.00022786194240127802,-0.00016522531487130106,,,,8.092482376281054e-05,,,,,,,9.977040232688954e-05,0.00043327071819429714,0.00031311703057680434,-0.0003269750182818649,,,,,,0.0006754530176324836,,,,-0.0011474084882970204,,,,,4.278210157571416e-05,0.0007244208857947242,-2.8636238138518736e-05,,,,,0.0016236440038376505,,,,,-0.00011152327381017104,-0.0002816851581635793,,
2015-03-31,,,,0.0003332710685749983,,0.0008257771241866684,0.0009019689631949701,,,0.000953886246062844,-0.0008907531419264362,-0.00012768852642465115,,-3.2439877045393984e-05,,,,-4.076008307966377e-06,-0.00015103158009870227,0.0009427214875789743,,-3.230890387876967e-05,,,,0.0013542792306774918,,,-0.0005580518747792786,,0.00017705661804655833,-0.00035539643182159526,-0.0015065663166026605,,,,0.0004404026980225441,-0.0003247439480408644,-0.00028027308405246897,,,-0.00047484232928245954,2.4400862571685777e-05,-0.0002921552985899422,-6.964949959177551e-05,,,9.934682666786867e-05,-0.0012394772875796323,,,,,,,-0.0005906990592221428,-0.0006835304946693588,,9.915914823311741e-05,,,,,,0.0005488985145752571,,,,,,0.0002932867305381461,,,-0.00021366561218515831,0.00024934765227748633,-4.248789918424e-06,,,,,0.0009560839384111773,,,,,-0.00011217658777704851,0.0006102034812775961,,
2015-04-30,,,,0.00021386345448393904,,-0.0003362290038909422,-0.00010076358135476948,,,0.00023135531869034975,-4.2913755348874994e-05,0.000150675580938194,,0.00034838631574386693,,,,0.0011672401410864474,-0.0012424395471286,0.0008226754522636718,,-0.0007137926328864301,,,,-0.000612402870901329,,,0.0012979038713187261,,-0.00017019621325449567,-0.00010738973491350767,-0.002771732094889803,,,,0.0010774551558463447,0.0005563665162802479,-0.0003284300418348965,,,-8.957544416321425e-05,-0.0012289627533390802,-0.001990029478139264,-0.0004338945585015875,,,-0.0008934356812989234,-0.00036255365203838156,,,,,,,0.0009384799590095422,-0.0027076375285547856,,-0.002698046623265115,,,,,,-0.0008476782453308671,,,,,,0.0014022645834089946,,,0.0001249077882712298,0.0008559807978683833,-9.390093470913216e-05,,,,,-9.59011776276118e-05,,,,,-0.0008872935854987148,0.0020209948345495635,,
2015-05-31,,,,0.0008634131962835852,,0.0022406754088682155,0.00027514352758114364,,,-0.0003314273787807474,-0.000660051780289467,-0.00034321021237957176,,-0.00019327186902901247,,,,-0.0021159811674760364,0.00024022953485178155,0.0014781339463213127,,-0.0007042953779779118,,,,0.00017672956106741712,,,-0.00045030685291276096,,-0.00047159278429087677,-0.0005588191975969241,0.00024258784624847285,,,,0.0005659394465364701,-2.5625251439115998e-05,8.70973884048858e-05,,,-0.00026570166434018304,-0.00026678917614610315,-4.487918938234101e-06,-0.00017514204005308556,,,0.0007994337288320158,2.9076397123704005e-05,,,,,,,-0.0010033493126215224,0.003392096333012507,,0.0007370782072047553,,,,,,-0.0018861245813962693,,,,,,0.0006979164816910965,,,1.2777271079320097e-05,-0.0004905052040415447,-0.0003204354684143695,,,,,0.0012327935433707642,,,,,-0.00012561225175766863,0.0008029009894521627,,
2015-06-30,,,,-3.686043486283729e-05,-0.00026299919561264477,0.001226985975328461,0.0019694848033166294,,,0.0024624282530287672,0.0001726490475156243,-1.6359573935024215e-05,,-3.5294303110318974e-05,,,,0.0008543094942953908,0.0002497274404953689,9.29614894358258e-05,-0.00028714977308132156,0.00018662420990933208,,,,-0.001582119943102593,,0.00030922486859853184,-0.00021692809494741524,-0.0014069248748265562,-6.364741004249057e-05,8.907158441111911e-05,-0.0011805666707401608,,,,-0.0003131818647858568,0.00017485254179977933,-0.0003585385154581682,,,-0.00055733379822216,0.00035914165485027204,0.0003299216760580182,-1.1355493514029741e-05,,,-0.00048454874684363957,0.0007522279144989072,,,,,,,-0.0011560416763374461,,,-0.0016542713092378735,,,,-0.0006616220927297261,,0.0012239389247863752,,,,,,2.1594009583706797e-05,-3.715177838648728e-05,,-1.768175737410735e-05,0.0005802166005877542,0.0001878871934093158,,,,,-0.00014462414605561684,,,,-0.0026319907148924784,0.0005476410695653389,-0.0006843697420207264,,
2015-07-31,,,,0.0004350244904549856,0.00040517566794866374,0.000681314803783838,0.0009459069333325044,,,-0.00296859205040734,2.773970647704055e-06,-2.8061535045379104e-05,,0.0001614457536469426,,,,1.4790372284812657e-05,-0.0006273649671270458,0.0011031906424009378,0.0003084922479305608,0.00026303223289117386,,,,0.002302188484382753,,-0.00018898684833793504,3.3556179575319845e-06,0.0008333851137871055,-0.0007085117985793428,5.642368328164459e-06,0.0011080964140216458,,,,-0.00015736759998579257,0.00045642918184633053,0.0004901330993635908,,,0.0004121750005749463,0.00012145229139856484,-0.00029249481551775404,-4.22739758675078e-05,,,0.00044832587130167573,0.001175496548452359,,,,,,,0.00011358408167242542,,,0.0019316134640896172,,,,0.0006832728793257051,,-0.00045994146517906227,,,,,,0.0008005102577635236,0.0007427769379338678,,0.00026508138312824036,0.0006553691436219638,0.00033136256984874293,,,,,0.00011900825019494505,,,,0.00246244772425166,-0.0004279258526964402,5.274871501107191e-05,,
2015-08-31,,,,-0.00037479405615554773,-0.0008082616137616652,-0.00025697526432905544,-0.0004049987916698688,,,0.0017482164685837481,-0.00043717424310851734,-0.00032593185945336975,,4.850478016228912e-05,,,,0.00015282349017316105,0.0006828696696449728,-0.000614964642198034,-0.0007908477657124138,-3.919958505043404e-05,,,,0.0008503745692818457,,-0.00010247639948350572,-0.00122596573136838,0.00052556418147323,0.0002843060742321705,-0.0007088055073660586,-0.0001967399145555012,,,,-0.00039152864553119836,-0.0004059897073264318,0.00016780418489626512,,,0.0001836651158017978,0.0002711076886421947,-2.0469576321636776e-05,-0.00016152687742661552,,,-0.00026225989042714135,-0.0006833199307927527,,,,,,,0.00019817104572275539,,,-0.0013755735062103954,,,,-0.00018717090523414953,,1.2770422168041214e-05,,,,,,-0.0004488053492776369,-0.0006343507017786672,,-5.320967834238748e-06,-0.0008180448157633151,-6.506740068923638e-05,,,,,-0.00021482715045369817,,,,-0.0016440218095741398,0.0005394375827996389,-0.0017601811397787376,,
2015-09-30,,,0.0018595313397598316,0.00035942135088234815,6.739132479909932e-05,0.0006395407713681462,0.0007352751924543675,,,-0.00022837612928836083,0.00017554674579833756,0.00011529374571205718,,0.0004478387303100437,,,,0.00020255707013931207,,2.5504668389806797e-06,6.911975721194831e-05,0.0005155832211109082,,,,0.0007497818858137914,,-0.000230156888111938,,0.0005460119401033294,-0.000649483852096489,0.00063308695416612,,-0.00026744237385484287,,,0.0001673931582270288,-0.00014220390308202673,-0.0007202918326082387,,,,0.00033597916658199215,0.000142337960933305,0.0002367995141258927,,,4.424294357855442e-06,-3.153559690300456e-05,,,,,,,-3.296400475803117e-05,,,,,,,0.0002166424231080095,,-0.00016699376370918012,,,,,,-6.0018801464051044e-05,0.00024875639844510654,,0.000280147258103904,0.0004943604265702184,0.0003093950304873101,,,,,0.00010899117360084846,,,,-5.5678833418976075e-05,3.8188834347840974e-05,0.0007111135427593111,,-0.0011369965695901569
2015-10-31,,,0.0019102219879829434,0.0004931213697298826,0.00016296897887242972,0.001022849204073132,0.0015409680569862623,,,-0.00014871584342576063,7.689872003609505e-05,-1.0928827229051275e-05,,0.0005303008403085419,,,,-0.0005499419323509647,,0.00062876520437957,0.00020931308722414678,-0.0009184291741628712,,,,-6.822547203575703e-05,,0.0006244520825749721,,-0.0003304168015495122,0.00027455801770804233,-0.000526298414285524,,0.00012129414348665648,,,0.0002052258781101856,0.00017861000993349294,-0.0007160978117060631,,,,-0.00031062276400046585,-0.00020765691323546635,-0.000131460309536813,,,1.0928334122705192e-05,-0.0002981056026281928,,,,,,,-0.00015108416806812098,,,,,,,9.382665312312468e-05,,-4.927221296663698e-06,,,,,,0.00020695407490882298,0.0005954646481965494,,0.0004906000630222221,0.0003430362941670775,0.00039041228864713595,,,,,0.0004265458669207446,,,,0.0012137612698263816,-0.0006239730086966202,0.00020335016526677076,,-0.0018685481734472015
2015-11-30,,,0.00010686995566193993,-0.00019441202293907415,-0.0001952888459793712,0.00032273526794226163,0.00028977471230074965,,,-0.0009021314252294099,0.00024111056688237497,0.0003639540275910737,,0.00035654148609857197,,,,-0.0004725640212521301,,0.0001835927855562144,-7.330322124790829e-05,-0.00048144919666090675,,,,-0.000900866943878604,,0.00014109942775258877,,-4.360151608280542e-05,-0.0002541896499661051,-0.0005133407197307582,,0.00022901190870644626,,,-0.0003764530439591146,-0.0005660389051275645,0.00035882786733245237,,,,-0.0006493471363124257,-0.0007837205579221806,4.300819427496097e-05,,,0.00021659958284146936,-0.00031317359179516114,,,,,,,-0.0003341903108597925,,,,,,,-0.00043938856611576405,,-0.0003707702378263641,,,,,,-0.0008585454731166185,-0.00028991569355451223,,0.0001779482653488425,0.0001040401445154097,0.0003481112776004254,,,,,-0.0005481543437013643,,,,0.000712906641323014,2.3996769307517692e-05,0.0003503658286973042,,0.000888643570371453
2015-12-31,,,0.00226062593095112,0.00010069991762053135,-0.0007034257029107165,-4.600651911909339e-05,-9.349477019163676e-05,,,5.695424325097672e-05,0.00013087797353996436,0.00010844914502084858,,0.00047379112679348635,,,,-0.00029880291881676755,,3.8322322656320766e-05,-0.00019539580910719496,0.0005070115480375549,,,,-0.00013548795500040729,,0.00031570774041275187,,-6.593390792553218e-05,,0.00032536286769573747,,-0.001086685925967292,,,0.00033836074559920516,,-0.0006385141761663012,,,,0.00021673695107913773,,0.0003110405334820573,,,0.00015451056858894037,-0.000449047706809428,0.0002655301152859125,,,,0.00025397006457019176,,-8.030770279568448e-05,,,,,,,-0.0002800636109118773,,-0.000873208786092676,,,,,,7.110265668502718e-05,-0.00057617439416406,,0.0004302279598299427,0.0006417856811083461,0.0006372349953723974,,,,,-0.0002642032559491144,,,,,0.00033173978114070437,0.00036400153248975094,,
2016-01-31,,,-5.913360590218464e-05,-0.0004169781854730714,-0.0008692349165058307,-0.00029409532367375985,-0.0003628637757597154,,,0.0003561791264339731,-9.158226286254353e-05,-0.00029596252326607395,,0.00027488434802463996,,,,9.606833338902482e-05,,-0.00016925390116667393,-0.0002130810412339022,0.0015074906054131853,,,,0.0003053486187571276,,0.0006519762207113356,,0.0005441766129702874,,0.00012921216686122785,,0.0005255569757673642,,,6.615749826461072e-05,,-0.00015831313119173688,,,,0.000736852381475429,,0.0010664800123975087,,,-0.000228997088422917,-0.00013302861167101282,-0.00039546875208990294,,,,-0.000570328895627832,,0.00014464517938982162,,,,,,,0.00013532931611200257,,5.179036703751276e-05,,,,,,0.00012472515409386918,-7.695325455506121e-05,,0.00013568731864315638,-0.00010027124674173242,0.0001454357667908834,,,,,0.00016272324933081672,,,,,0.00019314478348260677,0.0006817019346640872,,
2016-02-29,,,-0.0003168541217681413,-0.0002157043983641057,5.192860416400467e-05,6.92175465554973e-05,3.971903613905092e-05,,,0.0004321617078201997,-0.0007775187732464861,0.0001200721943383656,,0.00013583369268138287,,,,0.0002325137607525067,,0.0002854215081985748,-0.0003531863873876375,0.00037793440072244705,,,,0.0001538698862799359,,-0.0003339485463689956,,0.00023836581648152747,,0.00029114088141428326,,3.3306051663522394e-05,,,0.0002368233063422902,,-0.0003361157144606582,,,,0.00019532021392286317,,-0.00020670359826214634,,,-0.0002338697251448421,0.000306749388018128,0.00023932426829209054,,,,-0.00016257316094289609,,1.798924599447951e-05,,,,,,,-0.0002760357419301924,,0.00019874510416335216,,,,,,-0.00017635540950304595,-0.0004451604273427578,,0.00012932169900226298,-7.69136531924816e-05,0.0001376670216372339,,,,,1.8091932354351198e-05,,,,,4.688559135126507e-05,0.0005140466122524388,,
2016-03-31,,,0.003687592689504646,0.00031060789959550634,,0.00048202382507105986,0.0009467760545198086,,,-0.0012682436746645428,0.00030603212357643503,,,-2.120646788777318e-05,,,,-0.001005519831939972,,0.0005605044190129002,0.0005484632462787313,-0.0017526994541572337,,,,-0.00023084326222800583,,2.7100367558232763e-05,,-0.0005390078326969512,,-0.00029546326776453286,,-0.00042754699894707583,,,-0.00038607226248383626,,0.0002223589659479894,,,,-0.00047493815137291024,,-0.0002273607666403146,,,,,0.0006390176864551844,,,,0.0002428560356416346,,-0.000541256382251649,,,,,,,0.00019251491779967496,,-0.00019307207359457726,,,,,,-0.00012866230185109033,0.00019502116447772804,,2.928399923476584e-05,0.000500256225358145,-0.0003112048101607377,,,,,8.238130679465646e-05,,,,,-0.0003225081963749445,-0.0014003426716806256,,
2016-04-30,,,-5.850786340897095e-05,0.00027662693692538285,,0.00022266831917130262,0.00022923440066925296,,,-0.000570711576976202,7.385487376675886e-05,,,0.00046189402408584076,,,,0.0004304415314345709,,-7.797179974194529e-05,8.314355485990024e-05,-0.00017075292151582646,,,,0.0012718044908254379,,0.0002617969644942335,,0.00045805447968705527,,-0.0006745694981292507,,-0.000805707717619119,,,0.00013187138609196708,,-0.0001277189959943636,,,,-0.0006197218003893983,,-0.00024087923832765502,,,,,0.0007858084357528519,,,,-0.0003012129183253532,,-0.00019586906799782183,,,,,,,-4.430603740266375e-05,,0.00024113581135914273,,,,,,2.4837828813503607e-05,-0.00011806854270620424,,0.00023841934946152528,0.00015203615271054422,0.0004746410612688679,,,,,-0.00019542441838465204,,,,,0.00024272917384258758,0.0001297300394577002,,
2016-05-31,,,-0.0007396796770773219,0.00010367647424468736,,7.202970372996114e-05,7.14276063242842e-05,,,-0.00015801502500791854,8.445918870742825e-05,,,0.00028964533041342004,,,,6.979726871441598e-05,,0.00022656601548775337,-3.99044488647257e-06,0.0012120738206124382,,,,-0.0003009469069517657,,0.0004840027352997658,,-6.465263151821166e-05,,0.0010385703644985457,,-0.000995702417534003,,,-0.000312381061284631,,-0.0001492834282945505,,,,0.0015125801303603216,,0.00011379292506859587,,,,,-0.0008310643354200924,,,,-0.0005405969433254036,,-0.0002666224545290055,,,,,,,6.329428798056718e-05,,0.00025191501464653373,,,,,,-2.5059967320663e-05,2.402874748109036e-06,,4.2611324017322544e-05,-0.00040072166389545173,7.094735556993424e-05,,,,,-9.418851827027114e-05,,,,,7.687060486403188e-05,-0.00018206740415645768,,
2016-06-30,,,0.0003319171474684786,-2.7879683665061095e-05,,0.00036061808611489445,0.0002433535943144613,,,-0.0007450891628212493,0.0005857282739483862,,,-0.00014436735339473208,,,-0.00024588858410074107,-8.965874233663711e-05,,0.0004483281068372269,0.0006788556218527495,-0.0001485404199855054,,,,0.001401679430080489,,-0.0004816525126359741,,0.0004255315808831045,,-0.0013415035818447028,,-0.000636070976624637,,,-6.730441241556955e-05,,0.00014048737850522685,,,,-0.0003327064472738787,,3.362264331848949e-08,,,,,0.0002570644258780857,,,,,,-0.00041544791422677815,,,0.0009449957291204172,,,,0.00037870032813680396,,-9.670644094319335e-05,,,,,-0.00037705081258122125,0.00011093632930428047,0.00018548243070014446,,0.00015795737905539983,0.00031942080542271415,0.0001599502327786736,,,,-0.0002031564830604458,-5.551420866100324e-05,,,,,9.523209018148215e-05,0.00011483688894493009,,-0.0004953168320351972
2016-07-31,,,0.0007038464508275937,0.0006692719784847077,,0.0003960096792410745,0.0004827373544499996,,,0.00016222319635420625,0.0009208459382819372,,,0.0002486933402039713,,,0.0006867049357690055,0.00012954502335648724,,0.0008050746734606463,0.0008945452397271867,0.0001322219455680477,,,,0.0003495203996785143,,0.0002557793827436749,,0.0004541744354005644,,0.0010879312860305986,,-0.0005613744542687469,,,1.1486086499543583e-05,,-1.7381043929558633e-06,,,,0.0006702910602183147,,0.0002254648953846539,,,,,-0.0001755006807282963,,,,,,0.00021444041119493123,,,0.000988558508393028,,,,0.0005118989793463329,,0.0008844192446795786,,,,,0.0013802839758788757,8.45229109915591e-05,0.00029738549746438604,,3.0306792962575283e-05,0.00012771978346680628,0.0003294428449538646,,,,-0.00015748955805153526,0.00054969882228228,,,,,4.298123088279361e-05,0.0003358198318660126,,0.0004946723503185532
2016-08-31,,,0.0004012999670567794,0.00015538212954666224,,0.0004858523743883551,0.00046423059469377745,,,-5.822667878430858e-05,-0.0006547059154054921,,,-0.00019638246747429307,,,-0.00011847528327152434,-1.9378570144668998e-05,,-0.0003068518068545011,-7.137497831165837e-05,-0.00013640963239749685,,,,5.247601378889112e-05,,0.0005705640602053502,,0.0005455698671414386,,7.580493291756253e-05,,0.0006454658914943457,,,-6.951853579372762e-05,,0.00014043049672986705,,,,-0.00027335292811491135,,-0.00011600730009385866,,,,,-8.082274481376235e-05,,,,,,-0.00010551650645038518,,,0.0002228812855643698,,,,-0.00020427334179353614,,0.00010286684869887683,,,,,0.0005098460309243329,0.00011123309476618409,0.0002211274135358576,,9.138891651394146e-07,-2.969055729873248e-05,1.5502021471283486e-05,,,,-0.0003464834393965489,0.00020760013260398913,,,,,-0.0004455178285250458,1.9567905823514562e-05,,-0.00017404650162332935
2016-09-30,,,-0.0006215779149796277,0.00014447420620301719,,-7.265905342232995e-05,1.4965633015297706e-05,,,,0.00040685267793085916,,,-0.0001253135465096913,,,6.663504883602171e-05,0.00015460002317956798,,9.470669289320228e-05,0.00020834893502323838,,,,,-0.00025870474133606004,,0.00010219055255222856,,-1.0611103092947714e-05,,8.801845058315054e-05,,9.162922559154048e-05,,,-7.631067157308652e-05,,-0.0004618315620675763,,,,0.000471856912902575,,0.00040963264432090045,,,,,-0.00012490286293007652,,,,,,,,,0.0015432232302353907,,,,0.0001440260142995417,,-6.856788766994538e-05,,,,,0.0001968043466612563,6.421405959534102e-05,-4.298569063829792e-05,,-0.00020647314298530034,-0.00010482846487422861,-0.0002981679755121952,,,,-0.00020892532861308623,-0.0003157599505684688,,,,,0.0002126191626181322,0.00044527169776321625,,2.5949098302111702e-05
2016-10-31,,,0.000815491759843818,-0.00038832035978044155,,0.00010746886629250897,0.00014681653547071199,,,,0.00018949787501843488,,,-1.4073039698803578e-05,,,0.00035766464663876786,0.00016319755273477726,,0.00010853112841187919,-5.528745066370705e-05,,,,,7.302547031484061e-05,,9.948665679541946e-05,,-0.000308452086615631,,-0.00017848529149137337,,-0.0004613498736035092,,,2.6736083357465498e-05,,-0.00015261167540148033,,,,-0.0002961068202376034,,-0.00030677236738654374,,,,,5.2916901945519546e-05,,,,,,,,,-0.0018249428064096174,,,,-6.013217940142473e-05,,0.00033671772898176666,,,,,0.0003835160022756117,0.000257407494190824,-0.00015474312785764642,,0.0002289086671609255,3.646789974178113e-05,0.00012919487093309087,,,,-0.0003094682218975107,-0.00016956427204510368,,,,,-0.00010120527219760333,-0.0003605178402445075,,-9.056862028759607e-05
2016-11-30,,,-0.00040258173806431767,0.0001675702397162128,,-0.0004432855155574644,-0.0005862014944259462,,,,-0.0005076188943173878,,,1.7590819995578535e-05,,,0.0005831520350953315,-0.0004335519728087258,,-0.0004462953094076358,-0.0007995875795619941,,,,,-0.0006073669550966359,,-4.874854826366159e-05,,-0.0003319027740129966,,0.00011748780133492061,,-0.0005595596347372315,,,9.148538061920289e-05,,-0.00035567435143986435,,,,0.0005316420999023381,,-0.0003685297756818841,,,,,-0.0003832434773014892,,,,,,,,,-0.0007614560553070523,,,,-0.00018290428441013225,,0.00013286784558526376,,,,,0.0009162917717157399,0.00017848563252923706,-0.0001958314982704589,,8.281123382413333e-05,-6.797779988488167e-05,-5.697790726198533e-05,,,,0.00020105648048572626,-5.938556113221256e-05,,,,,-8.996206143960302e-05,8.11843604405007e-06,,0.00019532627840580216
2016-12-31,,,2.506103300957556e-05,6.402565323883912e-05,,-0.00017005696211619067,-0.0001531682124729546,,,,0.0004988022551986584,,,-0.0001336933036471695,,,,7.877352732401713e-05,,-0.00029470926562437985,-0.00027670653702450385,,,,,-9.660776658415011e-05,,0.0002465664653741478,,0.00018203421498476558,,0.0004993543359477386,,-0.0003340485811453057,,,-0.00019834205710004158,,0.00019847221698634832,,,,-0.0005916484679056303,,,,,,,6.063852327909831e-05,,,,,,,,,6.078187463403762e-05,,,,1.3856836155453656e-05,,0.00037096137423511225,,,,,0.0005356831116002577,0.0003146956822668669,,,-0.00045511749895258037,-7.310220636373153e-05,-0.0001256485279539057,,,,7.79811168443867e-05,0.0001119865176553027,,,0.0007901648214789615,,-0.0005030168934432824,-0.0001986729302835979,,4.099663108590571e-05
2017-01-31,,,0.000562524334091409,8.737642378069803e-05,,-0.00041941552790638296,-0.0002172869389819533,,,,0.0005679604836769358,,,0.00047873863760098144,,,,9.605720245729394e-05,,0.0004602189300390518,0.0005271751844899466,,,,,0.0005232017668267742,,0.00044441259439631,,0.0004353786322160753,,0.0011512423979790176,,-0.0004930358431374874,,,0.0010773958767526408,,-0.0006445199307046983,,,,0.0006294385726222409,,,,,,,-0.00037534804356743906,,,,,,,,,-0.0007326263178409816,,,,0.00038184220388426935,,0.00022002561618081017,,,,,-7.052073044646693e-05,0.0006338709953517361,,,0.0012320850388732655,0.0007499941273131933,0.00047702865917214927,,,,0.00035014538455439874,0.0003024529553545289,,,0.001585567344332316,,1.3857199934597806e-05,0.00052670796211573,,-0.00012882086944468287
2017-02-28,,,0.00014648168832151722,-5.076883964385102e-05,,0.00012199533569773651,9.849349230893397e-05,,,,-0.00028832835570185737,,,0.00010491961146790803,,,,0.00010515794070718287,,4.7002180904646245e-05,1.4005778442492308e-05,,,,,0.0003562189323928172,,-0.00014804492683217962,,6.592042248414198e-06,,-0.00030736321865831157,,0.0006011780283563157,,,0.0004153124422140826,,2.1248672463316636e-05,,,,-4.8420273419828e-05,,,,,,,0.00013931018348133724,,,,,,,,,-0.0001532373307884824,,,,4.963023065345423e-05,,0.00022983615103914977,,,,,4.510798747435736e-05,-0.0002055583653414186,,,0.00029698914073014894,0.00021931143470362805,0.00017104074559034282,,,,-0.00012567528544000378,-2.1103294602174186e-05,,,0.0001714569598133221,,-0.0001530582335787067,-0.00024691009622756246,,5.45157026311954e-05
2017-03-31,,,2.2544590359778688e-05,-5.1301320582520005e-05,,0.00011292117750480052,9.147371267494714e-05,,,,0.0007123769285925422,,,0.00031187092979380587,,,,0.00038058979652729326,,-0.00025089713725450104,-0.0002338356410221709,,,,,0.0006721770510811654,,0.0006327525007558233,,-0.0003133545056126916,,0.0007938177458344058,,0.0009357644928977109,,,0.0003100672380968856,,-0.00016411809382300185,,,,0.0007708605855266963,,,,,,,-4.67664972083098e-05,,,,,,,,,0.0006513692813766921,,,,0.0005134350246706369,,0.0002661131719774617,,,,,-0.0006300117655692283,0.0003187408251767611,,,0.0003705369860129298,0.0001527830061793249,0.00033640813305269875,,,,-0.0005912426350817843,0.0005860978760800274,,,-0.00028712792937784706,,3.0657677930657366e-05,-0.000584952901644372,,4.27483588569871e-06
2017-04-30,,,0.00016164836441271346,2.1959007497285105e-05,,-0.00034557325268669617,-0.0004886589244983138,,,,5.30820950247661e-05,,,0.0007981316098245687,,,,-0.0005975714625547379,,-4.130268571253532e-05,-0.0005270184913564148,,,,,-0.000584152928681168,,0.00042150143819734334,,-0.00022873086382757502,,0.001146320470923406,,0.0008360230875370914,,,0.0007516416416138323,,0.0004063661129070892,,,,-0.00031855720870690936,,,,,,,-8.8654404608888e-05,,,,,,,,,-0.0010498181387603998,,,,0.00031804718351362884,,-5.177376056351281e-05,,,,,-0.0005358072546219377,0.0004938881410886441,,,0.0007344620525016551,0.0003827377164481804,0.0007333668122857748,,,,0.000863942390100808,0.0009498715445139226,,,0.00084835024283648,,0.0003271300366114691,-0.0011945761344823985,,-0.0006993284001411157
2017-05-31,,,-0.0007651436077570409,7.253870424551691e-05,,-0.00030683709996692316,-0.00027445723301305734,,,,0.00020141520257206986,,,0.0005833390204012448,,,,-2.0623149525379677e-05,,-6.5519215609492675e-06,-7.64617422821158e-05,,,,,-0.000477503891315242,,0.00017305863479570696,,0.000380685636358687,,0.0006605710662360451,,8.434126098706114e-05,,,0.0005042768645762137,,-0.0007422608537899879,,,,0.00022542039333631143,,,,,,,0.0003554020932744824,,,,,,,,,0.00012400138473693453,,,,0.00033173191151436343,,-0.0003447574392885679,,,,,-0.0006696585765302617,-7.174360897787443e-05,,,0.0006308516779805497,0.0003744499992075105,0.0007735952130004343,,,,0.0002190444853604042,-0.00013786654438702637,,,-0.0006868920858528904,,0.00014108940845786682,-0.0008595642665989417,,-0.0003214718836460555
2017-06-30,,,0.00013694463372001498,0.0006096424233019417,,0.00039445335844085925,0.00043604047294897735,,,,0.0008128750449395907,,,0.0006364416855389144,,0.0005852367664761454,-5.870029264352037e-05,,,-0.0001009746424902793,0.00010637140297408504,,,,,0.0002974371323415621,,0.0007402277939042622,,5.3583064707910144e-05,,0.0004574751594959009,,0.0005065103978855938,,,0.00045697222817583433,,-0.00033776630717457856,,,0.0011192824571746981,0.0015607053936714875,,,,,,,,,,,-2.9649303775040994e-05,,,,,0.00023763725465912307,,,,0.0006018506170889167,,0.00039470103336289,0.00045709042251411766,,,,-0.00034248239016701113,2.6438887013336274e-06,,,0.0006657855691809151,0.00031149693946132967,0.000403566407314142,,,,-2.243355952079645e-05,0.00038253512106887767,,,-0.00016467591391147238,,0.000568681075317422,0.00018106149169456296,,
2017-07-31,,,-0.0008874539111525667,-8.378263748370865e-05,,0.00023978803095645103,0.0003161464551759735,,,,0.001228755628534051,,,0.0009512817112324883,,0.0002700950761772746,0.0001541841032090707,,,0.000514254476519493,0.0005644678478026981,,,,,0.0009504649520798231,,5.286465257272008e-05,,-0.0006418475757095021,,0.00042007376857303397,,-0.0015552110910147894,,,0.0005461391161849043,,-0.0002992773470881722,,,0.00043207699462208184,-0.0007238689350542479,,,,,,,,,,,-0.003940659667579506,,,,,-0.00013757264494211775,,,,0.0006248074562241152,,0.0004733408345195891,0.0005769045492093638,,,,0.00016589425431565407,1.4253632405734287e-05,,,0.000983864656814669,0.0009395600277608431,0.0008516650763806345,,,,0.0009072801258951166,0.00016312468717409302,,,0.0006614125687232016,,0.00031494205825334466,0.0005096836578796676,,
2017-08-31,,,2.1663518542128848e-05,0.0010309019512310979,,-0.0002776455564136839,1.1504674561498968e-05,,,,0.0003547231586238572,,,-5.8284851604467927e-05,,-0.00018179210457507937,-4.4493838519387276e-05,,,0.00018025290387246664,4.0209331943142814e-05,,,,,0.00011996017436928307,,-0.0001369561313158004,,-0.0002486525210577725,,-0.0010504584636459972,,-9.859057939383936e-05,,,-0.00014364672305979808,,-0.00043555511719598644,,,-0.0010661156107825355,-0.0006051504964691844,,,,,,,,,,,-0.0019042634188357404,,,,,-0.00018434728864554642,,,,-0.0001862727959821196,,-9.476497760929709e-05,9.825689731121431e-05,,,,0.00011478275666598861,-0.00035057655916802055,,,-5.428910147542484e-05,0.0001488189306159231,-3.793403395214982e-05,,,,-0.0007206813783812619,-3.4828721512557415e-05,,,0.00015412538935412492,,-3.309393889225937e-05,-2.952918398164892e-05,,
2017-09-30,,,-0.00016125579356472865,-0.00026698269963843874,,0.0003715605687944928,0.0004830899726145782,,,,-0.0006200610208906166,,,-0.00031224420063265826,,-0.00012918149953881452,-0.00033518989802098066,,,4.816493051356364e-05,-0.00020793678250367862,,,,,-0.00035946420188735307,,-6.748159830710713e-05,,6.133777876844785e-05,,-0.00043208599006428497,,0.00037274929298821406,,,0.00010524182914543431,,,,,-0.001640985919418326,-0.0009892311291240588,,,,,,,,,,,0.0008652534772867544,,,,,-0.00014014676274216422,,,,-0.00026599676679804157,,-0.00019990288373532934,-0.00046037699265614736,,,,3.232685169365396e-05,0.00020938952612280603,,,-4.577281715699527e-05,-9.554437255590944e-05,-0.00020872392450481958,,,,2.6099165538898424e-07,-0.0003347833159655114,,,0.00013403132227513085,,-0.00014033271139907396,-0.000707474775041049,,
2017-10-31,,,-0.0002235441336054541,0.0009316025292113293,,-0.00020412712508140492,0.00015684291354466976,,,,0.0008088326015643587,,,0.0009732952531905824,,0.0007723245175261423,-0.0006208700269242581,,,0.0004937473676059369,0.00039584176780795054,,,,,-0.0001542340866662147,,0.0007818556219859259,,-1.8835601879465516e-05,,0.0003128115714577008,,0.00018495160326021127,,,0.000769144459049805,,,,,0.0008354300806495705,0.0011391094415810427,,,,,,,,,,,0.0009513954071492444,,,,,-0.0009961101259689054,,,,0.0005969523828447499,,-0.00020708558921326127,0.0005261611516731951,,,,-0.0005123123677235116,7.125141150800414e-05,,,0.001045277119200792,0.0009223538401032343,0.0010740947795117024,,,,-0.000172412907099388,0.0008580129557141606,,,-0.001879747813435813,,0.0006157866097646081,0.0007771715835891716,,
2017-11-30,,,-1.9970447198951288e-05,-0.0002864677371379805,,-0.0002673094254138979,-0.0004049479614671993,,,,-0.00020786798941489578,,,0.00029483326778356354,,-0.00019734747140428378,0.0006172569473741245,,,-0.00014442215952754786,-0.0004185198759225537,,,,,0.0005781352952599756,,0.00040874563046437316,,-0.00012413145487088592,,6.322123948014514e-05,,7.294103445733345e-05,,,0.0003284793733985196,,,,,0.0006069469561550094,0.00045033445403553106,,,,,,,,,,,-0.0008973772291781928,,,,,-0.0003786108059618392,,,,0.0003667934667636258,,-0.00011250019996143552,0.000595985519550354,,,,-4.232703486835608e-05,0.0002006268746344521,,,0.0003408244388830793,0.00048114502520309844,0.00014927081799318077,,,,-0.0010810229965978943,0.0004311785724548681,,,-7.192784419606646e-05,,0.0007783420738888036,0.0010008638653325797,,
2017-12-31,,,-5.237065001923126e-05,0.0001977084133830305,0.001076928220089792,5.861964629964684e-05,-0.00013334489940858272,,,,0.0002506505171608876,,,0.00021835597621443963,,0.0005462287137726351,,,,0.00013354857114094296,-3.9033655062456234e-05,,,,,-0.00041415005003375954,,0.0004524199208927183,,,,0.0014580702581590166,,0.0004513099328896866,,,0.0005918509023227837,,,,,0.0007996989132282599,0.0014482688357804778,,,,,,,,,,,-0.00012352283629460292,,,,,8.766214030212723e-05,,,,0.00021320591893803293,,-5.794380357826092e-05,-0.0002301808188614239,,,,-0.0005157894732416474,0.0006291297483754137,,,0.00021961057415693203,0.000441417443437023,0.0002241225645408335,,,,0.00014080653775636054,0.0003319148801110997,,,-0.0009043900689757992,,0.0006175549893370494,0.00024536043326727966,,
2018-01-31,,,-9.399906877566061e-05,0.00040839940427810583,0.0011381998901263252,0.00021030269848244893,2.9205870210630327e-05,,,,0.0005816414413840263,,,0.000561908981210893,,0.0008666885155427358,,,,0.00012593277243223063,-5.382374025588486e-05,,,,,0.0017905972650214474,,0.0005108319066550364,,,,0.0010053479741517495,,0.00045089739778932656,,,0.0008111975445349627,,,,,0.0014538540789470291,0.0021304526159730943,,,,,,,,,,,-0.001582736417109163,,,,,0.0003869074572809504,,,,0.0010455787689086988,,0.000720270884154521,0.000887799841697688,,,,-0.00032928661526926395,0.0003196475867703466,,,0.0006003475115569508,0.0009130787111156568,0.0006357731348004047,,,,-0.000763271084548523,0.0007669055180499492,,,-0.0008019947424794025,,0.001250311218291306,0.0008181734323215506,,
2018-02-28,,,0.0006261807587799808,0.00020098586402679406,0.0004727763419636522,0.0003653080898492462,0.0006308169285159901,,,,0.00012723790082281306,,,-0.00012022482082227357,,0.0003555417462483393,,,,0.0002028911964552994,0.00011354704928490721,,,,,0.0004764981994203613,,0.0003315583741542226,,,,0.0002023974316511683,,0.0006792614805516058,,,-0.0003488281757662105,,,,,-0.0003561225087156219,-0.00029793209032193,,,,,,,,,,,-0.0005687454378850485,,,,,-0.0005491282085641821,,,,-2.1162845055048424e-05,,-6.861819415399042e-05,0.00021417389912769622,,,,-0.0005613666002525834,-0.00015549438695501986,,,0.00016072993992000213,-0.0002112557213774254,0.0002764384559239508,,,,-0.00040348925527839997,-0.00035123064965679473,,,-0.0007853271686041753,,8.418021755230999e-05,7.320494196692995e-05,,
2018-03-31,,,-0.00041043189448474745,-0.0004130187249471752,-0.0006516355208671465,-6.120329601431476e-05,-0.00010613217425682106,,,,-0.0013681799379287813,,,-0.00034766641674188623,,-0.0006613964595783073,,,,-0.000364394457173107,-0.0002422824385806363,,,,,-0.0011121673554689538,,-0.000737314673095103,,,,-8.354211352454309e-05,,0.00021350840586523498,,,-0.000705912549649055,,,,,-0.002545688741570104,-0.0007016166888296669,,,,,,,,,,,0.0007391771242943937,,,,,0.000711069109375827,,,,-0.0007731285305403726,,-0.0010088251793326972,-0.0006428566533332793,,,,,0.000488483381640161,,,-0.0002967113041931061,-0.0006409650615059807,-0.000291890991707595,,,,-0.0008383503621435238,-0.00020514244254451648,,,,,-0.0009900010485518113,-0.0015538265134516047,,
2018-04-30,,,0.00029525408863844186,-0.0005271548939457877,0.0001368921496947089,-5.5472721110000014e-05,0.0002562048673888344,,,,8.769064104446825e-05,,,0.00048270618220616623,,7.291369329441954e-05,,,,-0.00036346308972976004,-0.0006562869344029158,,,,,0.0006690547034268208,,5.2686330060603384e-05,,,,-0.0003043776625960784,,-0.0012234576348418575,,,0.0003919284761824439,,,,,-0.0008135584505379738,0.0005443120811965337,,,,,,,,,,,0.00042914924829595116,,,,,0.0005092990371680348,,,,-0.00014308671404113165,,0.0003758540246726556,-4.8820044510326e-05,,,,,0.0005365395951905911,,,0.0006349091619881744,0.0005753607850290793,0.0005734446847855449,,,,-0.00016709078317517266,0.00019412152590704313,,,,,0.0004913549061006942,0.0019793048106809567,,
2018-05-31,,,4.731785547842473e-05,0.00023912430510964486,0.000696298522936021,0.00032012561234332203,0.0005107191807452166,,,,-0.0005635292648060569,,,0.00047620014285892486,,0.00018167726325673812,,,,0.00022090010261073168,0.00010351103913764841,,,,,0.0007714763159771112,,0.0005763389899218975,,,,0.0011149954135422748,,-0.00012073301642292301,,,0.0006268309885758233,,,,,0.0007748466469464549,0.002136034695305213,,,,,,,,,,,-0.0004138785324047339,,,,,-0.00022687090035675272,,,,-6.345859039889807e-05,,-0.00030269582973989497,0.00011425022675872753,,,,,-6.870594957448385e-05,,,0.00037572643031531534,0.00012645384612860062,0.0005143746136779978,,,,-0.0009490510210858426,0.00029024784331775877,,,,,0.0009326058373327311,0.00088867646634057,,
2018-06-30,,,-0.00022440550691511424,0.000534891678525357,0.00035139270993340504,-1.2593760653220034e-05,6.747299578210259e-05,,,,0.0004125189375053981,,,0.0006688452626447299,,0.00039304952773461065,,,,0.0003011255914130117,0.0001068530030115149,,,,,0.00234823930944382,,0.0005821510267258035,,,,0.00026522702366529204,,-0.0005217218942041159,,,0.0006277265997991377,,,,,,0.0028014933085239993,,,,,,,,,,,-0.0020036012010254418,,,,,0.0002768962011509465,,,,0.00026705014177887094,,-2.306271547977346e-05,0.0003999843556328408,,,,,0.0001766759077389299,,,0.0005801080057777283,0.0005588004695554942,0.0007166373652049576,,,,-3.833879446061182e-05,-3.752776331551284e-05,,,,,0.00034124386294279684,0.0011779304629802945,,
2018-07-31,,,-3.0027889804938192e-05,0.0001167054071958624,-0.00024411671499516573,-0.0001636478117151183,-2.4411349037296604e-05,,,,0.00023037725035528604,,,0.00010819791675596984,,-9.579927811912653e-05,,,,-7.291925322714652e-05,-2.5691111418388345e-05,,,,,0.0008814090590959501,,5.712663922694661e-05,,,,0.0004523299644852303,,-0.0010707424594818612,,,0.0001411986269535926,,,,,,-0.0008674411913812763,,,,,,,,,,,0.0004639205906462834,,,,,0.00036195564082638855,,,,0.00019475599016951573,,0.00028862146486731877,0.00035479935183843836,,,,,0.0006951187248205138,,,0.00029688774397672936,0.00011135784890922691,0.0002539095884743217,,,,0.0002641094574393298,-0.00016740246134297186,,,,,0.0005383058088430457,0.0003879113843394993,,
2018-08-31,,,-0.001078285543339406,0.00033516986483349607,0.00046822108336819766,-0.0002571158336159575,-0.00010123846405472734,,,,-0.00021581277009627786,,,-2.3435335076085752e-05,,-0.0003301042797968683,,,,0.0006140986132358583,0.0006414788160674747,,,,,0.0015062155659854514,,-0.00022416513296021482,,,,0.00035393577739318806,,-0.0017424738038605728,,,-7.530417178281494e-05,,,,,,0.00046057477910264655,,,,,,,,,,,-0.00015301394149932581,,,,,-0.0003922395698835583,,,,-0.0003810574879701377,,-0.0003579085110780895,1.4433796151142377e-05,,,,,0.0006981081263023641,,,-4.5594713641460465e-05,-0.0003660818114161346,4.7873666893868e-05,,,,0.0003903674422318078,-0.0009470965211889415,,,,,4.930823072875725e-05,0.0010164217121650212,,
2018-09-30,,,,-0.00033079141156707614,-3.8704626532463796e-05,-0.00025549622191448735,-8.535576665535647e-05,,,,-0.0001708591747455454,,,-0.00018980108815255616,,1.0059159694982564e-05,,,,-0.00035289464746578875,-0.00023468613302091848,,,,,-0.0005465040389699894,,-0.0005037476961428076,,,,0.0002506618969281869,,-0.00019548658604293012,,,-4.7450281713103445e-06,,,,,,0.00100152544769362,,,,,,,,,,,-0.00028247810739687835,,,,,0.0016837009334891636,,,,6.690709274758132e-05,,-0.0003731130472015553,-0.00012076499625272914,,,,,-3.67434956218454e-05,,,-0.00017124500313383338,-0.0002934352084695235,-0.00012657655050909026,,,,0.0018602613914248936,-9.28762038163431e-05,,,,,-0.00019297023276521245,-0.001262730485002435,,
2018-10-31,,,,0.0002874968098568696,-0.0004902583953840396,-0.00016458447670335911,-0.00016962041419905767,,,,-0.001082137484238869,,,-0.00013595273079287888,,-0.0003694983641322718,,,,0.00044981150516080825,0.000626236486185604,,,,,-0.00138472099385098,,-0.00028366784690553613,,,,0.0009402883858426995,,-0.0010146714333300487,,,-0.00021698810159160618,,,,,,-0.00045265388028609566,,,,,,,,,,,-0.0013458948689965284,,,,,0.0017433100706043608,,,,-0.000245498648294463,,0.0004698850136212896,7.546525760535654e-05,,,,,0.0003904747359580702,,,-0.00010484752340411789,-9.818918180160194e-05,-0.00025120801404879023,,,,0.0006909106486450384,-0.00036517197525953477,,,,,-0.001274175849549548,-0.0007363584608666573,,
2018-11-30,,,,-0.000988961650031955,-0.0004974947882624055,0.00012973009376425024,-5.015783612272643e-05,,,,-0.0011544021811682153,,,-0.001073244701805108,,-0.0003120950826910226,,,,-0.0005518850924366983,-0.0007483195899339364,,,,,-0.0015197620112040026,,-0.0004761428587870687,,,,9.732573993944756e-05,,-0.0006374504498631676,,,-0.0008565202632046284,,,,,,-0.0010577230402912645,,,,,,,,,,,0.0014679690711216777,,,,,1.7369239069608053e-05,,,,-0.0008435520313513186,,-0.00032884975439855717,-0.0006777814952859161,,,,,-0.00025543729432051773,,,-0.0011315522844842153,-0.0009541436443331862,-0.0010503889893520564,,,,-0.0009105645310565547,-0.00013247585445514987,,,,,-0.0001267321798828718,-0.0008193280315154575,,
2018-12-31,,,,3.520791266873356e-06,-7.679141966639338e-05,-0.0002902386520379881,0.0002940269850487944,,,,0.0002545579480987287,,,1.0466678632392597e-05,,0.00022440069045493846,-0.0006414892483412768,-0.0004320270691665832,,0.0002681876117911605,0.00030120512482254805,,,,,0.0001519980044327709,,-0.0006866343146861948,,,,0.0007026910312654617,,,,,-0.0001324091396598874,,,,,,1.1965067356613437e-05,,,,,,,,,,,-0.0006772697119406962,,,,,0.0009822928530439346,,,,0.0001895709878940615,,-0.00038098729739458,-4.957062921288904e-05,,,,,0.0008186410566355302,,,0.00026973630408248697,0.00013699592304001443,3.816237373255554e-05,,,,0.00039122721228882873,-0.0004339058361891055,,,,,-0.0002005962722816958,-0.0002660711471299895,,
2019-01-31,,,,0.0007794776099038262,0.0005761957042512757,0.0004867709253274397,0.0003949047990405606,,,,0.0006517374744150265,,,0.0002679058952111048,,0.0008862738455743018,-0.000544079448204641,-0.00018020311345785792,,0.00032109588913626936,0.0005141271719150081,,,,,-0.00035069192907023674,,0.0009891531131752049,,,,-0.00023439303683199864,,,,,0.0003023948790736174,,,,,,0.0004177241953484526,,,,,,,,,,,0.0003819756069979925,,,,,-0.00028546560258871525,,,,0.0004439703757474203,,-0.00030305917494840185,-0.0003056963857911114,,,,,0.0009359427548924175,,,0.00034040889322034393,0.0001930027456665887,0.00041753132600742316,,,,0.0009179755263716719,0.0006276847585119861,,,,,0.0003847359568676688,-0.00014098390165488171,,
2019-02-28,,,,-0.0023309437850203315,-0.0011048778609077281,0.0006260588115447228,0.0011356123949859188,,,,-0.0017606168257902636,,,-0.00043259616484532016,,-0.001881710505002901,-0.0009235302091219615,-0.0006481980145415234,,-0.0012903847589792745,-0.001630884353459018,,,,,-0.00039761215584918587,,-0.0007109224839211764,,,,-0.0009620019675221247,,,,,-0.0004931775999925948,,,,,,-0.0015047716704827106,,,,,,,,,,,0.0005226110546322672,,,,,0.003606070932463488,,,,-0.0007727994863984199,,5.4637842200285625e-05,0.0001133845976263018,,,,,-0.003282583442165418,,,-0.0008384467318431135,-0.0007596003109537784,-0.000704151494221663,,,,0.00010744211334862778,-0.0004534773655679638,,,,,-0.0002445245117628652,0.0003269934034782286,,
2019-03-31,,,,0.0006159114403145443,0.00020003223188849443,0.000814520323178947,0.0010340141643645512,,,,,,,0.00037625954281297045,,,0.0013499763847876559,0.0008560393993223721,,0.0001889212422511806,0.0002745701124607172,,,,,-0.00048496833978903915,,-0.0009133147273644699,,,,-0.0007352338585154115,,,,,0.00036723977523174707,,,,,,8.02161695082975e-06,,,,,,,,,,,0.003562091298513437,,,,,-0.0015493038614333026,,,,-0.0001552803290932793,,-0.0003696432244834934,-0.0006751264265302257,,,,,-2.5156433262252665e-05,,,0.00034609437902023693,0.000700883261525618,0.00024790031423691086,,,,-0.003020833922092517,0.00025333281002069873,,,,,0.0007570604164266224,0.000658712544170057,,
2019-04-30,,,,0.00033049958137075893,0.0005628265286461076,-0.0008302546040435092,-0.00032265939271463315,,,,,,,0.0003972256524225723,,,-0.00010636606084871472,0.00036806948899237703,,0.0004236172900055656,0.0004280451571212726,,,,,0.0008446104815107885,,0.0006360002649832578,,,,-0.0008839550584775534,,,,,0.0005608548838324405,,,,,,0.0010695685390772563,,,,,,,,,,,0.0015124076530966778,,,,,-2.7727412630343513e-05,,,,0.000615245082199108,,0.0004242824813020363,0.0010233079301039,,,,,0.0004337143298831274,,,0.0001736161331845658,0.00035076526968777716,0.00026234666114734114,,,,0.0022259915549433496,0.00030778446330311264,,,,,0.0007258882641215616,-4.684670737938101e-05,,
2019-05-31,,,,-8.825256759717164e-05,0.0003804758116876758,-4.291247195891227e-06,0.0008183889600741014,,,,,,,7.554630585840193e-05,,,0.0006882876478200696,-0.00026009248814173663,,-7.8499409409084e-05,9.645157168785229e-05,,,,,0.0009367104999426188,,-0.0001251097944411042,,,,-0.00022292260876945454,,,,,0.0001645130661837324,,,,,,0.0011542223154393995,,,,,,,,,,,0.00017288409773582426,,,,,0.00027813704074496184,,,,-0.0001835619585296682,,-0.0009570714822415129,-0.00038174046696676044,,,,,0.00012115853824317253,,,0.00028893712747292725,0.0005801008849356161,0.000170662368367356,,,,-0.00038620350407848875,-0.00015629451147820085,,,,,0.0009516665860316546,0.0010821799117274786,,
2019-06-30,,,9.914434626276263e-05,0.00021162224133139127,0.00033318431417059534,0.00039667725339030777,0.000829333877298877,,,,,,,0.0006471468463073731,,,8.398539734026601e-05,-0.00017207728621985692,,0.00018347999871624594,0.0004472076008995321,,,,,0.0012185995191807773,,0.0004298902471616085,,0.00037454109187223214,,-0.0001626998598922117,,,,,0.001112510535255777,,,,,,0.0009817904216959286,,,,,,,,,,,-0.001296206620289253,,,,,-0.0011658139301343499,,,,0.0005208386457873933,,-0.0001894050160282996,-2.247706349925258e-05,,,,,0.0001607060824714708,,,0.0008164414444852786,0.00026461247718025994,0.0007452159726284314,,,,-0.00028025061214887137,0.0006656017464444792,,-0.0007962668084177371,,,0.0001576042502369901,0.00031891236674937753,,
2019-07-31,,,0.0002548538695199961,0.00034015586999702876,0.00048049767298942073,-3.9245544933954265e-05,0.0002055214914655418,,,,,,,1.70110769803864e-05,,,0.00021056269427779055,0.0008340515979524638,,0.0002920591229938426,0.0005702914419378318,,,,,0.0004034101331119615,,0.00045866466714398303,,0.0002974728420659011,,2.6522866325483442e-05,,,,,-0.0002352729489729202,,,,,,0.0001008254717035193,,,,,,,,,,,0.001982955339826934,,,,,-0.0004446784283900666,,,,0.00037470536670946035,,8.997126280126813e-05,0.000181661589674876,,,,,0.00030753153817143953,,,5.3770554592165284e-05,0.0006091948974855764,6.01603462832097e-05,,,,-0.0006903352193510169,-0.0002211042591412477,,-0.0006732697888673688,,,0.0008405955419533874,0.0009479439942192178,,
2019-08-31,,,-0.0011512118448851916,0.0003580829253635029,0.0007689197071522902,-0.00030200398499787733,-0.00044536740679151465,,,,,,,-7.386148215127731e-05,,,0.0006699541637791016,0.0005629299489946984,,0.00027189512424676514,0.00023351480194215893,,,,,-8.218789945783962e-05,,0.00014135779759298116,,-0.00024194566855127627,,-0.0006364430065410796,,,,,0.0006618512546260314,,,,,,0.0005976511614208242,,,,,,,,,,,-3.746127672197245e-05,,,,,-0.0014657345290807608,,,,-0.00026238997877159196,,-0.00023664010816995234,-0.000148703517021042,,,,,5.9906737158503434e-05,,,0.00019531981728323984,0.0003126622964181982,6.375724306763993e-05,,,,-0.0002761543783186755,0.00027728214773086883,,-0.0004586089409192934,,,0.0004933799133738544,-0.000594266627820759,,
2019-09-30,,,-3.189559663500476e-05,-0.00020917679348216495,3.1251868629902737e-05,0.0005183008491228527,0.0005398403025945735,,,,,,,-0.0004436777243034824,,,4.758192965955836e-06,-1.915591860265281e-05,,-0.0007084946862448802,,,,,,-0.00046384012920262937,,-0.0001901832731473374,,0.000521913466642891,,,,,,,-0.00010367409859421048,,,,,,-0.0014666814840260385,,,,,,,,,,,0.002358055444528077,,,,,-0.00040632976945199884,,,,-1.840025971577871e-05,,,0.00010159359002656149,,,,,-0.0009958697189465036,,,-0.0003736354883575466,-0.00029880585712624934,-0.0002951087061318349,,,,-0.00025491996741588204,6.08571327409896e-05,,-0.0008074516534514891,,,-0.0003349391208953495,0.00013665064656092631,,
2019-10-31,,,-1.6403094792074874e-05,-0.00026163841755539235,0.00013980885831017052,-0.00022857405120178071,-0.000104387373281123,,,,,,,6.45904360986929e-05,,,-0.00032354619471460145,-0.00016576666518204193,,-4.887790341992928e-05,,,,,,6.670907396649286e-05,,0.0006969289155844717,,0.0003253793798372619,,,,,,,5.576082770986349e-05,,,,,,-0.00021687812913829033,,,,,,,,,,,-0.0011640773764998605,,,,,-0.0019536934648967646,,,,0.0001528199792521954,,,3.035759282697379e-05,,,,,-0.0001996720487902073,,,-0.0001184312015517192,0.0002438908088067337,-6.92844568134838e-05,,,,-0.0002949042460766251,0.00013572855937031656,,0.0007593047605618867,,,3.619646971475902e-05,-0.0009176582598241787,,
2019-11-30,,,-0.00012038065758591878,0.00011135559006698804,-0.0004182128179375615,-0.00046625758696065036,-0.0005739815400023718,,,,,,,-0.0004963491861103825,,,0.00039929175271552535,0.0004928415463158389,,-4.4348196732607146e-07,,,,,,-0.0002477236428370226,,0.00015681377860392345,,-5.4833639040560115e-05,,,,,,,-0.00031120791292256657,,,,,,-8.117236422784194e-05,,,,,,,,,,,0.00038410184976133343,,,,,-0.00045167413951338267,,,,6.225583332729876e-05,,,0.00017632995667240785,,,,,-0.001718259116227134,,,-0.0003956122519825644,-0.0005375785237288918,-0.00035527822112652675,,,,-0.0005004374575448718,0.0004886160408031666,,-0.0008111887974888937,,,-6.020763211734929e-05,0.0008141215494545689,,
2019-12-31,,,-0.0005873640601271301,0.0004215872997582411,1.0226194551051864e-06,-0.00035880070010374846,-0.0007611802567351671,,,,,,,-8.43107475965201e-05,,,-0.0001256348855407413,0.0007082067392114694,,1.9281395188333328e-05,,,-0.000616431849129203,,,2.4655701278039003e-05,,0.00014709977705541503,,0.0003106037154130389,,,,,,,-1.6363394818147067e-05,,,,,,0.00018681286938581772,,,,,,,,,,,0.000847950586284927,,,,,0.0008388706256456428,,,,0.00023093900891112934,,,0.0004630150456347622,,,,,-0.00020217500917185085,,,-0.00012879329354104955,-0.00020000323735240545,-0.0001741779904707362,,,,3.445345561669781e-05,0.0006318272793413083,,0.00036706909544458624,,,-0.0007273685310255532,-0.0007447427253744188,,
2020-01-31,,,0.00029593352522812343,0.0004376784912705281,-5.548074643668537e-05,-0.0005971526866710834,-0.0014713852510308235,,,,,,,0.00036685821947887715,,,-0.0002623367708870525,0.0004017740690109927,,-0.00030556684038047453,,,0.0012238450844080453,,,9.32543066326695e-05,,0.0009168390080602809,,-0.00022746890961378578,,,,,,,0.0004015467720906152,,,,,,-0.0002886850385378458,,,,,,,,,,,-0.0025051477689880435,,,,,-0.0015645734384908574,,,,0.0002279848286616117,,,0.0003385173262641966,,,,,-0.0004210201766188841,,,0.00036910605240265357,0.00041798429277555026,0.0002986101343087066,,,,-0.0006743373391559027,0.000750607765993804,,0.0004951737962338165,,,-0.0008055867000406487,0.00026916456203912283,,
2020-02-29,,,-0.0002571794641646276,0.00016579418221198016,0.0002906141804619973,0.00019294970573920998,-0.00023991449925918213,,,,,,,-0.00024458554849151633,,,0.0004247755796159702,0.00043973617035367483,,0.00035102525734144355,,,0.00021348194523752536,,,7.671328103696138e-05,,0.0007581038902242372,,0.0010761351618371673,,,,,,,-8.458431345952143e-05,,,,,,-0.0004084823387768318,,,,,,,,,,,0.0003312262915412276,,,,,-0.0007064833176796539,,,,7.496947437653318e-05,,,0.0003684644932214868,,,,,-0.0004044081040376491,,,-1.3648546425276866e-05,0.00010701289886275757,-4.724016728518269e-05,,,,-4.8244275729452726e-05,0.0010467834271983881,,-0.0011115312946116918,,,-0.00024086815530400754,-0.0019168260139668446,,
2020-03-31,,0.0005994114925286503,0.0002130642536315637,-0.00048682560290896687,-0.0007469761981614569,0.00023386995427085577,-4.831919994490546e-05,,,,,,,3.676595510039646e-06,,,0.00013500170061620518,9.197862967734503e-05,,-0.00025107586638187105,,,0.0024393226784703383,,,0.0005288011188955227,,-0.00023305151873509615,,0.0005084645690657205,,,,-0.0013819046237476635,,,-4.202329254105134e-05,,,,,,4.5453340165246855e-05,,,,,,,,,,,-0.0013567722025210663,,,,,0.0035591991759081347,,,,7.289230813388503e-05,,,0.00013832487512741753,,,,,0.0009207837136356888,,,-0.00020195396307995964,-2.905016630280181e-05,-4.632142813780994e-05,,,,-0.0007522753158637971,-0.00041457468917529834,,-0.001032069525508401,,,-0.00012153624735838805,0.0002780669839753034,,
2020-04-30,,0.0007029084301437386,0.0006825711098047381,6.981910986252253e-05,0.0012837709728302546,0.00045663214266399764,0.0008433904620099961,,,,,,,0.0010001311068961337,,,6.150550601412417e-05,-8.286342941350631e-05,,-0.0007598057628766419,,,0.0025957422721656683,,,0.00038236264607689714,,0.00029735669490033923,,0.0004109865400918294,,,,0.000936133264001259,,,0.0008364622714004847,,,,,,0.0005712787459828228,,,,,,,,,,,7.079700139633681e-06,,,,,-0.0032400026906600266,,,,0.00014438456439769522,,,0.00040304647102122344,,,,,-5.80939959771842e-05,,,0.0011660160161733346,0.0010794214383451324,0.000821043197209823,,,,-5.9577491137666075e-06,0.00016495703917169925,,-5.913255280892377e-05,,,2.4392520610246937e-06,-0.0006585860247893234,,
2020-05-31,,0.000557760993960131,-0.0002945017758954082,-0.00018200570218056847,-0.0002291661038695562,-0.00040224157491369,-0.0003623115257953353,,,,,,,-0.0007064165890414776,,,0.00030505761152108184,1.9608612803039652e-05,,-0.0002497728582249249,,,0.00145660027129595,,,-0.00031210644044514486,,-0.00025565236610343585,,-0.00017492211608075448,,,,0.0008322260897569977,,,-0.00025037723600618425,,,,,,0.0003360118575508614,,,,,,,,,,,-0.00026569166978153517,,,,,-0.0011527700204416655,,,,-0.00011145936177473322,,,-0.0004907820398281032,,,,,-0.0005958072263556605,,,-0.00022025462282080006,-0.00025267417397101054,-0.0007161423355519726,,,,-0.0009300385135800026,-0.00019017824735924053,,0.00011470715963182115,,,-0.00034664803278252904,3.1645467693178943e-05,,
2020-06-30,,0.00014193463187196878,-0.0003187416836738922,0.00017562109259011924,0.0010614664089200056,0.00013505212599715334,0.0002965554832915543,,,,,,,0.0007098049471466475,,,0.0007545626257599167,0.0017195872699795895,,-0.0004069397688224522,,,-0.0007571237362063366,,,0.0007653415853836011,,0.000537312956868162,,-0.0003083319094730497,,,,-0.0009162194017319024,,,0.0007904624949873555,,,,,,0.0019226117315414139,,,,,,,,,,,-0.00047184772181214197,,,,,,,,,0.00030264502286550044,,,0.0007716052831016094,,,,,-0.0019472491866443752,,,0.0006019869384536316,0.0007818652122019343,0.0004850280042852098,,,,-0.0003420587010089383,4.93527359915305e-05,,-0.001714901980657455,,,0.00019094585626231472,0.0007908231112650598,,
2020-07-31,,-0.0005715846513644089,-0.000279316840808631,0.0003087764704593105,0.0005070993239097416,0.0003724138830974419,0.00022818143235637557,,,,,,,0.00046804217539853923,,,-0.0001472350765913656,0.0002521586903105517,,0.0002819487488407958,,,0.001630734343071974,,,0.0011630771899766707,,2.6046233986423062e-05,,0.0006418822449156531,,,,-0.0006661520338936113,,,0.0011336430727567953,,,,,,-0.0009954968671482193,,,,,,,,,,,0.003473704488602812,,,,,,,,,0.0009705688902716729,,,0.0007665541638741522,,,,,-0.002719850223215936,,,0.000573272720248885,0.0014035761205171656,0.0006674331578278829,,,,0.00020618323405385724,0.0006746828229438064,,0.0016855522538904556,,,1.8218831272282113e-05,-0.0035777771744608567,,
2020-08-31,,-0.0007527190784753215,8.127382148808316e-05,0.0004921542498178036,-0.0006049030505035992,-0.0007093848695367281,-0.0002039577409326147,,,,,,,4.303479764986717e-05,,,0.0002966563916388634,-4.922976552961045e-06,,0.00046225967424234465,,,0.004354535532450757,,,-0.0004615535573992979,,5.931378931641074e-05,,-0.00016757487502375216,,,,-0.0003565302434962795,,,-0.0001657496745319145,,,,,,0.0015871346768455796,,,,,,,,,,,-0.0009662891752455098,,,,,,,,,0.0003152320329191405,,,-0.00033267851406119426,,,,,0.0013551072037522036,,,6.722721990275142e-07,-0.0002676435214580402,0.00010595336566951224,,,,-0.000782685926860314,-0.00020959817930895377,,7.699820970754843e-05,,,-0.0007777137081455481,-0.00033621737669137675,,
2020-09-30,,5.423168916868511e-05,0.0001928056604774294,0.0003141743492261872,0.0002637564187679896,-0.00014450484956960358,-0.00014524302949409633,,,,,,,0.0003435155870947549,,,0.0008268618014245158,0.0004044184713240744,,4.933662630561076e-06,,,0.0008011475028500785,,,5.85385052626909e-05,,0.0006285069320945313,,0.0007006114001627387,,,,-0.00017419243133386038,,,0.0005601126309979574,,,,,,0.0028658896059665095,,,,,,,,,,,0.00010436810868218688,,,,,,,,,-0.00019745381192352285,,,-0.00018797640206473742,,,,,,,,0.00037052365003686986,0.00017919493375711864,0.0002335942043668195,,,,-0.00013037522755515816,0.00016894973942536246,,-2.6166991300203236e-05,,,-0.00045165126122418423,0.0005182302259826498,,
2020-10-31,,0.0002643395075745801,-0.0011692451420166113,0.00036834669706088127,8.694156992287897e-05,-0.0002540525289669907,-0.00027956395540968684,,,,,,,0.00017434336470673438,,,-0.0006331581480376408,-0.00022115391380576053,,0.0005665902839901573,,,0.0004995943352923792,,,-0.00034694001022496764,,9.61913905631862e-05,,-0.0006194207234038007,,,,0.00023881626724084112,,,3.134399542448788e-05,,,,,,0.0009208035848413628,,,,,,,,,,,-0.001131941298166459,,,,,,,,,0.00025377367303666844,,,-0.00034380911165450556,,,,,,,,0.0001655511874721862,-0.00010753538889540751,0.0001969641308673059,,,,-0.0003387311999596851,0.000500608199662253,,-0.0005514484122771183,,,-0.00026942971057312666,-0.0006714527946499374,,
2020-11-30,,-0.0006891094466421309,5.698117060233149e-05,0.00042946091294908606,-0.0001574228506233144,-0.0001281519866540936,0.00023533426256796012,,,,,,,7.071525338932997e-05,,,-0.0011514410411169029,-0.0011544266308649686,,0.0011797024618077877,,,-0.0045429252103830805,,,0.0001098885970599072,,-0.00012739007963740394,,0.0003041915185948545,,,,-0.00036180431139844535,,,-8.218519951103618e-05,,,,,,-0.0006853531095372911,,,,,,,,,,,0.00024602720844957044,,,,,,,,,9.36645461910182e-05,,,0.00010463589327557852,,,,,,,,-0.0001570621809284719,0.00013352916204359817,0.00014266073558703328,,,,0.00017935842035643888,-3.9938042677990946e-05,,-0.0006460517037238718,,,-0.00020155077294757963,0.002735856892696479,,
2020-12-31,,,0.00215032276559009,0.0011424907667823001,0.0031964696035415717,-0.00026610451574369723,-0.00013789934072958225,,,,,,,0.001651329288999003,,,0.0018425171208472032,0.0018309803596556179,,0.0018722107145872165,,,-0.000357230192469729,,,0.0003362801098090745,,0.001972411636905975,,0.001037021690327718,,,,0.0006159552519626826,,,0.001554956954123435,,,,,,0.005758221686604217,,,,,,,,,,,,,,,,,,,,0.001004156467177307,,,0.00010215065252483298,,,,,-0.00043487340426028357,,,0.0014623302276773964,0.002113590469089385,0.0012972941754846926,,,,0.0027445613505174427,0.0012452541809886716,,-0.002142553104110507,,,0.00014691257787328654,0.00495841307595003,,
2021-01-31,,,-0.0026001526570550914,6.015099108879969e-05,0.0011405674988992957,-0.00036359581228676864,-0.0003551363499707799,,,,,,,0.001140565719757958,,,0.0011244956091318807,0.001730695777333399,,0.001315889209679791,,,0.0003347626608655724,,,0.0004609065769068341,,0.0021703188682948476,,-0.0004183729184427186,,,,-0.000444170964847054,,,0.0005016017321395294,,,,,,0.0037212114738411975,,,,,,,,,,,,,,,,,,,,0.00044741420325964293,,,0.0003540970858211489,,,,,-0.0017961572916514053,,,0.0010647639301424462,0.0010151626001410215,0.0009811345450432846,,,,0.001211672730106419,0.0011296102466735029,,-0.00159052166047598,,,0.0010724923275449818,0.003461678145860451,,
2021-02-28,,,-0.0011451245611962637,-9.426402732778944e-05,-0.0015093241770596896,0.0006915941207072955,0.00038661027852424524,,,,,,,-0.0005104533767769397,,,-0.001091392627735031,-0.001203405578481037,,-0.00016515264795640043,,,0.0011347369238084942,,,-0.0003826373449143301,,-0.0012729051211114737,,0.00027401501834481407,,,,0.00031832193226567686,,,-0.00026402139313387314,,,,,,-0.0033665565273388607,,,,,,,,,,,,,,,,,,,,-0.00011105735987773782,,,-0.000113518516224153,,,,,0.0015142234022190583,,,-0.0005332912724165156,-0.0009267746532051165,-0.0008173951510253885,,,,-0.0012971232032398887,-0.001056463602246061,,0.0015928761416498963,,,0.0005314150233722502,-0.0019948319958753655,,
2021-03-31,,,0.00017192627750465145,-0.00011526917703890785,-0.0005189342656984833,-9.422858412833418e-07,-0.000189453087979734,,,,,,,0.00010955152532180215,,,-6.548425329886556e-05,5.781619526513346e-05,,-0.00027713527344088893,,,-0.00421805547368326,,,-0.0005585894291467742,,0.00020818273990981406,,-0.0008640855962628354,,,,0.0005947892767209368,,,-0.00031655519192344534,,,,,,0.00038831351884885846,,,,,,,,,,,,,,,,,,,,-0.0004741942427676726,,,-0.0008420215586497968,,,,,0.0003232047329201342,,,-0.0001088355173382936,-0.00024881923438555253,-4.4988293269936205e-05,,,,-0.0025549447360712903,-0.00025060279751051406,,,,,-0.0010574506624102399,0.0007181253404878596,,
2021-04-30,,,-0.0005135209680630872,0.0008975135593535037,0.0013357660214889829,-0.00088436869076662,-0.00037972848862887577,,,,,,,0.0009729840031329354,,,0.0008970046442637933,0.000489019397431476,,0.0018689439882718327,,,0.000635150765774564,,,0.0003227531357318859,,0.000275136893522513,,0.001099455294022696,,,,-0.0003104665477024848,,,0.0007975303053327301,,,,,,0.0010412029973566922,,,,,,,,,,,,,,,,,,,,-0.00021186415360038776,,,-0.00015662909423722898,,,,,-0.001325232114817868,,,0.0008411020720487413,0.0008782504254114851,0.0010210050261765583,,,,-0.0008792670996577175,0.0010242879243061711,,,,,-0.00018826085722171726,-0.0026915052152333306,,
2021-05-31,,,-0.0006601589881637902,0.00035228554879027644,0.00024564328519847923,-0.0007688431633995405,-0.00014793274386808066,,,,,,,-2.1910588762989542e-05,,,0.0012064953610811287,-4.649245758946275e-05,,0.0005656772073684377,,,0.004527193142336381,,,0.0006649431301403479,,-0.0005374022099170551,,0.0010783157190178822,,,,-0.0002979336493423697,,,-0.00013422334725240797,,,,,,-8.372578345095183e-05,,,,,,,,,,,,,,,,,,,,-0.0003794150729496969,,,-0.00040715640915251774,,,,,0.00052421458179266,,,-0.0004717883940824464,-0.00025132963565666674,-0.0001690762840276289,,,,-0.0018180290543572716,-0.00040183028240471614,,,,,-0.0007205623900778336,-0.0013002107473038202,,
2021-06-30,,,-0.0008676855270089756,0.00018683001545578875,0.0006959438482439398,-0.0005719042445480482,-0.0008341535745245495,,,,,,0.005427043590720404,0.0009399908409638429,,,0.0010995633141704713,0.0015213270053046448,,0.00018424438026688855,0.0002843530285198835,,-0.0007352070149822892,,,0.001302592127855244,,0.0002495745413913343,,0.001637223418562764,,,,,,,0.000580024356365435,,,,,,-0.0010277373914920802,,,,,,,,,,,,,,,,,,,,6.676277858298734e-05,,,0.00017150408087364288,,,,,-0.0007621091901761208,,,0.0006700385562319135,0.0005834935170868323,0.0011902873072087913,,,,0.0009137747000112074,0.0018319926701539535,,,,,0.0009336132508689255,0.0008966393168866314,,
2021-07-31,,,-0.00022372229079335037,0.0007748815120858078,0.0005626034205862205,-0.00010388477088894287,-0.0006662516299039968,,,,,,0.0034494346118165873,0.0008935170431910314,,,-0.0002294886891801236,-0.001202286484516153,,0.0007571156995743135,0.0006674798653804691,,0.001633726237755113,,,0.002178521042984042,,-0.00021949318466116648,,0.0030706149947695187,,,,,,,0.0011451715861538322,,,,,,-0.0024665597964427795,,,,,,,,,,,,,,,,,,,,8.636400427788267e-05,,,0.00016741550705818453,,,,,0.0003003045073705408,,,0.0008446871142074126,0.0004336836886260755,0.001105544554285954,,,,0.0008260492722975192,0.0004431346815849028,,,,,-0.0001601113395989551,0.001556427743048214,,
2021-08-31,,,-0.0013022059810622693,-3.7814486982054895e-05,4.2829067877769235e-05,-0.0005095171076399371,-0.0004797184076478467,,,,,,0.0014957258059480852,-3.045299911303441e-05,,,0.0005931583138054987,-0.0002503349529045231,,0.0007488837613649171,0.0007745925226640906,,-0.0007619900060294634,,,0.00044538067583258835,,-0.0006781859660646443,,0.0008452628132137833,,,,,,,-0.00048499106166458044,,,,,,-0.0007401001333825384,,,,,,,,,,,,,,,,,,,,0.000437045577928361,,,0.00017416398965761648,,,,,8.788634185562117e-05,,,-2.917124140802315e-05,-4.7139345643673714e-05,-0.00026523057827872306,,,,0.0006518853564602418,-0.00031572274784120237,,,,,-0.0009528674206035147,-6.580651715100735e-05,,
2021-09-30,,,0.0001928818969819597,-0.0006082679904752301,-0.0008286244908707299,0.0003794525419575688,0.0007466905324798424,,,,,,-0.0003253390779321674,-0.00033088719460172035,,,-0.0023474652188829955,-0.001244542905414735,,-0.0012546760731201746,-0.0015155996958403516,,-0.0004938259478244009,,,-0.0014769623549794437,,-0.0005731015294710536,,-0.0012362652151508375,,,,,0.00131577678842344,,-0.000766463910459001,,,,,,-0.0011827328604064942,,,,,,,,,,,,,,,,,,,,-0.0010295591858381255,,,-0.0003643511825116591,,,,,,,,-0.0009703484693174418,-0.0009039889406348909,-0.0005642120993600563,,,,0.00022367353401035042,0.00012144082900705735,,,,,-0.0003648164758947166,-0.00280655497788633,,
2021-10-31,,,-0.0002076505260991859,0.00021045610587135135,0.000404035146263094,5.950522275787727e-05,0.00035738295680059535,,,,,,0.000980313357642449,-0.00031060748249999765,,,-0.0007214885297475951,-0.0006281057066321534,,0.0003211077072271268,0.0003216575191040923,,-0.0012567346871149106,,,-0.0004962411286571199,,7.446981870860596e-05,,-0.0011195103346394052,,,,,-0.000744451926657461,,-7.886542053573759e-05,,,,,,-0.00020935285002998127,,,,,,,,,,,,,,,,,,,,-0.0010836631932335497,,,-0.0016526971349326645,,,,,,,,-0.00045679427043589135,-0.00016016392146914467,-0.0003173249857133129,,,,-3.318543610069516e-05,0.0002763140610476834,,,,,-0.00048571747143600356,0.0007520885140531174,,
2021-11-30,,,-0.00011757199466641589,4.557688545696963e-05,-0.00010438690283383085,-0.00015111235280246147,0.00010809279104120064,,,,,,0.0014439921545578616,-0.00028259883536317794,,,-0.000416013094383615,-0.000737065945092118,,0.00032545317922872704,7.311453204074595e-05,,-6.885700253793236e-05,,,3.211736236314128e-05,,-0.0001360109526597415,,0.0013506599803953068,,,,,0.0011869873300062825,,-0.0008393079285795875,,,,,,-0.00016789048174993692,,,,,,,,,,,,,,,,,,,,-0.0011146906970432079,,,-0.0006565247326578274,,,,,,,,-0.00034765747632096457,-0.0002744924496196271,-0.00045744062937285986,,,,-0.0004088182756448042,-5.899967031541748e-05,,,,,-0.0006024628085645015,-0.0017996648290965313,,
2021-12-31,,,0.0006488710593287617,0.0006625707690665101,-0.0007213328687134097,0.0023343261082157496,0.0008031492924729888,,,,,,-0.0016034112688309355,-0.0005512217304255352,,,0.000646401751624204,-9.164281398416864e-05,,0.00033416623542065167,0.000581098474584423,,-0.0011357705005792525,,-0.0019048720714057458,-0.0007288494320229812,,-0.00016348181145170462,,-0.0009929432103564018,,,,,0.0018189022194614207,,-0.0007220560088784127,,,,,,-7.089594630835856e-05,,,,,,,,,,,,,,,,,,,,0.0003937671061400353,,,0.001107857703457466,,,,,,,,-0.0003807510358222789,-0.0004004622978463347,-0.00043574658517207826,,,0.0030152476145950844,-0.0007721073721576483,-0.001029760194308825,0.00022197608702710658,,,,0.0004278066478996455,-0.0011411873972633677,,
2022-01-31,,,-0.0006060362952622835,-0.00019454893098672506,-0.0003520398062352776,-0.0005193171865380764,-0.0005872393172899284,,,,,,0.0006596511046841663,-0.000280885085126886,,,-4.176467148723087e-05,-5.050964854944166e-05,,-0.00015717987775112465,-9.810046897594461e-05,,-0.0005738246102245703,,-0.0023745817629259474,-6.486257691501434e-05,,0.0003007355371885182,,-0.0009824325637244982,,,,,-0.0012019447387004345,,6.468700453009699e-05,,,,,,-0.00030834021306726456,,,,,,,,,,,,,,,,,,,,0.0009187451328188347,,,0.0013590665952001066,,,,,,,,-3.3168145622075486e-05,-0.00014530440587138076,-0.00023219896843679888,,,0.0026335748426887474,-0.00042765018635421235,0.00011449639472024937,-0.0006570268706573165,,,,0.0004567409600577645,-0.0002661107867742631,,
2022-02-28,,,0.0003417497597818097,-0.00022320355961924325,0.0005721899787960807,0.0017327289813021873,0.0012427837233943133,,,,,,-0.0013824493111845035,0.00040837968156903494,,,0.0008780778591810814,0.0004092318590779543,,-4.219224723432108e-05,1.4345410053928266e-05,,-0.0006572948526475309,,-0.00034482873482998683,0.0004965605846016321,,0.0003663303128524177,,0.0006938023858368665,,,,,0.003976574848386339,,0.000332692388725708,,,,,,7.552814212639607e-05,,,,,,,,,,,,,,,,,,,,0.0005794185623325456,,,-0.0002502400946800913,,,,,,,,0.00038815247161136753,0.00047667404993672854,0.0004813219697218411,,,-0.0026699125442969387,-0.0001651324408703599,0.0006194815843953354,0.000568256411682563,,,,6.799978200808568e-05,0.0008761048770468636,,
2022-03-31,,,-0.0017352456593193054,-0.00031026203556223247,2.433603216111208e-05,-0.0017071532024407262,-0.0014817670205423538,,,,,,-0.0013289369985480114,0.00012792425330165826,,,-0.00017798667999794225,,,-0.0008445174751809378,-0.0006515164719481913,,-0.0002930120568364398,,,0.0002695787293849379,,-0.0003310540972014103,,0.0006595007707190611,,,,,,,0.000143117606048176,,,,,,-0.0008439542966098905,,,,,,,,,,,,,,,,,,,,0.0008613854968097967,,,0.0020405008834160124,,,,,,,,4.0874388670889664e-05,0.00017699567771378843,0.00010344347028223196,,,0.00020909420523431107,-0.001003305265483515,-4.4204950190966205e-05,,,,,,-0.0008608946388846075,,
2022-04-30,,,0.0019287198000024377,0.0005370301425297962,-9.606053960922647e-05,-0.0011999148114406584,-0.0002186581990032812,,,,,,-0.00030589241095210144,-0.00021693438978285037,,,0.0014350389237633451,,,0.0010265767023329253,0.0008032935104500308,,-0.0010615753866674152,,,-0.00016630458765316285,,0.0015853297737436127,,-0.0002204135677090333,,,,,,,-0.00025784632338680767,,,,,,0.001124419284576634,,,,,,,,,,,,,,,,,,,,0.00023978501263960088,,,0.0013937872345047729,,,,,,,,-0.00013527522002535985,2.731046573031955e-05,-9.527383193544095e-05,,,0.0062920036144549244,-0.00043653625987395516,0.0001856777422093779,,,,,,0.0006199783211682186,,
2022-05-31,,,0.0053866126868506075,-0.00044940355403316957,-0.00012132479917118271,0.002543669169771511,0.0015503606276506667,,,,,,-0.0004476994753133878,-0.0002682475207859014,,,-0.0004923379236091277,,,-0.0008818666674258951,-0.0008181945962648633,,0.00036196659148871204,,,0.0001923205141776356,,1.6124190914322075e-05,,-0.00020327113111257827,,,,,,,-0.00011941023558319057,,,,,,-0.0009478253261495063,,,,,,,,,,,,,,,,,,,,-0.0010915220190979935,,,-0.000705273316689855,,,,,,,,-2.968988213412631e-05,0.00019449726888227494,-0.00021304599110738277,,,-0.002919236182198286,0.0011324616633713435,-0.0001086463548942385,,,,,,0.00037187207957629437,,
2022-06-30,,,-0.0008537632709800673,-6.945709891100358e-05,-0.0003849795184463154,0.0009540804773619843,-8.913590751530603e-05,,,,,,0.000940855314242779,0.00015841448595211202,,,-0.0016816780025216654,,,-2.9268606495412985e-05,-4.162196356526757e-05,,0.0006719204858439835,,,0.0010426844713919935,,0.0007810506400863372,,0.000356593385857983,,,,,,,0.00027349983351321853,,,,,,-0.00025239914329016624,,,,,,,,,,,,,,,,,,,,-3.964103041923963e-05,,,-0.0014174902877712992,,,,,,,,0.0002682035946958583,0.0009124652693150062,6.77971784622549e-05,,,-0.0033703862843371167,-0.0009889373192407624,0.000328625480878451,,,,,,-0.00015364466516757028,-0.00562479605191423,
2022-07-31,,,0.0006647058687191815,-0.0005537722137091169,2.590773023492332e-05,0.0004131927864290402,-0.00011554576505701128,,,,,,-0.0016326563892969611,-0.00011275136964477015,,,-0.0005223247058435521,,,-0.0004478741242843898,-0.00044251239952997203,,-0.0018867802491325824,,,-0.0011405314301565774,,-0.0002702211523138829,,0.0005998225355776417,,,,,,,-0.00013156520922461874,,,,,,-0.0006937028866694792,,,,,,,,,,,,,,,,,,,,-0.0008388172689636764,,,-0.00033565161570535656,,,,,,,,0.00013563948106566688,5.295122089953507e-05,-7.677123522095137e-05,,,-0.00022110141062163036,0.001055480875164399,-0.0003420040598241187,,,,,,-0.0014466376430098164,0.0010067444227261496,
2022-08-31,,,0.00124848033983288,0.000542180087176492,0.00025658781308461864,0.0008175125591172351,0.0006809498969932316,,,,,,0.0004303005407739919,-0.000266206518111491,,,-0.00016811697402898773,,,0.00042732070307929977,0.00038406544207089,,-0.0004958598962575289,,,-0.00020846559950905754,,-0.00045636089146187275,,-0.0008910604224228707,,,,,,,-5.2937423327158414e-05,,,,,,-8.758452454185808e-05,,,,,,,,,,,,,,,,,,,,-5.1113546654986756e-05,,,0.0007627463392684456,,,,,,,,-0.00026725089849102,-0.000637730638602274,-0.0002880232820869155,,,0.0019821382227288107,3.534004525946637e-05,0.0005942974312120752,,,,,,0.000986715573771509,0.0012053264828110685,
2022-09-30,,,-0.001572453045276496,0.00029511968264524317,0.00018771476897546277,5.466169065466732e-05,-0.00023218249101462446,,,,,,7.207213306467522e-05,0.000124500226932934,,,0.00037043256735961975,,,0.00019719325028304493,0.0002088844115282632,,-3.740670600430392e-05,,,-0.000514045706809318,,-0.0004228526613903415,,-0.0023044002207841395,,,,,,,-0.00032072877905651645,,,,,,0.0008324133662069541,,,,,,,,,,,,,,,,,,,,-0.00022486914217810373,,,7.648198002300684e-05,,,,,,,,0.0001919198817513858,2.3123109076196184e-05,9.972341418010751e-05,,,0.0016654182562110364,0.0003016203447839356,-0.0006145558053769982,,,,,,0.0014545054128190524,-0.0003223608701688043,
2022-10-31,,,-0.0035028466885689055,-0.00024095381217350526,-0.0004161161073021852,-0.0010285063955148145,-0.0007440641509197137,,,,,,-0.0006595444670653972,-0.0001967220593637547,,,0.00041321978915694285,,,9.271368422135751e-05,4.8979319767899733e-05,,0.00022296013196151026,,,-0.0004669307567636892,,-0.00042810219815860056,,0.0013691340769273197,,,,,,,0.00029592524244999313,,,,,,-0.000593971764508097,,,,,,,,,,,,,,,,,,,,-0.0009279100159390985,,,-0.0006332196878012596,,,,,,,,-0.00043345414640434633,-0.0007116816752886363,-0.0002793421694218964,,,-0.00025832967135005786,-0.0006185218216949347,-0.0014459458786877347,,,,,,-0.0008989821389653244,-0.0008486204090680771,
2022-11-30,,,0.003815406111662924,-0.00037852169952309813,-0.0006108190155484618,0.0008417534097796018,0.0006713899839313013,,,,,,0.0015301846161995003,-0.000631577924493509,,,0.0006323116586722549,,,-0.0001683978769941782,-0.00019562082289388834,,0.001556008839766704,,,-0.0010671634079948557,,7.340716166426432e-05,,-0.0006904558827872708,,,,,,,-0.0016183800505125592,,,,,,0.0014124464634805813,,,,,,,,,,,,,,,,,,,,-0.000389784279832048,,,-0.0007673687881870236,,,,,,,,-0.0010015646030293226,-0.0008586993361685077,-0.0006009241441327718,,,0.00034712573792917593,-0.0018005126948819506,-0.00023345185461888822,,,,,,0.0019358436558648742,0.004191597952672423,
2022-12-31,,,-7.124257846251952e-05,9.950934581782187e-05,-0.0003949180865088337,0.0001304469459532607,0.0002158328538346797,,,,,,-0.00010159530476025127,-0.0004703587432536205,,,-0.0017279336988575377,,,-0.00016658905917053948,-0.00027266304545690135,,-0.0010969220663410264,,,-0.000148539728979549,,0.00023115417420654488,,-0.0012436255786359806,,,,,-0.0003217264089999098,,-0.00023524586301589958,,,,,,0.00010390719020578926,,,,,,,,,,,,,,,,,,,,-0.0001999021496134264,,,-0.0001267827197347722,,,,,,,,-0.0002986086309834527,-0.00021860770003615716,-0.00030367685728367825,,,0.0017169089799171733,-0.0009691998880977364,0.00027871608987416283,,,,,0.0012987744022118232,0.0007859013231475421,0.0009433003298369284,
2023-01-31,,,0.0004334127206964995,-0.0004428943607946487,-0.00018087421879280918,0.0006095380064403711,0.000676123226817196,,,,,,-0.00017544611764960498,8.644557981204705e-05,,,0.00022665349519961547,,,7.366160663752885e-05,-8.763027381498296e-05,,0.000969716847346502,,,0.00031723887560061487,,0.00013394251003720598,,0.0006464258017423932,,,,,0.0006170650565207287,,2.313867492543575e-05,,,,,,-0.0006677600833556934,,,,,,,,,,,,,,,,,,,,-5.435727894507865e-06,,,0.0002660582046874483,,,,,,,,-8.656138873314588e-06,-0.00018690767046857843,0.00011922075763854553,,,-0.0011578853810059633,0.00028474677283823205,-0.00016036118404632078,,,,,-0.00032994878332603223,-0.0006961935959581874,-0.001371484849000564,
2023-02-28,,,-0.0001416819578939604,0.0002512481430096366,-0.00018878732599217558,-0.0009770193542175435,-0.0010736470160867032,,,,,,0.0006134803251373327,-0.00013492345337011655,,,0.00036511520383796913,,,0.00013564099231608886,7.380683973893658e-05,,-0.0014315442082226519,,,-0.0006380517532436313,,-0.0006653426660996076,,-0.0005875300199103739,,,,,0.002088278650053096,,4.508910748789085e-05,,,,,,0.00016029580602732368,,,,,,,,,,,,,,,,,,,,-0.0002884531987272772,,,-0.0006361913141006401,,,,,,,,6.546434362057032e-05,-0.00021925378264697583,-1.201328307348946e-05,,,0.0013807570103754904,3.009047904892846e-05,-0.00010902694137693502,,,,,-6.681695230759836e-05,-0.0005124248092520819,0.0019709396044676297,
2023-03-31,,,,-0.00025183714302576645,1.1081638332863634e-05,-0.0008047890477129299,-0.0012727026113491314,,,,,,-0.00016778640171569124,-0.000285659899770186,,,0.00012303091441792782,,,-0.0006968717688822217,-0.00044316805497404764,,0.001457389190722549,,,-0.000496080442312558,,-0.0005522710197087189,,-0.0013682761080541575,,,,,0.0019852396847634007,,3.6076315052652876e-05,,,,,,0.00014188198024673215,,,,,,,,,,,,,,,,,,,,-0.0003273060475235958,,,-0.0005448417768493339,,,,,,,,-0.0004915839892914279,-0.0002173479709981443,-0.0005041335246695724,,,0.00016500763481776468,-0.0009692746103449577,-0.0001486271517299547,,,,,0.0011452241519185416,-0.0006498837499493143,0.0010661226320503139,
2023-04-30,,,,0.0002967384166498203,0.0002880495371587193,-0.000577358950429405,-0.0008546595298143619,,,,,,0.001672375449151922,0.0004370106416993544,,,0.0005999368236079596,,,0.00060537313831052,0.00027187095691391194,,-0.00013009654865958517,,,0.00030832784858842534,,0.0004268885855217396,,-0.00043549133973604906,,,,,0.0016034174254148299,,0.0005043179304649056,,,,,,-1.1731532816208112e-05,,,,,,,,,,,,,,,,,,,,-6.46676779210791e-05,,,-0.00010746649878424678,,,,,,,,0.0003817887619570004,0.00034293506321181853,0.0005761778179334674,,,0.0004186774869424288,0.0003947777616519267,-0.0007063281958335578,,,,,0.0012645538367981862,0.0010351353587233654,0.00031587605648592855,
2023-05-31,,,,-0.0002243569105961272,8.63773495196869e-05,0.00016412805113733055,-0.0003164296686453188,,,,,,-0.0014204265532336221,0.00014438984262899658,,,3.898036117051617e-05,,,0.000170911039144665,7.883319691568483e-05,,0.0012679317956709561,,,-7.275626850442845e-05,,0.00018928053955707827,,0.00026286629425187753,,,,,0.0009996813095163647,,0.0001021456488347698,,,,,,-0.00011225456485923781,,,,,,,,,,,,,,,,,,,,-0.0002523538088131183,,,-0.000345846901136021,,,,,,,,9.443871199846838e-05,0.00018178402787760026,0.0001167021915008438,,,0.0001323017536800585,-7.936612967145544e-06,0.00026320158914148735,,,,,7.573394042606431e-05,-0.00031541452049089916,-0.0008664324843291089,
2023-06-30,,,,-0.00010863934029773853,-0.00027232090689417656,-0.00015727690776659375,-0.00018376536017509246,,,,,,0.0006337404412202824,0.00035631286862881006,,,0.0005693515296565225,,,-0.00022792418508390752,-3.39075073909007e-05,,-0.0006399575765244495,,,0.00042132665673187664,,0.0012703840687659181,,0.0021210090466776367,,,,,,,8.95414422140191e-05,,,,,,0.0005568556160393111,,,,,,,,,,,,,,,,,,,,0.0003964153708567186,,,0.00034170411864190757,,,,,,-0.0006321869946543721,,0.00017421158291346784,0.0005537121524457752,0.0004654193777446053,,,-0.0005750624215546185,8.605970176919213e-05,0.0005066879494407338,,,,,0.0003366288511362082,-0.00014815785794378676,-0.0005504517037015102,
2023-07-31,,,,9.529649320677255e-05,-0.00018321201849798977,0.0014016883953967673,0.0013732492060814026,,,,,,0.0016104268342757245,-0.0008303913950184944,,,-0.00047271490599210393,,,-6.93329996660991e-05,9.246118588185466e-06,,-0.00231629366482677,,,-0.0006419968140847874,,-0.000960099986051975,,-0.0017729871052950398,,,,,,,-0.0009639201572573682,,,,,,-0.0006474785303659151,,,,,,,,,,,,,,,,,,,,-0.0008212796706533152,,,-0.0013823227613711537,,,,,,-0.0016847796600491594,,-0.00041658052245525457,-0.000754705694499486,-0.0008270347815237249,,,0.001299744417421592,-0.0006476380111805194,-0.00017292730201800427,,,,,-0.0008604941391078469,-0.0009037808233846694,0.0014385439686830479,
2023-08-31,,,,0.00021751990619600075,0.0006576389365248186,0.00013321001631403823,0.0002415559782493583,,,,,,0.0006830468407300957,0.0005078296557460966,,,8.660563809026959e-05,,,0.0005476900871279197,0.0002564854352268766,,-0.0001475068855942606,,,0.0001373286485658469,,0.0004140294001127372,,0.0007931509441110397,,,,,,,0.0003921585083258505,,,,,,0.0005840683778668955,,,,,,,,,,,,,,,,,,,,-6.334505381955466e-05,,,1.0894139366666414e-05,,,,,,0.0015964334315669737,,0.00034485367049729435,0.0006766234615074227,0.0005731867128249265,,,0.000960682743494377,-7.001756948518461e-05,0.00025926801084003866,,,,,0.00037544317976562913,0.0009563851987630496,6.882622873538142e-05,
2023-09-30,,,,6.965852208662949e-06,9.864997303027873e-05,-4.1858311778448956e-05,0.0002315144915888672,,,,,,0.0001224247821802292,-9.104055402696142e-05,,,-0.0003720494616576476,,,-3.0083923040041116e-05,-2.409668860905292e-06,,0.00046712958657973535,,,-0.00020774660650930448,,0.00036603987353127544,,8.542333983255012e-05,,,,,,-0.0001626247205011448,-4.969830434125867e-06,,,,,,0.0004944646984369183,,,,,,,,,,,,,,,,,,,,-6.709641569362198e-05,,,-0.0003347914766236772,,,,,,0.0002681762779192669,,-0.00022383938152536963,-0.0002696973102821851,-0.00016414171309233643,,,-0.0002838502120997797,0.00018126539859258925,0.0001284836401183983,,,,,-3.939900858779738e-05,0.0008491008199982653,0.0028084133879644263,
2023-10-31,,,,0.00019338104665446012,-0.0002768109801925859,-0.0005289603096781583,-0.0004883646738064554,,,,,,0.00023584668742241964,-0.0003765497367997384,,,0.0008215521258274284,,,7.663234920464603e-05,-4.1770498860754566e-05,,-0.0010073330542082204,,,-0.00055556749481324,,-0.0007226235076550498,,-0.0013700909092250265,,,,,,0.00035018297741184915,-0.0001802400867584258,,,,,,-0.0016628445032761052,,,,,,,,,,,,,,,,,,,,-0.0006459105583089054,,,-0.0007576658151374396,,,,,,-0.0016204986402727044,,-0.00033593865330694894,-0.0006249374362745343,-0.00031191328258601197,,,-0.0011502520291548398,-2.7500829471110325e-05,-0.0004036805725092201,,,,,-0.0002972852904102533,-9.884998148317841e-05,0.0008271937999172232,
2023-11-30,,,,-0.00011631180848263486,0.00022961767441279129,0.0002579242136641698,0.0002622924220246697,,,,,,-0.00041602442273523405,-0.0001899547492824786,,,0.00010108200256627311,,,-7.952390933875657e-05,-0.00020331418371637277,,0.0008698959498211661,,,4.7899030623118824e-05,,-3.89298991605287e-05,,-0.0009799202157562156,,,,,,-0.0004557517954080503,-9.260693618025569e-05,,,,,,7.530899515164328e-05,,,,,,,,,,,,,,,,,,,,-0.0003097219066929787,,,-0.0004866211030720883,,,,,,0.000824089160534821,,-8.913333371654928e-05,0.00010671024866465614,-0.0001527485493094167,,,-7.988704225212592e-06,-0.00040815068277360607,-1.5183862733580038e-05,,,,,-0.00028964793092946673,8.405759550819253e-05,0.0011707056700083114,
2023-12-31,,,,-0.0002653195186824192,2.488861937156295e-06,0.00022970549307786372,4.867655467715909e-07,,,,,,-0.0001261859071613467,3.674885020768975e-05,,,3.943628774797253e-05,,,0.00021300382561362734,0.00019919198920788345,,-0.0012155633074376394,,,-0.0002055803991905499,,0.0005055768281030265,,0.0001658651113595726,,,,,,0.0008082475655868177,0.00015076457443499123,,,,,,0.0005817605222777481,,,,,,,,,,,,-0.00045275117051853754,,,,,,,,0.0002486144064197408,,,0.0003790643371699133,,,,,-0.00013471152113286815,-0.00017249368110651268,,2.7508487907119466e-05,-0.00015749642035088672,0.0001163848558764432,,,-5.6406013525179445e-05,-9.884125959052987e-05,0.00024043495374168912,0.0004552414957816044,,,,0.0002648956310044092,0.00029529285545371167,0.0006447485797697321,
2024-01-31,,,,0.002137190896793641,0.0013407788278662156,0.0008818663657240892,0.0013274381249793559,,,,,,-0.0013425100504072963,0.0007989094014226361,,,0.001364191010126098,,,0.0009932872717905298,0.0009936581984041027,,-0.0001702546375808188,,,0.0011866915869622027,,0.0009200323130003808,,0.001450246152433698,,,,,,3.3461683203554266e-06,0.0007264146203263154,,,,,,0.0016763744273938464,,,,,,,,,,,,0.000583307877469239,,,,,,,,0.0009929604900417752,,,0.001063567420131797,,,,,0.0013159553781817838,0.0013507470647607209,,0.0005858190383129117,0.0005982494517759411,0.0009033534560529124,,,0.0024534409334537174,-0.0017782734278858747,0.0006813845936893282,0.0006349744532219032,,,,0.0006278098007714845,0.00294786034357255,0.0014664595145469595,
2024-02-29,,,,-0.0001476138794451154,0.0003750163300080298,0.0003095909310679751,0.0007258756706110677,,,,,,9.940530098711997e-05,0.0005045876448006886,,,-0.0004254586831016681,,,-0.00016169859002181108,-0.00025823235646740177,,0.00040485567261637826,,,-0.0003701519941377221,,-0.000273856332499916,,-0.0004693808306884824,,,,,,-0.00047127051514534184,0.0005189809186801451,,,,,,0.0006797798104529409,,,,,,,,,,,,-8.066486752933248e-05,,,,,,,,-0.00014777099875208405,,,-0.000722287718002149,,,,,-0.000129953181078271,-0.00014593896376453256,,0.00036553273718015824,0.00043041951522562353,0.0001873647871422048,,,-0.001092127378420868,0.00011690798332180873,0.00020771312956181564,0.00022165746889715883,,,,0.0001762440403445558,0.0004468437036765731,0.000576437458844301,
2024-03-31,,,,0.0006941540114894152,0.0003537480383068455,-0.00010119305379805933,-0.0001914302089333571,,,,,,-0.00024960763911043856,0.0005156275524150892,,,0.00040419748081903776,,,0.00037391926466933816,0.00011439824158987988,,0.00026126992724383234,,,0.0014419263309610872,,-2.2809318742386646e-05,,0.001039893921618105,,,,,,0.0008661207609896676,0.0004985846391028643,,,,,,0.001787303758120613,,,,,,,,,,,,-0.0002130793764137091,,,,,,,,0.0005007006375656156,,,0.0003222213338555213,,,,,0.001270623312378487,0.0012969299641216925,,0.0008201970075167856,0.0005185370460557006,0.0007394179744319979,,,0.00033314106880749785,-0.0012230747407358444,0.00012236355602243654,0.0005510499079514422,,,,0.000247280600023587,0.00036941607297191975,-0.0007187483744232936,
2024-04-30,,,,0.000257962522221135,0.000354117808326194,-0.00014713190735177195,-0.0002694983212629487,,,,,,0.0007286020203932681,0.0004046715514858052,,,0.0013466068104305974,,,0.0005650799574165186,0.0007046066452175227,,-0.0007906034477090982,,,0.00025484034407576966,,0.0008687820923807784,,-0.0003666896302210125,,,,,,-0.002077217494385051,0.00019865841927365076,,,,,,0.001589712060823063,,,,,,,,,,,,0.000303762611991344,,,,,,,,-0.0002162286210492849,,,-6.268998709698135e-05,,,,,0.0008852793325921424,0.0012364192541014574,,0.00043768382613484957,0.0004109980849388672,0.0005243711278694324,,,0.0015199117812125932,-0.0012594239539548521,-1.4396690669361064e-05,-0.0003006083067991922,,,,0.0003171871616343355,0.0008052740068848834,0.0005098898456048556,
2024-05-31,,,,2.0616515412228153e-05,-0.00015538745761963486,-5.829739771159067e-05,0.0001698176007939411,,,,,,-0.0007048576154753936,-0.0001533270802791996,,,-0.00033778098345031476,,,-0.00039945169337498226,-0.00045024070889316647,,-0.00031993704002060083,,,-0.0004244744581670037,,-0.0001636735292961409,,0.0002473313933619211,,,,,,-0.0007517958291470438,-0.00028346208427477537,,,,,,-2.0837828576720758e-05,,,,,,,,,,,,0.0001917537664346349,,,,,,,,-0.00037665846859127785,,,4.3831257668837934e-05,,,,,0.0001187111061771039,0.0001948141851642384,,-0.00022954618238581979,-0.00036747833700852446,-4.124683101245683e-06,,,0.00045277778414846797,-0.00011072170015262059,-3.21697665575065e-05,0.000501252699226402,,,,0.0002526881056904045,0.000992848487497456,0.0008679365670900783,
2024-06-30,,,,0.001015214981949107,0.0009988198682326995,-0.00021936415800860592,-5.780100354496105e-05,,,,,,-0.0014162697144122632,0.0012867874194197437,,,0.0012233040289506638,,,0.00041827035315279823,0.00027831793639888756,,-0.0008073210576440361,,,0.00246025337008369,,0.0005414881282095086,,,,,,,,-0.0004463530957465425,0.0011012562598511127,,,,,,0.0010028189135047006,,,,,,,,,,,,,,,,,,,,,,,,,,,,0.001574493462251433,,,0.001085160668230546,0.0010453955305346888,0.0012652217820842834,,,0.000512460211708099,0.0010238210317596668,0.00038212999938045246,0.0014029770988064811,,,,0.001076158527652047,0.0010692095929365332,0.001938969107364608,
2024-07-31,,,,-0.0009183243935196301,-0.0009126420752882085,-0.00016293958682140643,-0.00020961459665345654,,,,,,0.001354527611357067,-0.000586326216591288,,,-0.00024801992777416146,,,-0.0009312436940434462,-0.0007160428750494024,,0.0005162397160466238,,,0.0004772445234105723,,-1.720245440931465e-05,,,,,,,,0.0008598800912915948,-0.00042119238308556953,,,,,,-0.0020926642318032317,,,,,,,,,,,,,,,,,,,,,,,,,,,,-0.0006793188562052598,,,-1.761422262425724e-05,-0.0004775123102346632,-0.0003527312379090764,,,-0.0011542030248000096,3.0532315998448327e-05,-0.00033772623928679296,-0.0016083565413180382,,,,0.0005058568055883449,-0.0010496034206192648,-0.001342823098354631,
2024-08-31,,,,0.0004209560757683412,0.0003198976133163525,0.00021163421799238476,0.00034045108239979984,,,,,,-0.0004938040488609651,0.0001623847359788469,,,0.0002936722041480922,,,0.00029085968067528076,0.0003053422103963143,,0.0013639330146585792,,,8.35078301187183e-05,,-0.0002744691073939334,,,,,,,,0.00034116290893727755,0.0002432958493075784,,,,,,0.0007714411051487923,,,,,,,,,,,,,,,,,,,,,,,,,,,,4.145683811022107e-05,,,0.0001379910722528255,0.0003203184303977552,0.00012504694529403591,,,0.0009338386547685988,-0.00014510644681710322,0.0006675480938294385,-0.0007492656213258826,,,,-0.00011738826278114132,0.00030108881610863193,-0.0005961111790189057,
2024-09-30,,,,-0.0010232106254298805,-0.0014455026411581392,-0.0007399830129889879,-0.001760211859862927,,,,,,-0.00010439918641649953,-0.0014464470404930959,,,-0.0004445487663342392,,,-0.0003616829004089568,-0.0004141426744363434,,0.0014178220715436397,,,-0.002862508301859241,,8.737724954738353e-05,,,,,,,,-0.0008956575294752074,-0.0016221972502212406,,,,,,0.00011365582991233657,,,,,,,,,,,,,,,,,,,,,,,,,,,,-0.004263956446057477,,,-0.00134484701811207,-0.0014682111743450075,-0.0012945576789427074,,,-0.0020785575563617713,-0.002032771339983649,-0.0006591996971033491,-9.78462325956185e-06,,,,-0.0011674526636631544,-0.0013799601509617192,0.0002143360800924903,
2024-10-31,,,,-0.0001206405117059178,-0.0002661719551863454,-0.0006744440733451402,-0.0016457550251668357,,,,,,0.0014868500609781367,-3.6935250811582e-05,,,0.0010345889237823522,,,0.0001503331045400074,0.000241764816234756,,0.0012532416932347047,,,-0.001803347020257276,,-0.002039359025921635,,,,,,,,-0.002927313388638091,-0.0004943141821950191,,,,,,-0.0010281645122091436,,,,,,,,,,,,,,,,,,,,,,,,,,,,-0.0007952959112272629,,,-0.00035191533812762595,-0.0003271395059710558,-5.0688008791892426e-05,,,-0.0030906804155604096,0.0009855087744908978,-0.00013991111752044926,0.0005620406597347228,,,,-0.0004408770367320537,-0.0001552206404884192,0.001545459467399854,
2024-11-30,,,,-0.0005709374904043141,-0.0007354399604523044,-0.0004960638486463955,-0.0009531894442957962,,,,,,0.00037938943678984257,-0.0006488870147408191,,,-0.000577372810398078,,,-0.000283504731459186,-0.0003021492454651656,,0.0004877760405228048,,,-0.0012351498492402357,,-0.0021666670097256853,,,,,,,,0.0004650083708626816,-0.0007268932307607424,,,,,,-0.0006603380752823279,,,,,,,,,,,,,,,,,,,,,,,,,,,,-0.00024682005880721433,,,-0.00047134817987521245,-0.00034847610020464717,-0.0005756070533910261,,,0.00036094016686802165,0.0009237335629429848,0.0004198021368188813,-0.0008881569644425977,,,,-0.0010137828048258067,-0.0002728876058444337,-0.00014934160711574913,
2024-12-31,,,,0.0010179354832564754,0.000798949835664504,0.0013399636364472367,0.0012633516685615685,,,,,,-0.002284875281836668,0.0005436819739779385,,,-0.001393745402736966,,,0.0005279204979318146,0.0005140243528520367,,0.0015536114555039363,,,0.0016037479453263111,,0.00044287322257205935,,,,,,,,-0.0007213175185505141,0.00036186640159617225,,,,,,0.001556011516417688,,,,,,,,,,,,,,,,,,,,,,,,,,,,0.0011509890119483447,0.0013194126313633846,,0.0005991080786590822,0.0006129394210280759,0.0006890233916494844,,,0.0009887551239415703,0.0005161178481660576,0.0002674164823430951,-8.63272487642222e-05,,,,0.0007718266337200442,0.00047236961268786766,0.002141139218015268,
2025-01-31,,,,-9.228590903137787e-05,0.0004172222201918251,0.0012917960607405183,0.0007737232635395591,,,,,,-0.002273072968241841,0.0004486256382017548,,,0.0016627104196334172,,,-0.00036769802718114955,-0.0003578444045176896,,-0.0015977772235657851,,,0.0011284963427033367,,0.0007797724848978858,,,,,,,,-0.000667613727006401,0.0006104621308357009,,,,,,0.0006802672138594089,,,,,,,,,,,,,,,,,,,,,,,,,,,,-0.00032149056313387115,-4.571314797467288e-05,,0.00044737096341617837,0.0005589633110255343,0.0005549429472848501,,,0.00015629805506047782,0.0005359471134737476,0.0005503135674302228,0.0014607553237250897,,,,0.0007697048359561144,0.0004645396293578297,-0.0014961851801298383,
2025-02-28,,,,0.00043609216613493335,-0.00020909591231149297,3.108536091231482e-05,6.806651579704228e-05,,,,,,0.001251590189546715,-9.519310832355394e-05,,,0.0006516204988736912,,,6.450417994827407e-05,0.00016380142115033185,,0.006897194383153157,,,-0.0007462923901474054,,0.00025620002856637154,,,,,,,,6.185917954067868e-05,-0.0003878421932663041,,,,,,-0.0004980851858400537,,,,,,,,,,,,,,,,,,,,,,,,,,,,-0.00039767759705303004,-0.0008101691402979461,,-0.00010473525041757526,-0.0004378305339278626,-7.677021348176953e-05,,,-0.00033202131259182466,6.764161368374434e-05,-0.00020600712885740982,-0.001630814220968427,,,,-0.0009328610174612389,-0.0004910968951566997,0.0014878932092188544,
2025-03-31,,,,-0.00017017992363786366,5.7110400969521245e-05,0.0007022476114501003,0.0006593886434410261,,,,,,-0.0014887166286814493,0.0004010278442489555,,,0.0012118094541170286,,,-0.00014244230417587202,-0.00022658028097626747,,-0.0010276013012323671,,,0.0007692727774512895,,0.0013093345333885728,,,,,,,,0.00044152131511229255,0.00032096769840923064,,,,,,0.0009823064499805928,,,,,,,,,,,,,,,,,,,,,,,,,,,,0.00018424353341894988,0.0004286855105872204,,0.0003157875573205786,0.00025949153697172846,0.0002939448639454771,,,0.0005094081290892339,-0.0002532055178491374,0.0003045867561477324,-1.3388268478787184e-06,,,,0.0010364058546659734,0.0012838927688204624,0.0003327967324552891,
2025-04-30,,,,0.00020269691928740747,0.00019498930849674466,0.00017724710237446078,-2.2901705506041618e-05,,,,,,-0.0013846216858876244,0.00012191499756431414,,,-0.00019143283607588808,,,0.00011526182360739894,0.00017526945773447059,,-0.0007538890209953641,,,0.00019559601022265982,,0.0005895559360470206,,,,,,,,-0.0008920366850217456,0.0001438518634049663,,,,,,-0.00030305217148248544,,,,,,,,,,,,,,,,,,,,,,,,,,,,-0.00013773807078257532,-0.00023552799865709815,,0.00016707635285308385,4.7263467702552744e-05,6.813226496961105e-05,,,0.0008708000006086815,-0.00013127228359235371,0.00013828565678299643,-0.0005178381631605112,,,,0.000477674874443948,0.00021972627601079173,0.001328579631524453,
2025-05-31,,,,-0.0003740351341891756,-0.0001869576601394231,-1.4970268760180362e-06,-2.161566981893063e-05,,,,,,-0.00029794559077058955,-0.00027149301502747323,,,0.0002499956015421429,,,-0.0002666518593488748,-0.0003096164434331635,,-0.00029775053248132797,,,-0.0003654120529947657,,-4.6398106280306515e-05,,,,,,,,0.00017665695271776264,-0.0002203564928064191,,,,,,-0.0001068596601910005,,,,,,,,,,,,,,,,,,,,,,,,,,,,-0.0002291367586428215,-0.00026298717078684876,,-0.0002641711903299862,-0.00011760161593224671,-0.00019802145187032257,,,0.00018580910309545952,-0.0001629342751890965,-0.0003753554358687871,-0.0003821300139939457,,,,-0.0006674702811880608,0.00045352060786124605,0.0006470241193241469,
2025-06-30,,,,-0.00014208269740053286,0.0001810489334308267,0.00017924741270539753,0.0002718449797880947,,,,,,0.0016257192456148922,4.4310705051466436e-05,,,-0.001924520180994508,,,3.5621453122290005e-05,-5.696881147609227e-05,,-0.0009719369466412646,,,-0.0008890297756958004,,0.0005610382827439022,,,,,,,,0.0006831360343673372,0.00021386992559225458,,,,,,-0.0005537071872838678,,,,,,,,,,,,,,,,,,,,,,,,,,,,,-0.0001116077898715971,,0.0003274940269299986,0.0005732227369005326,5.074145485421735e-05,,,-0.0028195783236565643,0.0007157342574321323,0.000157532220560277,0.0007047440446503471,,,,-0.001692066327983804,-0.0003470197352520522,-0.0008319775682061236,
2025-07-31,,,,-0.00028038375312237153,-0.0004340307907192532,-2.3500898165394972e-05,0.00012001699729855319,,,,,,-0.0006844026168154227,-0.00015276993359387948,,,7.069892773926735e-05,,,-0.0003343299961147726,-0.0004109526318860722,,0.00031469797446965423,,,0.00027594553282562286,,-0.0002583630242647392,,,,,,,,-0.0004303823185634773,-8.153580235357701e-05,,,,,,-0.0002894521271590183,,,,,,,,,,,,,,,,,,,,,,,,,,,,,-0.00029558274718671757,,3.3766530969071696e-06,-5.3534019431402064e-05,-3.608425489613989e-05,,,-0.0021537590970399593,-0.001060391627763232,0.0007876892746264792,0.0014301193413868544,,,,-0.0003173294002734722,1.0401840875940363e-05,0.0007804548765888666,
2025-08-31,,,,-0.0002603760911780883,0.0005463491658116738,-0.001051625449064507,-0.0010872688396510338,,,,,,0.003663709866018743,0.000466521229292017,,,-0.000238682402488366,,,-0.00024344067309606813,-0.00020176539353524152,,-0.0010976548585956945,,,0.0026121936198286884,,0.00225203393819206,,,,,,,,0.0011792219080225467,0.0012730830287639196,,,,,,0.0015280695008505663,,,,,,,,,,,,,,,,,,,,,,,,,,,,,-0.001008118484394352,,0.0005569028523954142,0.0013098676267230165,0.000587870300949344,,,-0.004028456319270649,0.002583745227509165,0.0010810629215890239,0.0023985745396722245,,,,-0.0013006297603592172,-0.002268752938287287,-0.003412287077288338,
2025-09-30,,,,0.0003792274935224745,0.0005657740186249734,-6.0375682982098364e-05,-0.0009375511703995457,,,,,,0.009016220015179375,0.0005073215598198951,,,-0.0002392717893310808,,,0.0005093902872174123,0.0004884838022222419,,0.0017032187743642774,,,0.0008966764690566663,,0.0005849911335243781,,,,,,,,0.0011624152698195395,0.0011313857787633743,,,,,,-0.0011909054149178376,,,,,,,,,,,,,,,,,,,,,,,,,,,,,-0.0014159622699850582,,0.0004382628051870379,0.0011337421981517186,0.00014123387201600427,,,-0.0010802161883389208,0.0016337815687658545,0.0007775585116289897,0.002840702277285215,,,,-0.0012728095059245039,-0.001566137442691442,-0.0012249825548056494,
2025-10-31,,,,-0.0001035793682579183,-0.0004947132878858245,0.00035367263476183367,0.00018182729605997799,,,,,,-0.00011571314191594583,7.761191061175607e-05,,,-0.0005381971767939871,,,-4.607958158109621e-05,-5.4011928226604265e-05,,-0.0010912233968487237,,,-6.36270949897554e-05,,-0.0012176847157449723,,,,,,,,0.0023012001789934023,0.0002044366501863397,,,,,,-0.0005871411990810708,,,,,,,,,,,,,,,,,,,,,,,,,,,,,-0.0004683311303429864,,0.00016950425657371205,-6.174880224737214e-05,0.0001186655363555266,,,0.0003245320510277137,-0.0012029600731292445,0.0001930209149362699,0.0008206126744852082,,,,0.0006511826887470606,0.0010779644199856685,-0.0013047462417866199,
2025-11-30,,,,-6.683739173988236e-05,-0.0004203793236002286,0.0004385621687150188,0.00017378460811921575,,,,,,-0.0015084432240106247,-0.0005689601225477226,,,-0.00028823792645191697,,,-4.6342760768614424e-05,7.80281308030119e-05,,0.0001687583701390954,,,-0.0006204779408970488,,-0.0005864689552177838,,,,,,,,0.00046221283248950234,-0.0007578372399984548,,,,,,0.0001029143286561339,,,,,,,,,,,,,,,,,,,,,,,,,,,,,-0.00043564342764583724,,-0.0006584035581373395,-0.0007389266777355569,-0.000595839660588337,,,0.0007462360985267556,-0.00028739375486138617,5.058122195400428e-05,-0.0024164060488192016,,,,0.00017913717036595092,0.0005847880704119239,-0.000947130106369093,
2025-12-31,,,,0.000777647133848679,0.0002451240074513029,0.00012851426009123556,0.0004238372250827189,,,8.783432593893425e-05,,,0.003530608681667873,0.0005617845015453325,0.00021574827683412386,,6.275704826381022e-05,,,0.00020445351373438194,0.0004404098687486537,,,,,0.0013079515614013487,,0.0004197618821498205,,,,,,,,0.003317944368316121,7.524235147235638e-05,,,,0.00022808070456687468,,0.0003856419409043181,,,,,,,,,,,,,,,,,-0.0019302399817950262,,,,,,,,,,,,0.000568763304960958,,0.00033192177290301296,0.0009926155015701622,0.00026087867676208114,,,-0.0008349736403188166,0.0013461385218845275,0.0005398440219756481,0.0013130834383089586,,,,-9.885458909030234e-05,0.0008097807767556787,-0.0008658594700208774,
2026-01-31,,,,-0.0001906201450745232,0.00011261499633797975,-0.0010631653372282733,-0.0008092572317029593,,,-0.00022427955976351343,,,0.0016361245513431184,0.0001859267403383398,-0.0005400021905696827,,-0.0006039473229566739,,,0.0012462580601457572,0.0012636586450814563,,,,,0.0007704073548431266,,8.748555818830963e-05,,,,,,,,-0.0008896553608632281,-0.0001610212402368006,,,,-0.0011495840743922085,,-0.0006382652938499583,,,,,,,,,,,,,,,,,-0.0006115426206850542,,,,,,,,,,,,0.0007285907713978823,,0.0001396343770360476,0.00025536388895263393,0.00013816242685542527,,,-0.0012132833698915964,0.001117884494174122,-0.00019086234037736,-0.00035537930286222777,,,,-0.00020029247339379189,0.0008336697968376344,-0.0008879735368877428,
2026-02-28,,,,0.0005775353029081786,6.855728842798886e-05,7.463045670726221e-05,-3.602978406837663e-05,,,-0.00037683153800251477,,,-0.00032120555053095337,-0.0002836182016399279,0.00012369380816112965,,-0.0008381388877705407,,,0.0005259250862448002,0.0005771142768419582,,,,,-0.0003977145042144365,,-0.00026838189223481537,,,,,,,,-0.0002664601294421814,0.00035425304728134996,,,,0.0007412385208872703,,-0.0001146180703607196,,,,,,,,,,,,,,,,,-0.0003214615873238347,,,,,,,,,,,,0.0006959581316514471,,-0.00015444903572638965,-6.690975878204007e-05,-1.645551256796814e-05,,,-0.00011848754130840479,-0.00019776860874295139,-0.00035338702816167106,0.0006651982811449625,,,,-0.0002940334886633545,-5.106156857129697e-05,-7.750109646904872e-05,
2026-03-31,,,,-0.00020775782511162853,-0.00022510918822045311,0.00023561176429959707,0.0010141517460664899,,,0.0012606093525131766,,,0.004154621308446046,0.00012472312406148174,,,-0.00023494266894475837,,,-0.00048376563348131974,-0.00036781854806484156,,,,,-6.768010001581995e-06,,-0.00032781458770923203,,,,,,,,0.0005218961129528243,0.0004269466699370472,,,,0.000472462476783254,,0.00010161801631478981,,,,,,,,,,,,,,,,,0.0009089612935971606,,,,,,,,,,,,-0.0011517518333150343,,0.00026683936621742303,-0.00018538733289266758,0.0003047637120526255,,,,-0.0011734708742645859,-1.2755310167441638e-05,0.0001929439060985112,,,,,0.002548407160233134,0.001496574183725742,
2026-04-30,,,,0.0013462241139313976,0.0016654068492785857,9.27247076978194e-05,-1.300616767631901e-05,,,-0.0004295175645929767,,,0.0038509044394082173,0.0010115905798647577,,,-0.0017674487983462325,,,0.0015790299940548163,0.0015970625099268941,,,,,0.00197327466095166,,0.0006895430875797009,,,,,,,,0.006531430133340961,0.0004285072942366965,,,,0.0001670054502819403,,-0.0003383624739575425,,,,,,,,,,,,,,,,,-0.0015627855453130741,,,,,,,,,,,,6.61607538631902e-05,,0.0012080397339544737,0.0012398284239408576,0.0008558400131280175,,,,0.003262929078431754,0.0003375378880703832,0.0014468168328872536,,,,,0.0012598793404420957,-0.0009845697346822075,
2026-05-31,,,,-0.0006770543301271243,0.00083341388290307,0.00016601755923203147,0.00025661219780075654,,,0.0005542182723501903,,,0.002517404600482408,0.0010118741468164826,,,-0.00015988290064745955,,,-0.00011381567690334809,-6.865455029397068e-05,,,,,0.0028779111808113654,,0.004270363080357436,,,,,,,,0.007571805739824688,0.0009343280799861348,,,,0.0001350610158849329,,0.0005164543668937072,,,,,,,,,,,,,,,,,0.001952427699621963,,,,,,,,,,,,0.0022563961527937606,,0.0007173087221114764,0.0005100453895558192,0.000729745378898513,,,,-0.00040240008274281615,8.850539833333383e-05,0.00022437028669779866,,,,,0.001981236077872394,0.0005560235271687084,
2026-06-30,,,,0.0018210996201094467,0.0015407492869181196,-0.002612212470871087,-0.0006919600837445655,,,-0.000916748259791784,,,0.00475388996134694,0.0015005833448656816,,,0.0013703594117405432,,,0.0019038191810894626,0.001772988028152617,,,,,0.0025056478766023018,,0.0009824190058496805,,,,,,,,0.00355454097292006,0.0016986053610953211,,,,-0.0005230190029769243,,-0.0003149262308043168,,,,,,,,0.003965031231225543,,,,,,,,,-0.002241925082127314,,,,,,,,,,,,0.002562629274511879,,0.001475233273312029,0.0010361202802547163,0.0016744628639698258,,,,0.003844613211685502,-0.00044500554630355144,0.00034761270731273667,,,,,0.0010019120436257473,-0.0025586397299537443,
2026-07-31,,,,-0.0004184311218598064,-0.002017010762525567,0.003279007143134601,0.0025372623521480544,,,0.0011200593808473691,,,-0.0036968994263354743,-0.0012494509110701924,,,-0.00026249289689166225,,,-0.0014891677971621779,-0.0016116045408881429,,,,,-0.0025460337435161445,,-0.000692912397625778,,,,,,,,-0.0019326587043962107,-0.0016636621245236776,,,,0.000471666551596223,,0.0007145525806149197,,,,,,,,-0.0033813402646514774,,,,,,,,,0.004780306094145932,,,,,,,,,,,,0.0008031709730230977,,-0.0014314045027844114,-0.0014961943604013606,-0.001156876972229346,,,,-0.006207486767205492,-0.00027699435816812507,0.00013432021371285687,,,,,-0.0027689010145803025,0.0003094259460528399,
2026-08-31,,,,0.0011646499829382226,0.0007558296132510891,-0.0004997606296981399,0.000789040091606973,,,-0.000736955036904197,,,-0.0012118199691868346,0.0003430208977613701,,,3.896920878572183e-05,,,-0.00016719083615089248,-0.00019062261144783742,,,,,-0.00010734864213981486,,0.000496774783611566,,,,,,,,0.0027297894337273707,0.0005187223453496782,,,,-0.0005181069727224798,,-0.0001672146297032566,,,,,,,,0.00039471543091594205,,,,,,,,,-0.0014765318648323029,,,,,,,,,,,,0.00021478098230935048,,0.0007838947859351747,0.0007434496982296879,0.0006069260470889352,,,,0.002187771247097351,-0.0002556001328028025,0.0005081269285142522,,,,,0.0005739010559750052,-0.0010232142502716827,
