date,3YAvgAnnEPSGrw,3YAvgAnnSalesGrw,4WChgFwd12MEPS,6MAvgChg1MRecC,6MChgTgtPrc,6MChgTgtPrcGap,6MChgTgtPrcGapEMA,8WChgFwd12MEPS,AccrualRatioCF,AdjAccruals,AdjChgEPStoSales,AdjEPSNumRevFY2C,AdjIntCov,AdjRevMagC,AssetTurn,AstAdjChg1YEPS,AstAdjChg1YFCF,AstAdjChg1YOCF,AstAdjChg3YFCF,BuyToSellRecLess3MEMA,BuyToSellRecLess3MSMA,CapAcqRatio,CapExToAst,CapExToSales,CashAst,Chg1YAstTo,Chg1YEPS,Chg1YOCF,Chg1YOPM,Chg3YAstTo,Chg3YFCF,ChgDeprCapex,DA,DIVIDENDGROWTH,DivToCF,DivperShareGrowth,EPSNumRevFY1C,EPSSurpC,EPSToOCFChg,EPSToSalesChg1Y,ETO,FCFEV,FCFEqt,FCFP,FCFSales,FinLev,FwdFCFPC,GPMargin,IO_ChgofIO_AM,IO_ChgofNumHD,IntCovRatio,InvPEGYC,InvToAsset,InvToAst,InvToAstChg1Y,InvTurn,LTDA,LTDE,NCAP,OCFEV,PAYOUTRATIO,PAdjChg1YCF,PAdjChg1YEPS,PAdjChg1YFCF,PAdjChg1YOCF,PAdjChg1YSales,PAdjChg3YEPS,PAdjChg3YFCF,PM1M,PrcTo260DL,ROAStddev20Q,ROEStddev20Q,RONA,Rev3MFY1C,Rev3MFY2C,RevMagFY1C,RskAdjRS,SEV,STO,STO_6M,SUEC,SalesToInvCap,ShareChg,SharpeRatio,SolvencyRatio,UnexpectedInvChg,UnexpectedRecChg,WCAccruals,WCapToSales
2012-12-31,0.02692932253658105,,,,,,0.046196017783796985,,,,0.0248854887289292,0.022643845746088805,,0.017365089287537185,,,,,,0.019075124070179018,,,0.042613007757985405,0.02000838559059978,,,,,,0.030574705093328845,0.009807355920808612,0.03351039196009695,,,,0.02622477147212981,,,,0.025150820648517452,0.012819474563078009,0.025721777224635128,,0.02996476335706977,0.022958258361793913,0.017931094953207855,0.04989820728817939,,0.03824988102215275,0.024090318121905614,,0.023621486646611282,,0.03402696302709811,0.012960202050492392,,,,0.040610269487275724,,0.024788251208622387,0.021639239333699767,0.013767875662171932,0.04728525160974858,0.03758239100554353,,,,,,0.01971211699997529,,,0.018737689162101827,0.030453526996658088,0.019087279691539876,0.01662403410610309,,,0.012024000344917154,0.01649334534399124,0.017482240345687843,,,,0.026485735489160413,,,
2013-01-31,0.02692932253658105,,,,,,0.046196017783796985,,,,0.0248854887289292,0.022643845746088805,,0.017365089287537185,,,,,,0.019075124070179018,,,0.042613007757985405,0.02000838559059978,,,,,,0.030574705093328845,0.009807355920808612,0.03351039196009695,,,,0.02622477147212981,,,,0.025150820648517452,0.012819474563078009,0.025721777224635128,,0.02996476335706977,0.022958258361793913,0.017931094953207855,0.04989820728817939,,0.03824988102215275,0.024090318121905614,,0.023621486646611282,,0.03402696302709811,0.012960202050492392,,,,0.040610269487275724,,0.024788251208622387,0.021639239333699767,0.013767875662171932,0.04728525160974858,0.03758239100554353,,,,,,0.01971211699997529,,,0.018737689162101827,0.030453526996658088,0.019087279691539876,0.01662403410610309,,,0.012024000344917154,0.01649334534399124,0.017482240345687843,,,,0.026485735489160413,,,
2013-02-28,0.02692932253658105,,,,,,0.046196017783796985,,,,0.0248854887289292,0.022643845746088805,,0.017365089287537185,,,,,,0.019075124070179018,,,0.042613007757985405,0.02000838559059978,,,,,,0.030574705093328845,0.009807355920808612,0.03351039196009695,,,,0.02622477147212981,,,,0.025150820648517452,0.012819474563078009,0.025721777224635128,,0.02996476335706977,0.022958258361793913,0.017931094953207855,0.04989820728817939,,0.03824988102215275,0.024090318121905614,,0.023621486646611282,,0.03402696302709811,0.012960202050492392,,,,0.040610269487275724,,0.024788251208622387,0.021639239333699767,0.013767875662171932,0.04728525160974858,0.03758239100554353,,,,,,0.01971211699997529,,,0.018737689162101827,0.030453526996658088,0.019087279691539876,0.01662403410610309,,,0.012024000344917154,0.01649334534399124,0.017482240345687843,,,,0.026485735489160413,,,
2013-03-31,0.01254231284214716,,,,,,0.02317931852919716,,0.022582264396256043,,0.04010575970531397,0.028755658956305667,,0.010816058969526907,,,,0.05094568009029176,,0.03891515321227805,,,0.015215385556443084,0.009226715101971749,,,,,,,0.009225823826276557,0.05625680033983998,,,,0.02840918833548531,,,,0.015446646919297247,,0.01207382127011649,0.017104400154579244,0.016610003845388965,0.012324228762272372,0.022609403135814953,0.023931778733354364,,0.05071260730504768,,,0.01357075838139936,,0.022630739735790745,0.027983883122139824,,0.053735911320683484,0.03639176079806547,0.0337222885768078,,0.035471684883858365,0.009536339808132902,0.0156616511154479,,0.05641011466057393,,0.01783351955259968,,,,0.012475538876845355,,,0.026079142211162493,0.015661220844422636,0.02689632002039686,0.03413124721648349,,,0.005483365098409975,0.008368065498895303,,,,,0.030967438290679734,,,
2013-04-30,0.01254231284214716,,,,,,0.02317931852919716,,0.022582264396256043,,0.04010575970531397,0.028755658956305667,,0.010816058969526907,,,,0.05094568009029176,,0.03891515321227805,,,0.015215385556443084,0.009226715101971749,,,,,,,0.009225823826276557,0.05625680033983998,,,,0.02840918833548531,,,,0.015446646919297247,,0.01207382127011649,0.017104400154579244,0.016610003845388965,0.012324228762272372,0.022609403135814953,0.023931778733354364,,0.05071260730504768,,,0.01357075838139936,,0.022630739735790745,0.027983883122139824,,0.053735911320683484,0.03639176079806547,0.0337222885768078,,0.035471684883858365,0.009536339808132902,0.0156616511154479,,0.05641011466057393,,0.01783351955259968,,,,0.012475538876845355,,,0.026079142211162493,0.015661220844422636,0.02689632002039686,0.03413124721648349,,,0.005483365098409975,0.008368065498895303,,,,,0.030967438290679734,,,
2013-05-31,0.01254231284214716,,,,,,0.02317931852919716,,0.022582264396256043,,0.04010575970531397,0.028755658956305667,,0.010816058969526907,,,,0.05094568009029176,,0.03891515321227805,,,0.015215385556443084,0.009226715101971749,,,,,,,0.009225823826276557,0.05625680033983998,,,,0.02840918833548531,,,,0.015446646919297247,,0.01207382127011649,0.017104400154579244,0.016610003845388965,0.012324228762272372,0.022609403135814953,0.023931778733354364,,0.05071260730504768,,,0.01357075838139936,,0.022630739735790745,0.027983883122139824,,0.053735911320683484,0.03639176079806547,0.0337222885768078,,0.035471684883858365,0.009536339808132902,0.0156616511154479,,0.05641011466057393,,0.01783351955259968,,,,0.012475538876845355,,,0.026079142211162493,0.015661220844422636,0.02689632002039686,0.03413124721648349,,,0.005483365098409975,0.008368065498895303,,,,,0.030967438290679734,,,
2013-06-30,0.029111121839430133,,,,,,,0.03368561829396064,,,0.0199522997515825,0.01468742409356961,,0.020714516524299842,,,0.02294406931610641,0.028551529200869438,0.020700759026759958,0.024029367488875904,,,,0.010504750891982956,,0.04561819291213903,0.022478128616187434,,,,0.006996932677354703,,,,,,,,0.03175830576492302,0.01668799911542979,,0.020766596084442694,0.008797603027068553,0.011045984368006167,0.010757411264484292,0.010549284876369776,0.03339269870783528,,0.04132242641250469,,,0.03701076037333603,,0.08376743929228887,0.032262348735309886,,0.05909384615432972,0.035045177935761396,0.03360901142165895,,0.01697713194383803,0.008197943027340733,0.00883174158852414,,0.02185971736710489,,0.007271623951768758,0.02746481728038362,,,0.012620070446871752,,,0.021295032256533092,0.03454047558896929,0.02317438912192844,,,,0.0097922285622138,0.010417279210156474,,,,,0.031715945487499245,,,
2013-07-31,0.029111121839430133,,,,,,,0.03368561829396064,,,0.0199522997515825,0.01468742409356961,,0.020714516524299842,,,0.02294406931610641,0.028551529200869438,0.020700759026759958,0.024029367488875904,,,,0.010504750891982956,,0.04561819291213903,0.022478128616187434,,,,0.006996932677354703,,,,,,,,0.03175830576492302,0.01668799911542979,,0.020766596084442694,0.008797603027068553,0.011045984368006167,0.010757411264484292,0.010549284876369776,0.03339269870783528,,0.04132242641250469,,,0.03701076037333603,,0.08376743929228887,0.032262348735309886,,0.05909384615432972,0.035045177935761396,0.03360901142165895,,0.01697713194383803,0.008197943027340733,0.00883174158852414,,0.02185971736710489,,0.007271623951768758,0.02746481728038362,,,0.012620070446871752,,,0.021295032256533092,0.03454047558896929,0.02317438912192844,,,,0.0097922285622138,0.010417279210156474,,,,,0.031715945487499245,,,
2013-08-31,0.029111121839430133,,,,,,,0.03368561829396064,,,0.0199522997515825,0.01468742409356961,,0.020714516524299842,,,0.02294406931610641,0.028551529200869438,0.020700759026759958,0.024029367488875904,,,,0.010504750891982956,,0.04561819291213903,0.022478128616187434,,,,0.006996932677354703,,,,,,,,0.03175830576492302,0.01668799911542979,,0.020766596084442694,0.008797603027068553,0.011045984368006167,0.010757411264484292,0.010549284876369776,0.03339269870783528,,0.04132242641250469,,,0.03701076037333603,,0.08376743929228887,0.032262348735309886,,0.05909384615432972,0.035045177935761396,0.03360901142165895,,0.01697713194383803,0.008197943027340733,0.00883174158852414,,0.02185971736710489,,0.007271623951768758,0.02746481728038362,,,0.012620070446871752,,,0.021295032256533092,0.03454047558896929,0.02317438912192844,,,,0.0097922285622138,0.010417279210156474,,,,,0.031715945487499245,,,
2013-09-30,0.035070355899933826,,,,,,,,,,0.04006340717882056,0.005864071180429144,,0.022057121568226437,,,0.012774869769870141,0.014419903013808879,0.022797116956680276,0.011593811186976239,,0.025943402140533083,,0.01059811001038619,,0.044753048464765195,0.01297795397001795,,,,0.024613084214243377,,,,,,,,0.01928155678491677,,,0.019413359418014624,0.019887881307192424,0.02257418999780391,0.02189226443438729,0.035889308816079726,0.03547089166131129,,0.01853702399288997,,,0.021930139460763567,,0.08481181393188468,0.03478028617151946,,0.04797266785061763,0.03624535343552625,0.01864062617849413,,0.01987336198828797,,0.011997741619130267,,0.04790574301056158,,,0.02270332718569942,,,,,0.01709339204921063,0.025434708163527053,0.03244040153818112,0.030174516071159122,,,,,0.03293750054916018,,,,,0.038585688828989655,,,
2013-10-31,0.035070355899933826,,,,,,,,,,0.04006340717882056,0.005864071180429144,,0.022057121568226437,,,0.012774869769870141,0.014419903013808879,0.022797116956680276,0.011593811186976239,,0.025943402140533083,,0.01059811001038619,,0.044753048464765195,0.01297795397001795,,,,0.024613084214243377,,,,,,,,0.01928155678491677,,,0.019413359418014624,0.019887881307192424,0.02257418999780391,0.02189226443438729,0.035889308816079726,0.03547089166131129,,0.01853702399288997,,,0.021930139460763567,,0.08481181393188468,0.03478028617151946,,0.04797266785061763,0.03624535343552625,0.01864062617849413,,0.01987336198828797,,0.011997741619130267,,0.04790574301056158,,,0.02270332718569942,,,,,0.01709339204921063,0.025434708163527053,0.03244040153818112,0.030174516071159122,,,,,0.03293750054916018,,,,,0.038585688828989655,,,
2013-11-30,0.035070355899933826,,,,,,,,,,0.04006340717882056,0.005864071180429144,,0.022057121568226437,,,0.012774869769870141,0.014419903013808879,0.022797116956680276,0.011593811186976239,,0.025943402140533083,,0.01059811001038619,,0.044753048464765195,0.01297795397001795,,,,0.024613084214243377,,,,,,,,0.01928155678491677,,,0.019413359418014624,0.019887881307192424,0.02257418999780391,0.02189226443438729,0.035889308816079726,0.03547089166131129,,0.01853702399288997,,,0.021930139460763567,,0.08481181393188468,0.03478028617151946,,0.04797266785061763,0.03624535343552625,0.01864062617849413,,0.01987336198828797,,0.011997741619130267,,0.04790574301056158,,,0.02270332718569942,,,,,0.01709339204921063,0.025434708163527053,0.03244040153818112,0.030174516071159122,,,,,0.03293750054916018,,,,,0.038585688828989655,,,
2013-12-31,0.023675950332268887,,,,,,,,,,0.05765293187518765,0.02760026241690018,,0.03456867871645346,,,0.033956550188200735,0.018553126672480727,0.01583590364395046,0.032865297171716754,,0.029795441887510724,,,,0.02805947709105714,0.017471438338873678,,,,0.017396014248564892,,,,,,,,0.06917320962687287,,,0.02646432640576484,0.026950094949268158,0.02792674313458332,0.017213627760163053,0.02179604404343681,0.03447964800327885,,0.01921687282330123,,,,,,0.03954496249387027,,0.0674145000704173,0.058862127582960305,,,,,0.01439397601184985,,0.05729397035127122,,,,,,,,,0.034346304961838964,0.0408267268569273,0.04256554708840529,,,,,0.0372272060708225,,,,,0.026873039181802567,,,
2014-01-31,0.023675950332268887,,,,,,,,,,0.05765293187518765,0.02760026241690018,,0.03456867871645346,,,0.033956550188200735,0.018553126672480727,0.01583590364395046,0.032865297171716754,,0.029795441887510724,,,,0.02805947709105714,0.017471438338873678,,,,0.017396014248564892,,,,,,,,0.06917320962687287,,,0.02646432640576484,0.026950094949268158,0.02792674313458332,0.017213627760163053,0.02179604404343681,0.03447964800327885,,0.01921687282330123,,,,,,0.03954496249387027,,0.0674145000704173,0.058862127582960305,,,,,0.01439397601184985,,0.05729397035127122,,,,,,,,,0.034346304961838964,0.0408267268569273,0.04256554708840529,,,,,0.0372272060708225,,,,,0.026873039181802567,,,
2014-02-28,0.023675950332268887,,,,,,,,,,0.05765293187518765,0.02760026241690018,,0.03456867871645346,,,0.033956550188200735,0.018553126672480727,0.01583590364395046,0.032865297171716754,,0.029795441887510724,,,,0.02805947709105714,0.017471438338873678,,,,0.017396014248564892,,,,,,,,0.06917320962687287,,,0.02646432640576484,0.026950094949268158,0.02792674313458332,0.017213627760163053,0.02179604404343681,0.03447964800327885,,0.01921687282330123,,,,,,0.03954496249387027,,0.0674145000704173,0.058862127582960305,,,,,0.01439397601184985,,0.05729397035127122,,,,,,,,,0.034346304961838964,0.0408267268569273,0.04256554708840529,,,,,0.0372272060708225,,,,,0.026873039181802567,,,
2014-03-31,0.013720413823281385,,,0.04364779640340578,,,,,,,0.0460282047766619,0.012383938905417238,,0.016232153582187225,,,0.02443646480630858,0.02472193566771525,0.026014745526180556,0.016191117646445905,,0.026701713279281336,,,,0.035976037785143085,0.009484589205882578,,,,0.010525456747324654,,0.03547447959491402,,,0.0472149556191447,0.0428511989435315,,0.060515665194194754,,,0.024180485205879274,0.02483597611825142,0.025720572386539423,0.03532202581303596,0.02202370042380356,0.03562510798452543,,0.0393103626293357,,,,,,0.06462348324757237,,0.026739081666682832,0.022437704977814537,,,,,0.018145209381117033,,0.03976029202074139,,,,,,,,,0.016149763198380507,0.019209951377026194,0.019010655794411777,,0.03286939523595641,,,0.01960581935501642,,,,,0.02230954567688941,,,
2014-04-30,0.013720413823281385,,,0.04364779640340578,,,,,,,0.0460282047766619,0.012383938905417238,,0.016232153582187225,,,0.02443646480630858,0.02472193566771525,0.026014745526180556,0.016191117646445905,,0.026701713279281336,,,,0.035976037785143085,0.009484589205882578,,,,0.010525456747324654,,0.03547447959491402,,,0.0472149556191447,0.0428511989435315,,0.060515665194194754,,,0.024180485205879274,0.02483597611825142,0.025720572386539423,0.03532202581303596,0.02202370042380356,0.03562510798452543,,0.0393103626293357,,,,,,0.06462348324757237,,0.026739081666682832,0.022437704977814537,,,,,0.018145209381117033,,0.03976029202074139,,,,,,,,,0.016149763198380507,0.019209951377026194,0.019010655794411777,,0.03286939523595641,,,0.01960581935501642,,,,,0.02230954567688941,,,
2014-05-31,0.013720413823281385,,,0.04364779640340578,,,,,,,0.0460282047766619,0.012383938905417238,,0.016232153582187225,,,0.02443646480630858,0.02472193566771525,0.026014745526180556,0.016191117646445905,,0.026701713279281336,,,,0.035976037785143085,0.009484589205882578,,,,0.010525456747324654,,0.03547447959491402,,,0.0472149556191447,0.0428511989435315,,0.060515665194194754,,,0.024180485205879274,0.02483597611825142,0.025720572386539423,0.03532202581303596,0.02202370042380356,0.03562510798452543,,0.0393103626293357,,,,,,0.06462348324757237,,0.026739081666682832,0.022437704977814537,,,,,0.018145209381117033,,0.03976029202074139,,,,,,,,,0.016149763198380507,0.019209951377026194,0.019010655794411777,,0.03286939523595641,,,0.01960581935501642,,,,,0.02230954567688941,,,
2014-06-30,0.033095932125329054,,,0.03517681959516511,,,0.036741370675162414,,,,0.021443313961636765,0.007300735614371732,,0.018363564445470815,,,,0.0392541831854627,0.016555686726488116,0.023442893248788312,,0.01266890618599362,,,,0.045052489261295854,0.024391046645677112,,0.019275319895006963,,0.011767921481586521,,0.0181196864635441,,,,0.022140449858037738,0.019298839514331558,0.02682049461313336,,,0.01184477142329111,0.011285585814892715,0.013582958276903588,0.03508738282938624,0.028855121429960332,0.04567296241182198,,0.01902402299775833,,,,,,0.08050230556879881,,0.025402474095662965,0.02642404364806605,0.06920688312528069,,,,0.013343367172610164,,0.04728972715847859,,,,,,,,,0.0187240551847774,0.02152535416383458,0.022101598807125214,,,,,0.025209995804499077,,,,,0.054007736590370274,,,
2014-07-31,0.033095932125329054,,,0.03517681959516511,,,0.036741370675162414,,,,0.021443313961636765,0.007300735614371732,,0.018363564445470815,,,,0.0392541831854627,0.016555686726488116,0.023442893248788312,,0.01266890618599362,,,,0.045052489261295854,0.024391046645677112,,0.019275319895006963,,0.011767921481586521,,0.0181196864635441,,,,0.022140449858037738,0.019298839514331558,0.02682049461313336,,,0.01184477142329111,0.011285585814892715,0.013582958276903588,0.03508738282938624,0.028855121429960332,0.04567296241182198,,0.01902402299775833,,,,,,0.08050230556879881,,0.025402474095662965,0.02642404364806605,0.06920688312528069,,,,0.013343367172610164,,0.04728972715847859,,,,,,,,,0.0187240551847774,0.02152535416383458,0.022101598807125214,,,,,0.025209995804499077,,,,,0.054007736590370274,,,
2014-08-31,0.033095932125329054,,,0.03517681959516511,,,0.036741370675162414,,,,0.021443313961636765,0.007300735614371732,,0.018363564445470815,,,,0.0392541831854627,0.016555686726488116,0.023442893248788312,,0.01266890618599362,,,,0.045052489261295854,0.024391046645677112,,0.019275319895006963,,0.011767921481586521,,0.0181196864635441,,,,0.022140449858037738,0.019298839514331558,0.02682049461313336,,,0.01184477142329111,0.011285585814892715,0.013582958276903588,0.03508738282938624,0.028855121429960332,0.04567296241182198,,0.01902402299775833,,,,,,0.08050230556879881,,0.025402474095662965,0.02642404364806605,0.06920688312528069,,,,0.013343367172610164,,0.04728972715847859,,,,,,,,,0.0187240551847774,0.02152535416383458,0.022101598807125214,,,,,0.025209995804499077,,,,,0.054007736590370274,,,
2014-09-30,0.01616285521948448,,,0.026546444199959027,,,0.05220177290175203,,,,0.018227962403544063,0.009097653254728418,,0.014078433336945686,,,,0.04171800900455919,0.03563241587587339,0.041341683911609424,,0.02697044183188144,,,,0.04821989959027824,,,0.02055407459643703,,0.012741982675787416,,0.018538951493932927,,,,0.017871088913489173,0.01452270865486973,0.056905465897246967,,,0.013017039479338686,0.02330780354070321,0.01351209422828064,0.01956277114303693,0.015310953988841747,0.026341817733347424,,0.018737464759290008,,,,0.06750237803435669,,0.033529344259160036,,0.02435749533039993,0.022925715423779806,0.0655621872820257,,,,0.013612100575616385,,0.05223654848597565,,,,0.054415422308128986,,,,,0.013906557759321975,0.015493349786052765,0.016029903336746736,,,,,0.019307208783218083,,,,,,,,
2014-10-31,0.01616285521948448,,,0.026546444199959027,,,0.05220177290175203,,,,0.018227962403544063,0.009097653254728418,,0.014078433336945686,,,,0.04171800900455919,0.03563241587587339,0.041341683911609424,,0.02697044183188144,,,,0.04821989959027824,,,0.02055407459643703,,0.012741982675787416,,0.018538951493932927,,,,0.017871088913489173,0.01452270865486973,0.056905465897246967,,,0.013017039479338686,0.02330780354070321,0.01351209422828064,0.01956277114303693,0.015310953988841747,0.026341817733347424,,0.018737464759290008,,,,0.06750237803435669,,0.033529344259160036,,0.02435749533039993,0.022925715423779806,0.0655621872820257,,,,0.013612100575616385,,0.05223654848597565,,,,0.054415422308128986,,,,,0.013906557759321975,0.015493349786052765,0.016029903336746736,,,,,0.019307208783218083,,,,,,,,
2014-11-30,0.01616285521948448,,,0.026546444199959027,,,0.05220177290175203,,,,0.018227962403544063,0.009097653254728418,,0.014078433336945686,,,,0.04171800900455919,0.03563241587587339,0.041341683911609424,,0.02697044183188144,,,,0.04821989959027824,,,0.02055407459643703,,0.012741982675787416,,0.018538951493932927,,,,0.017871088913489173,0.01452270865486973,0.056905465897246967,,,0.013017039479338686,0.02330780354070321,0.01351209422828064,0.01956277114303693,0.015310953988841747,0.026341817733347424,,0.018737464759290008,,,,0.06750237803435669,,0.033529344259160036,,0.02435749533039993,0.022925715423779806,0.0655621872820257,,,,0.013612100575616385,,0.05223654848597565,,,,0.054415422308128986,,,,,0.013906557759321975,0.015493349786052765,0.016029903336746736,,,,,0.019307208783218083,,,,,,,,
2014-12-31,,,,0.035520496485514225,,0.013632310084630296,0.015024144616077328,,,,0.02904545788217155,0.006553145831016455,,0.010854653640070759,,,,0.042582391225222053,0.03808438274159826,0.04371638072886869,,0.014321224270495309,,,,0.07270128774461555,,,0.0318741824670278,,0.013217124632528414,0.04994786731147106,0.022596805509103646,,,,0.016762045565810346,0.030530660292474154,0.03616894656955169,,,0.015546811208844172,0.01489375387218884,0.016918995765966508,0.010588966876462312,,,,0.023276337551675283,,,,,,,0.009443901153817455,0.031466527689004764,0.028774931035309613,0.044880038443429936,,,,,,0.05388418399382866,,,,0.030293955355066484,,,,,0.01134940290830293,0.027498188412345043,0.011930236181785596,,,,,0.028971862912216293,,,,,0.05127594815826968,0.06587245088323887,,
2015-01-31,,,,0.035520496485514225,,0.013632310084630296,0.015024144616077328,,,,0.02904545788217155,0.006553145831016455,,0.010854653640070759,,,,0.042582391225222053,0.03808438274159826,0.04371638072886869,,0.014321224270495309,,,,0.07270128774461555,,,0.0318741824670278,,0.013217124632528414,0.04994786731147106,0.022596805509103646,,,,0.016762045565810346,0.030530660292474154,0.03616894656955169,,,0.015546811208844172,0.01489375387218884,0.016918995765966508,0.010588966876462312,,,,0.023276337551675283,,,,,,,0.009443901153817455,0.031466527689004764,0.028774931035309613,0.044880038443429936,,,,,,0.05388418399382866,,,,0.030293955355066484,,,,,0.01134940290830293,0.027498188412345043,0.011930236181785596,,,,,0.028971862912216293,,,,,0.05127594815826968,0.06587245088323887,,
2015-02-28,,,,0.035520496485514225,,0.013632310084630296,0.015024144616077328,,,,0.02904545788217155,0.006553145831016455,,0.010854653640070759,,,,0.042582391225222053,0.03808438274159826,0.04371638072886869,,0.014321224270495309,,,,0.07270128774461555,,,0.0318741824670278,,0.013217124632528414,0.04994786731147106,0.022596805509103646,,,,0.016762045565810346,0.030530660292474154,0.03616894656955169,,,0.015546811208844172,0.01489375387218884,0.016918995765966508,0.010588966876462312,,,,0.023276337551675283,,,,,,,0.009443901153817455,0.031466527689004764,0.028774931035309613,0.044880038443429936,,,,,,0.05388418399382866,,,,0.030293955355066484,,,,,0.01134940290830293,0.027498188412345043,0.011930236181785596,,,,,0.028971862912216293,,,,,0.05127594815826968,0.06587245088323887,,
2015-03-31,,,,0.014954580909654961,,0.023292512089115733,0.026798637749340975,,,0.029650060444880173,0.025727480883273576,0.011256539481277871,,0.01752633490432913,,,,0.042788841845801805,0.03556644691292346,0.027804294702883772,,0.011013767915837263,,,,0.07012308689917446,,,0.04076459745690913,,0.015040850245600737,0.019736966730920843,0.039451179390139694,,,,0.023847012201699585,0.0227292985230756,0.02829528048254636,,,0.012500826409034249,0.023694111396372713,0.02542521829817924,0.016850040158440608,,,0.013103957389417008,0.030562283398364417,,,,,,,0.013444566247770092,0.026835093437892987,,0.07878946759022419,,,,,,0.04629219030228542,,,,,,0.018740945240124804,,,0.017422127365409712,0.025276130327231378,0.01943508971334798,,,,,0.02023347339045611,,,,,0.03485332581212171,0.05017338375394224,,
2015-04-30,,,,0.014954580909654961,,0.023292512089115733,0.026798637749340975,,,0.029650060444880173,0.025727480883273576,0.011256539481277871,,0.01752633490432913,,,,0.042788841845801805,0.03556644691292346,0.027804294702883772,,0.011013767915837263,,,,0.07012308689917446,,,0.04076459745690913,,0.015040850245600737,0.019736966730920843,0.039451179390139694,,,,0.023847012201699585,0.0227292985230756,0.02829528048254636,,,0.012500826409034249,0.023694111396372713,0.02542521829817924,0.016850040158440608,,,0.013103957389417008,0.030562283398364417,,,,,,,0.013444566247770092,0.026835093437892987,,0.07878946759022419,,,,,,0.04629219030228542,,,,,,0.018740945240124804,,,0.017422127365409712,0.025276130327231378,0.01943508971334798,,,,,0.02023347339045611,,,,,0.03485332581212171,0.05017338375394224,,
2015-05-31,,,,0.014954580909654961,,0.023292512089115733,0.026798637749340975,,,0.029650060444880173,0.025727480883273576,0.011256539481277871,,0.01752633490432913,,,,0.042788841845801805,0.03556644691292346,0.027804294702883772,,0.011013767915837263,,,,0.07012308689917446,,,0.04076459745690913,,0.015040850245600737,0.019736966730920843,0.039451179390139694,,,,0.023847012201699585,0.0227292985230756,0.02829528048254636,,,0.012500826409034249,0.023694111396372713,0.02542521829817924,0.016850040158440608,,,0.013103957389417008,0.030562283398364417,,,,,,,0.013444566247770092,0.026835093437892987,,0.07878946759022419,,,,,,0.04629219030228542,,,,,,0.018740945240124804,,,0.017422127365409712,0.025276130327231378,0.01943508971334798,,,,,0.02023347339045611,,,,,0.03485332581212171,0.05017338375394224,,
2015-06-30,,,,0.026597553888892338,0.017485061676693205,0.019449366274708293,0.022988589501929085,,,0.05599208926408746,0.014039680374823213,0.005069265146804289,,0.016177032157943614,,,,0.021293286253971314,0.017445251361881617,0.029802490053514475,0.023556927240972338,0.015138134374411902,,,,0.05017608036303528,,0.019893914479663516,0.04487135638005227,0.03235117349061293,0.015686599552339503,0.029333781478306075,0.025901189098042614,,,,0.022024260854371133,0.016986582444036922,0.015220602988470907,,,0.018325492756744374,0.015019249185006366,0.02007305810234794,0.009787809112842948,,,0.006040282553099359,0.04532202709961872,,,,,,,0.017828702943240016,,,0.05644456674945035,,,,0.028753707212166586,,0.022218450924585062,,,,,,0.0179256908762508,0.01893266664718526,,0.00819924381393869,0.021009156499997857,0.008982663982531674,,,,,0.014361603198909762,,,,0.045706842137227616,0.02578738520460891,0.04180113230068342,,
2015-07-31,,,,0.026597553888892338,0.017485061676693205,0.019449366274708293,0.022988589501929085,,,0.05599208926408746,0.014039680374823213,0.005069265146804289,,0.016177032157943614,,,,0.021293286253971314,0.017445251361881617,0.029802490053514475,0.023556927240972338,0.015138134374411902,,,,0.05017608036303528,,0.019893914479663516,0.04487135638005227,0.03235117349061293,0.015686599552339503,0.029333781478306075,0.025901189098042614,,,,0.022024260854371133,0.016986582444036922,0.015220602988470907,,,0.018325492756744374,0.015019249185006366,0.02007305810234794,0.009787809112842948,,,0.006040282553099359,0.04532202709961872,,,,,,,0.017828702943240016,,,0.05644456674945035,,,,0.028753707212166586,,0.022218450924585062,,,,,,0.0179256908762508,0.01893266664718526,,0.00819924381393869,0.021009156499997857,0.008982663982531674,,,,,0.014361603198909762,,,,0.045706842137227616,0.02578738520460891,0.04180113230068342,,
2015-08-31,,,,0.026597553888892338,0.017485061676693205,0.019449366274708293,0.022988589501929085,,,0.05599208926408746,0.014039680374823213,0.005069265146804289,,0.016177032157943614,,,,0.021293286253971314,0.017445251361881617,0.029802490053514475,0.023556927240972338,0.015138134374411902,,,,0.05017608036303528,,0.019893914479663516,0.04487135638005227,0.03235117349061293,0.015686599552339503,0.029333781478306075,0.025901189098042614,,,,0.022024260854371133,0.016986582444036922,0.015220602988470907,,,0.018325492756744374,0.015019249185006366,0.02007305810234794,0.009787809112842948,,,0.006040282553099359,0.04532202709961872,,,,,,,0.017828702943240016,,,0.05644456674945035,,,,0.028753707212166586,,0.022218450924585062,,,,,,0.0179256908762508,0.01893266664718526,,0.00819924381393869,0.021009156499997857,0.008982663982531674,,,,,0.014361603198909762,,,,0.045706842137227616,0.02578738520460891,0.04180113230068342,,
2015-09-30,,,0.04575392425228241,0.02934988712465378,0.009480363159772496,0.020309003930594472,0.02199984062555502,,,0.04878941012538798,0.012188321495958257,0.006343948457995108,,0.019472827097413718,,,,0.04523363901128115,,0.031144577466955665,0.013333229913061448,0.035591164249366126,,,,0.046073565349306185,,0.037380477134894306,,0.015231287752300121,0.014751840076603668,0.021161590668235322,,0.039283705677286354,,,0.01280778607610079,0.019281568822740933,0.030710467507435262,,,,0.03624914740150441,0.04812789912318756,0.009801051994737112,,,0.0061739578665374615,0.04980197759903034,,,,,,,0.008371628244322804,,,,,,,0.013773913147592031,,0.04175161747233811,,,,,,0.014103203678220294,0.0160442765150355,,0.020044564187552474,0.02210882772314517,0.02002478848316509,,,,,0.00777879809395905,,,,0.024035804992196267,0.0250824607361592,0.016219797300175556,,0.044833859465960975
2015-10-31,,,0.04575392425228241,0.02934988712465378,0.009480363159772496,0.020309003930594472,0.02199984062555502,,,0.04878941012538798,0.012188321495958257,0.006343948457995108,,0.019472827097413718,,,,0.04523363901128115,,0.031144577466955665,0.013333229913061448,0.035591164249366126,,,,0.046073565349306185,,0.037380477134894306,,0.015231287752300121,0.014751840076603668,0.021161590668235322,,0.039283705677286354,,,0.01280778607610079,0.019281568822740933,0.030710467507435262,,,,0.03624914740150441,0.04812789912318756,0.009801051994737112,,,0.0061739578665374615,0.04980197759903034,,,,,,,0.008371628244322804,,,,,,,0.013773913147592031,,0.04175161747233811,,,,,,0.014103203678220294,0.0160442765150355,,0.020044564187552474,0.02210882772314517,0.02002478848316509,,,,,0.00777879809395905,,,,0.024035804992196267,0.0250824607361592,0.016219797300175556,,0.044833859465960975
2015-11-30,,,0.04575392425228241,0.02934988712465378,0.009480363159772496,0.020309003930594472,0.02199984062555502,,,0.04878941012538798,0.012188321495958257,0.006343948457995108,,0.019472827097413718,,,,0.04523363901128115,,0.031144577466955665,0.013333229913061448,0.035591164249366126,,,,0.046073565349306185,,0.037380477134894306,,0.015231287752300121,0.014751840076603668,0.021161590668235322,,0.039283705677286354,,,0.01280778607610079,0.019281568822740933,0.030710467507435262,,,,0.03624914740150441,0.04812789912318756,0.009801051994737112,,,0.0061739578665374615,0.04980197759903034,,,,,,,0.008371628244322804,,,,,,,0.013773913147592031,,0.04175161747233811,,,,,,0.014103203678220294,0.0160442765150355,,0.020044564187552474,0.02210882772314517,0.02002478848316509,,,,,0.00777879809395905,,,,0.024035804992196267,0.0250824607361592,0.016219797300175556,,0.044833859465960975
2015-12-31,,,0.08161272112355228,0.03187345342332192,0.01780751534635551,0.019633857542478414,0.020181177193383304,,,0.027221312759081514,0.024932250392126036,0.013233263051711611,,0.019234523186103684,,,,0.016435027130150714,,0.029958579703214847,0.02962955833861118,0.03516030313221752,,,,0.022675205032655597,,0.043778054436565406,,0.03228896485282526,,0.02459891141606444,,0.0792032257091269,,,0.012744666083131295,,0.020979810515874907,,,,0.03584022821664821,,0.030251119299908688,,,0.016735702760860185,0.038811437803698445,0.0317404046802504,,,,0.026457620796960603,,0.009361747656651655,,,,,,,0.02828613856261882,,0.03627835960885434,,,,,,0.008036136630939383,0.019113320866186785,,0.019228324303044157,0.018871303656544214,0.01922401973010228,,,,,0.0073247044381334935,,,,,0.015384989797782614,0.03587206082226339,,
2016-01-31,,,0.08161272112355228,0.03187345342332192,0.01780751534635551,0.019633857542478414,0.020181177193383304,,,0.027221312759081514,0.024932250392126036,0.013233263051711611,,0.019234523186103684,,,,0.016435027130150714,,0.029958579703214847,0.02962955833861118,0.03516030313221752,,,,0.022675205032655597,,0.043778054436565406,,0.03228896485282526,,0.02459891141606444,,0.0792032257091269,,,0.012744666083131295,,0.020979810515874907,,,,0.03584022821664821,,0.030251119299908688,,,0.016735702760860185,0.038811437803698445,0.0317404046802504,,,,0.026457620796960603,,0.009361747656651655,,,,,,,0.02828613856261882,,0.03627835960885434,,,,,,0.008036136630939383,0.019113320866186785,,0.019228324303044157,0.018871303656544214,0.01922401973010228,,,,,0.0073247044381334935,,,,,0.015384989797782614,0.03587206082226339,,
2016-02-29,,,0.08161272112355228,0.03187345342332192,0.01780751534635551,0.019633857542478414,0.020181177193383304,,,0.027221312759081514,0.024932250392126036,0.013233263051711611,,0.019234523186103684,,,,0.016435027130150714,,0.029958579703214847,0.02962955833861118,0.03516030313221752,,,,0.022675205032655597,,0.043778054436565406,,0.03228896485282526,,0.02459891141606444,,0.0792032257091269,,,0.012744666083131295,,0.020979810515874907,,,,0.03584022821664821,,0.030251119299908688,,,0.016735702760860185,0.038811437803698445,0.0317404046802504,,,,0.026457620796960603,,0.009361747656651655,,,,,,,0.02828613856261882,,0.03627835960885434,,,,,,0.008036136630939383,0.019113320866186785,,0.019228324303044157,0.018871303656544214,0.01922401973010228,,,,,0.0073247044381334935,,,,,0.015384989797782614,0.03587206082226339,,
2016-03-31,,,0.06209409227761432,0.02149228805816638,,0.012417324055411492,0.012601851642390518,,,0.04106148079963612,0.011123489836090869,,,0.02623859817930732,,,,0.03737773516501251,,0.04049910356016752,0.018991010958881376,0.058842502642790624,,,,0.05091479480231511,,0.05050921874716092,,0.03690785687796906,,0.04149325681984895,,0.04330417620197346,,,0.035407846479753154,,0.017121634324986614,,,,0.059623565585207816,,0.02497751671027755,,,,,0.05384137523031722,,,,0.022792933970379046,,0.016025225578188067,,,,,,,0.016818917253940795,,0.019366794006704907,,,,,,0.013736412016113109,0.008311727504642666,,0.02611316766266798,0.026584075992415645,0.026003824811193683,,,,,0.008850405380011764,,,,,0.02609284061740387,0.032462956251059556,,
2016-04-30,,,0.06209409227761432,0.02149228805816638,,0.012417324055411492,0.012601851642390518,,,0.04106148079963612,0.011123489836090869,,,0.02623859817930732,,,,0.03737773516501251,,0.04049910356016752,0.018991010958881376,0.058842502642790624,,,,0.05091479480231511,,0.05050921874716092,,0.03690785687796906,,0.04149325681984895,,0.04330417620197346,,,0.035407846479753154,,0.017121634324986614,,,,0.059623565585207816,,0.02497751671027755,,,,,0.05384137523031722,,,,0.022792933970379046,,0.016025225578188067,,,,,,,0.016818917253940795,,0.019366794006704907,,,,,,0.013736412016113109,0.008311727504642666,,0.02611316766266798,0.026584075992415645,0.026003824811193683,,,,,0.008850405380011764,,,,,0.02609284061740387,0.032462956251059556,,
2016-05-31,,,0.06209409227761432,0.02149228805816638,,0.012417324055411492,0.012601851642390518,,,0.04106148079963612,0.011123489836090869,,,0.02623859817930732,,,,0.03737773516501251,,0.04049910356016752,0.018991010958881376,0.058842502642790624,,,,0.05091479480231511,,0.05050921874716092,,0.03690785687796906,,0.04149325681984895,,0.04330417620197346,,,0.035407846479753154,,0.017121634324986614,,,,0.059623565585207816,,0.02497751671027755,,,,,0.05384137523031722,,,,0.022792933970379046,,0.016025225578188067,,,,,,,0.016818917253940795,,0.019366794006704907,,,,,,0.013736412016113109,0.008311727504642666,,0.02611316766266798,0.026584075992415645,0.026003824811193683,,,,,0.008850405380011764,,,,,0.02609284061740387,0.032462956251059556,,
2016-06-30,,,0.03085939516640625,0.03695385969346993,,0.01976994819983338,0.01955750795023683,,,0.024593697684966873,0.03789234964883037,,,0.021248204735023694,,,0.024006035051739663,0.017409861507380685,,0.03253927184641809,0.037266839931953,0.015182137162228854,,,,0.04550735275246725,,0.032704708249569836,,0.03303673962106013,,0.04931106754701118,,0.037447136516873585,,,0.012956955327494978,,0.018606147117962043,,,,0.03375094849259181,,0.014581377340720424,,,,,0.030110822357364755,,,,,,0.010176796553903359,,,0.09894430562290997,,,,0.023365020677925237,,0.037340507541498945,,,,,0.024142192538217516,0.008660301779613962,0.022975709247553606,,0.01991504824493146,0.022474074736058107,0.02011096683342378,,,,0.014558112904734865,0.008024676037769608,,,,,0.03292969713849663,0.018393773923585304,,0.012696452317774057
2016-07-31,,,0.03085939516640625,0.03695385969346993,,0.01976994819983338,0.01955750795023683,,,0.024593697684966873,0.03789234964883037,,,0.021248204735023694,,,0.024006035051739663,0.017409861507380685,,0.03253927184641809,0.037266839931953,0.015182137162228854,,,,0.04550735275246725,,0.032704708249569836,,0.03303673962106013,,0.04931106754701118,,0.037447136516873585,,,0.012956955327494978,,0.018606147117962043,,,,0.03375094849259181,,0.014581377340720424,,,,,0.030110822357364755,,,,,,0.010176796553903359,,,0.09894430562290997,,,,0.023365020677925237,,0.037340507541498945,,,,,0.024142192538217516,0.008660301779613962,0.022975709247553606,,0.01991504824493146,0.022474074736058107,0.02011096683342378,,,,0.014558112904734865,0.008024676037769608,,,,,0.03292969713849663,0.018393773923585304,,0.012696452317774057
2016-08-31,,,0.03085939516640625,0.03695385969346993,,0.01976994819983338,0.01955750795023683,,,0.024593697684966873,0.03789234964883037,,,0.021248204735023694,,,0.024006035051739663,0.017409861507380685,,0.03253927184641809,0.037266839931953,0.015182137162228854,,,,0.04550735275246725,,0.032704708249569836,,0.03303673962106013,,0.04931106754701118,,0.037447136516873585,,,0.012956955327494978,,0.018606147117962043,,,,0.03375094849259181,,0.014581377340720424,,,,,0.030110822357364755,,,,,,0.010176796553903359,,,0.09894430562290997,,,,0.023365020677925237,,0.037340507541498945,,,,,0.024142192538217516,0.008660301779613962,0.022975709247553606,,0.01991504824493146,0.022474074736058107,0.02011096683342378,,,,0.014558112904734865,0.008024676037769608,,,,,0.03292969713849663,0.018393773923585304,,0.012696452317774057
2016-09-30,,,0.033639620926902404,0.03764272474191575,,0.020260909534504806,0.01977666277480002,,,,0.03741362311427738,,,0.010832748355655468,,,0.03956372656009397,0.03141895303238378,,0.03172465407899645,0.03667904802285312,,,,,0.04007614023969296,,0.030272336620330183,,0.028795013150582065,,0.02501187468876713,,0.03061600396294891,,,0.01364446708253684,,0.039940077737085376,,,,0.04399837172776764,,0.03453264379029601,,,,,0.017883388292261607,,,,,,,,,0.10245741139639651,,,,0.018966792116003498,,0.032529342858997466,,,,,0.027917403675769635,0.018658090348061006,0.024179127022290366,,0.021216984798727585,0.02336930665491278,0.02119616601393341,,,,0.01738887276986824,0.01589465697129321,,,,,0.018964104319058164,0.039421863780502484,,0.01411688883953376
2016-10-31,,,0.033639620926902404,0.03764272474191575,,0.020260909534504806,0.01977666277480002,,,,0.03741362311427738,,,0.010832748355655468,,,0.03956372656009397,0.03141895303238378,,0.03172465407899645,0.03667904802285312,,,,,0.04007614023969296,,0.030272336620330183,,0.028795013150582065,,0.02501187468876713,,0.03061600396294891,,,0.01364446708253684,,0.039940077737085376,,,,0.04399837172776764,,0.03453264379029601,,,,,0.017883388292261607,,,,,,,,,0.10245741139639651,,,,0.018966792116003498,,0.032529342858997466,,,,,0.027917403675769635,0.018658090348061006,0.024179127022290366,,0.021216984798727585,0.02336930665491278,0.02119616601393341,,,,0.01738887276986824,0.01589465697129321,,,,,0.018964104319058164,0.039421863780502484,,0.01411688883953376
2016-11-30,,,0.033639620926902404,0.03764272474191575,,0.020260909534504806,0.01977666277480002,,,,0.03741362311427738,,,0.010832748355655468,,,0.03956372656009397,0.03141895303238378,,0.03172465407899645,0.03667904802285312,,,,,0.04007614023969296,,0.030272336620330183,,0.028795013150582065,,0.02501187468876713,,0.03061600396294891,,,0.01364446708253684,,0.039940077737085376,,,,0.04399837172776764,,0.03453264379029601,,,,,0.017883388292261607,,,,,,,,,0.10245741139639651,,,,0.018966792116003498,,0.032529342858997466,,,,,0.027917403675769635,0.018658090348061006,0.024179127022290366,,0.021216984798727585,0.02336930665491278,0.02119616601393341,,,,0.01738887276986824,0.01589465697129321,,,,,0.018964104319058164,0.039421863780502484,,0.01411688883953376
2016-12-31,,,0.018577663746969696,0.03218796194124861,,0.015375697483560933,0.01478820987385353,,,,0.03894170109951034,,,0.01678638393393859,,,,0.029235507247098926,,0.025249692385541995,0.028411022249917192,,,,,0.035214842349705545,,0.05164121980707776,,0.024929801698675428,,0.04783719911716504,,0.0449199316535126,,,0.03517885976970736,,0.02211281719001431,,,,0.0599039213705041,,,,,,,0.018076461313566047,,,,,,,,,0.05578158206627468,,,,0.01564911796662355,,0.04919304836149463,,,,,0.02884810312226703,0.020998681550808668,,,0.03480333187067877,0.01879277505332907,0.016411666285572564,,,,0.02029354740754368,0.012797847747742603,,,0.04616834724792319,,0.039185923687720406,0.05232830864363282,,0.02937882475682045
2017-01-31,,,0.018577663746969696,0.03218796194124861,,0.015375697483560933,0.01478820987385353,,,,0.03894170109951034,,,0.01678638393393859,,,,0.029235507247098926,,0.025249692385541995,0.028411022249917192,,,,,0.035214842349705545,,0.05164121980707776,,0.024929801698675428,,0.04783719911716504,,0.0449199316535126,,,0.03517885976970736,,0.02211281719001431,,,,0.0599039213705041,,,,,,,0.018076461313566047,,,,,,,,,0.05578158206627468,,,,0.01564911796662355,,0.04919304836149463,,,,,0.02884810312226703,0.020998681550808668,,,0.03480333187067877,0.01879277505332907,0.016411666285572564,,,,0.02029354740754368,0.012797847747742603,,,0.04616834724792319,,0.039185923687720406,0.05232830864363282,,0.02937882475682045
2017-02-28,,,0.018577663746969696,0.03218796194124861,,0.015375697483560933,0.01478820987385353,,,,0.03894170109951034,,,0.01678638393393859,,,,0.029235507247098926,,0.025249692385541995,0.028411022249917192,,,,,0.035214842349705545,,0.05164121980707776,,0.024929801698675428,,0.04783719911716504,,0.0449199316535126,,,0.03517885976970736,,0.02211281719001431,,,,0.0599039213705041,,,,,,,0.018076461313566047,,,,,,,,,0.05578158206627468,,,,0.01564911796662355,,0.04919304836149463,,,,,0.02884810312226703,0.020998681550808668,,,0.03480333187067877,0.01879277505332907,0.016411666285572564,,,,0.02029354740754368,0.012797847747742603,,,0.04616834724792319,,0.039185923687720406,0.05232830864363282,,0.02937882475682045
2017-03-31,,,0.03511090413396979,0.04110629356540999,,0.009818601075923507,0.009406831676175098,,,,0.045649568477247264,,,0.02102789594399309,,,,0.041689979534743994,,0.03139281087474888,0.03534034850241831,,,,,0.04934400986695348,,0.036629548616978445,,0.0352875015310944,,0.055200263422743284,,0.03181437965121148,,,0.022110148719558045,,0.026451671210030985,,,,0.028039941372867905,,,,,,,0.017555906552428398,,,,,,,,,0.05322615747011646,,,,0.02204162945101437,,0.035190431636001565,,,,,0.02785522470505385,0.024565456036654474,,,0.02153309190470528,0.023407620841718962,0.020583148409911895,,,,0.03850682309310574,0.01627070553724203,,,0.04371258131936677,,0.022576944385584854,0.06029109271115617,,0.017262487769871222
2017-04-30,,,0.03511090413396979,0.04110629356540999,,0.009818601075923507,0.009406831676175098,,,,0.045649568477247264,,,0.02102789594399309,,,,0.041689979534743994,,0.03139281087474888,0.03534034850241831,,,,,0.04934400986695348,,0.036629548616978445,,0.0352875015310944,,0.055200263422743284,,0.03181437965121148,,,0.022110148719558045,,0.026451671210030985,,,,0.028039941372867905,,,,,,,0.017555906552428398,,,,,,,,,0.05322615747011646,,,,0.02204162945101437,,0.035190431636001565,,,,,0.02785522470505385,0.024565456036654474,,,0.02153309190470528,0.023407620841718962,0.020583148409911895,,,,0.03850682309310574,0.01627070553724203,,,0.04371258131936677,,0.022576944385584854,0.06029109271115617,,0.017262487769871222
2017-05-31,,,0.03511090413396979,0.04110629356540999,,0.009818601075923507,0.009406831676175098,,,,0.045649568477247264,,,0.02102789594399309,,,,0.041689979534743994,,0.03139281087474888,0.03534034850241831,,,,,0.04934400986695348,,0.036629548616978445,,0.0352875015310944,,0.055200263422743284,,0.03181437965121148,,,0.022110148719558045,,0.026451671210030985,,,,0.028039941372867905,,,,,,,0.017555906552428398,,,,,,,,,0.05322615747011646,,,,0.02204162945101437,,0.035190431636001565,,,,,0.02785522470505385,0.024565456036654474,,,0.02153309190470528,0.023407620841718962,0.020583148409911895,,,,0.03850682309310574,0.01627070553724203,,,0.04371258131936677,,0.022576944385584854,0.06029109271115617,,0.017262487769871222
2017-06-30,,,0.01675798697141967,0.05349555834674579,,0.011942274534825015,0.010888019272460995,,,,0.041386998033514304,,,0.02245360363870104,,0.020552874899854655,0.022993323682062597,,,0.01945413408463446,0.01894866249667492,,,,,0.019661519127110415,,0.030794602889718407,,0.028264568328916048,,0.04653721545253278,,0.06053291837127176,,,0.025163694513113392,,0.02028662468437223,,,0.06902216182028423,0.05370517297540308,,,,,,,,,,,0.05944384468410598,,,,,0.030946300431723694,,,,0.0177964637671654,,0.026603474469758352,0.02495476347520677,,,,0.014278122756310102,0.021920553727432516,,,0.024367398832904206,0.025184764754452797,0.023199769951409568,,,,0.03924053797757612,0.017056624859852022,,,0.019586190034089887,,0.038786868412414514,0.023792407741982272,,
2017-07-31,,,0.01675798697141967,0.05349555834674579,,0.011942274534825015,0.010888019272460995,,,,0.041386998033514304,,,0.02245360363870104,,0.020552874899854655,0.022993323682062597,,,0.01945413408463446,0.01894866249667492,,,,,0.019661519127110415,,0.030794602889718407,,0.028264568328916048,,0.04653721545253278,,0.06053291837127176,,,0.025163694513113392,,0.02028662468437223,,,0.06902216182028423,0.05370517297540308,,,,,,,,,,,0.05944384468410598,,,,,0.030946300431723694,,,,0.0177964637671654,,0.026603474469758352,0.02495476347520677,,,,0.014278122756310102,0.021920553727432516,,,0.024367398832904206,0.025184764754452797,0.023199769951409568,,,,0.03924053797757612,0.017056624859852022,,,0.019586190034089887,,0.038786868412414514,0.023792407741982272,,
2017-08-31,,,0.01675798697141967,0.05349555834674579,,0.011942274534825015,0.010888019272460995,,,,0.041386998033514304,,,0.02245360363870104,,0.020552874899854655,0.022993323682062597,,,0.01945413408463446,0.01894866249667492,,,,,0.019661519127110415,,0.030794602889718407,,0.028264568328916048,,0.04653721545253278,,0.06053291837127176,,,0.025163694513113392,,0.02028662468437223,,,0.06902216182028423,0.05370517297540308,,,,,,,,,,,0.05944384468410598,,,,,0.030946300431723694,,,,0.0177964637671654,,0.026603474469758352,0.02495476347520677,,,,0.014278122756310102,0.021920553727432516,,,0.024367398832904206,0.025184764754452797,0.023199769951409568,,,,0.03924053797757612,0.017056624859852022,,,0.019586190034089887,,0.038786868412414514,0.023792407741982272,,
2017-09-30,,,0.01630105576287747,0.04352514656166931,,0.01856414532049949,0.017284116995181256,,,,0.05493868682761912,,,0.017854669397522904,,0.020458583889209334,0.04785856053760049,,,0.03154784695998404,0.029474125077049242,,,,,0.0372874238607502,,0.030065986139104287,,0.014362876699757698,,0.03011027611381277,,0.030718561980181858,,,0.01982903406660877,,,,,0.062310548040622915,0.05080896054174898,,,,,,,,,,,0.037222398921012916,,,,,0.029643540097641193,,,,0.017375243180422367,,0.027051293214734894,0.025361840599706746,,,,0.014246859988314658,0.0151459773948052,,,0.019198642328432113,0.020309155050324088,0.018631619638516766,,,,0.037218517168666525,0.014321868705679896,,,0.037849413683659815,,0.052141202533945344,0.06098182272233729,,
2017-10-31,,,0.01630105576287747,0.04352514656166931,,0.01856414532049949,0.017284116995181256,,,,0.05493868682761912,,,0.017854669397522904,,0.020458583889209334,0.04785856053760049,,,0.03154784695998404,0.029474125077049242,,,,,0.0372874238607502,,0.030065986139104287,,0.014362876699757698,,0.03011027611381277,,0.030718561980181858,,,0.01982903406660877,,,,,0.062310548040622915,0.05080896054174898,,,,,,,,,,,0.037222398921012916,,,,,0.029643540097641193,,,,0.017375243180422367,,0.027051293214734894,0.025361840599706746,,,,0.014246859988314658,0.0151459773948052,,,0.019198642328432113,0.020309155050324088,0.018631619638516766,,,,0.037218517168666525,0.014321868705679896,,,0.037849413683659815,,0.052141202533945344,0.06098182272233729,,
2017-11-30,,,0.01630105576287747,0.04352514656166931,,0.01856414532049949,0.017284116995181256,,,,0.05493868682761912,,,0.017854669397522904,,0.020458583889209334,0.04785856053760049,,,0.03154784695998404,0.029474125077049242,,,,,0.0372874238607502,,0.030065986139104287,,0.014362876699757698,,0.03011027611381277,,0.030718561980181858,,,0.01982903406660877,,,,,0.062310548040622915,0.05080896054174898,,,,,,,,,,,0.037222398921012916,,,,,0.029643540097641193,,,,0.017375243180422367,,0.027051293214734894,0.025361840599706746,,,,0.014246859988314658,0.0151459773948052,,,0.019198642328432113,0.020309155050324088,0.018631619638516766,,,,0.037218517168666525,0.014321868705679896,,,0.037849413683659815,,0.052141202533945344,0.06098182272233729,,
2017-12-31,,,0.016641904149110456,0.03988868858343861,0.023970440722148552,0.009138017225338644,0.016749727091976946,,,,0.022788184421540906,,,0.018163204717505117,,0.026950948718450416,,,,0.03351318187910005,0.015146733698946186,,,,,0.04870746052817561,,0.039405566846553775,,,,0.04734793069566214,,0.0673105214597901,,,0.021282259989297073,,,,,0.07154159454422951,0.05552931662780123,,,,,,,,,,,0.05834245105145125,,,,,0.035773326744300435,,,,0.021662828206594733,,0.019806610992182925,0.028145043991968377,,,,0.017420325931189678,0.02723080184697626,,,0.020310253491269293,0.020584734751029666,0.018787319383031596,,,,0.021893000862265963,0.014454453669570447,,,0.025233528373985906,,0.04492433871389786,0.05135530009122035,,
2018-01-31,,,0.016641904149110456,0.03988868858343861,0.023970440722148552,0.009138017225338644,0.016749727091976946,,,,0.022788184421540906,,,0.018163204717505117,,0.026950948718450416,,,,0.03351318187910005,0.015146733698946186,,,,,0.04870746052817561,,0.039405566846553775,,,,0.04734793069566214,,0.0673105214597901,,,0.021282259989297073,,,,,0.07154159454422951,0.05552931662780123,,,,,,,,,,,0.05834245105145125,,,,,0.035773326744300435,,,,0.021662828206594733,,0.019806610992182925,0.028145043991968377,,,,0.017420325931189678,0.02723080184697626,,,0.020310253491269293,0.020584734751029666,0.018787319383031596,,,,0.021893000862265963,0.014454453669570447,,,0.025233528373985906,,0.04492433871389786,0.05135530009122035,,
2018-02-28,,,0.016641904149110456,0.03988868858343861,0.023970440722148552,0.009138017225338644,0.016749727091976946,,,,0.022788184421540906,,,0.018163204717505117,,0.026950948718450416,,,,0.03351318187910005,0.015146733698946186,,,,,0.04870746052817561,,0.039405566846553775,,,,0.04734793069566214,,0.0673105214597901,,,0.021282259989297073,,,,,0.07154159454422951,0.05552931662780123,,,,,,,,,,,0.05834245105145125,,,,,0.035773326744300435,,,,0.021662828206594733,,0.019806610992182925,0.028145043991968377,,,,0.017420325931189678,0.02723080184697626,,,0.020310253491269293,0.020584734751029666,0.018787319383031596,,,,0.021893000862265963,0.014454453669570447,,,0.025233528373985906,,0.04492433871389786,0.05135530009122035,,
2018-03-31,,,0.03897768424662947,0.0351924020741443,0.0178758268999661,0.018089237593965097,0.01730400418273337,,,,0.04555319007809103,,,0.016941233570081822,,0.02287434292599787,,,,0.0316109156219082,0.02928072431217759,,,,,0.04248926190483576,,0.038680402371303234,,,,0.049522970968103645,,0.05905143975659081,,,0.019191943952868874,,,,,0.0805002855243941,0.05483905679935008,,,,,,,,,,,0.029464485422265093,,,,,0.04212253317145222,,,,0.020562036734040737,,0.042029110346306776,0.027129698967195262,,,,,0.028356133386213702,,,0.01876302708918923,0.017935967983351855,0.01768708880230406,,,,0.025111556582750078,0.01294391626696733,,,,,0.046392103057028844,0.0535274194077934,,
2018-04-30,,,0.03897768424662947,0.0351924020741443,0.0178758268999661,0.018089237593965097,0.01730400418273337,,,,0.04555319007809103,,,0.016941233570081822,,0.02287434292599787,,,,0.0316109156219082,0.02928072431217759,,,,,0.04248926190483576,,0.038680402371303234,,,,0.049522970968103645,,0.05905143975659081,,,0.019191943952868874,,,,,0.0805002855243941,0.05483905679935008,,,,,,,,,,,0.029464485422265093,,,,,0.04212253317145222,,,,0.020562036734040737,,0.042029110346306776,0.027129698967195262,,,,,0.028356133386213702,,,0.01876302708918923,0.017935967983351855,0.01768708880230406,,,,0.025111556582750078,0.01294391626696733,,,,,0.046392103057028844,0.0535274194077934,,
2018-05-31,,,0.03897768424662947,0.0351924020741443,0.0178758268999661,0.018089237593965097,0.01730400418273337,,,,0.04555319007809103,,,0.016941233570081822,,0.02287434292599787,,,,0.0316109156219082,0.02928072431217759,,,,,0.04248926190483576,,0.038680402371303234,,,,0.049522970968103645,,0.05905143975659081,,,0.019191943952868874,,,,,0.0805002855243941,0.05483905679935008,,,,,,,,,,,0.029464485422265093,,,,,0.04212253317145222,,,,0.020562036734040737,,0.042029110346306776,0.027129698967195262,,,,,0.028356133386213702,,,0.01876302708918923,0.017935967983351855,0.01768708880230406,,,,0.025111556582750078,0.01294391626696733,,,,,0.046392103057028844,0.0535274194077934,,
2018-06-30,,,0.025955216959118843,0.021536894142627716,0.019646545872092247,0.023496709764003754,0.021987391635775566,,,,0.02163601666688919,,,0.021324431523680687,,0.019287846982479095,,,,0.019512297585606575,0.017938781529664993,,,,,0.06956926733255386,,0.03360636904835701,,,,0.05156940221786499,,0.051649704575538635,,,0.02258809469640255,,,,,,0.06952685862779617,,,,,,,,,,,0.05526283010840416,,,,,0.11538276821374893,,,,0.018193164840340614,,0.03697868809103966,0.023048212751746178,,,,,0.03122922033071518,,,0.023628266528248787,0.021693969145417213,0.02227369323372841,,,,0.03213540464639664,0.01670617237687111,,,,,0.043277643620967865,0.04935813695192337,,
2018-07-31,,,0.025955216959118843,0.021536894142627716,0.019646545872092247,0.023496709764003754,0.021987391635775566,,,,0.02163601666688919,,,0.021324431523680687,,0.019287846982479095,,,,0.019512297585606575,0.017938781529664993,,,,,0.06956926733255386,,0.03360636904835701,,,,0.05156940221786499,,0.051649704575538635,,,0.02258809469640255,,,,,,0.06952685862779617,,,,,,,,,,,0.05526283010840416,,,,,0.11538276821374893,,,,0.018193164840340614,,0.03697868809103966,0.023048212751746178,,,,,0.03122922033071518,,,0.023628266528248787,0.021693969145417213,0.02227369323372841,,,,0.03213540464639664,0.01670617237687111,,,,,0.043277643620967865,0.04935813695192337,,
2018-08-31,,,0.025955216959118843,0.021536894142627716,0.019646545872092247,0.023496709764003754,0.021987391635775566,,,,0.02163601666688919,,,0.021324431523680687,,0.019287846982479095,,,,0.019512297585606575,0.017938781529664993,,,,,0.06956926733255386,,0.03360636904835701,,,,0.05156940221786499,,0.051649704575538635,,,0.02258809469640255,,,,,,0.06952685862779617,,,,,,,,,,,0.05526283010840416,,,,,0.11538276821374893,,,,0.018193164840340614,,0.03697868809103966,0.023048212751746178,,,,,0.03122922033071518,,,0.023628266528248787,0.021693969145417213,0.02227369323372841,,,,0.03213540464639664,0.01670617237687111,,,,,0.043277643620967865,0.04935813695192337,,
2018-09-30,,,,0.03906109754818475,0.01771888226799582,0.011444172471489199,0.010859306521557463,,,,0.04302526111237401,,,0.01881621128458857,,0.015027745458308728,,,,0.03565074684374566,0.03294687512852689,,,,,0.053162815885034825,,0.05081443746517119,,,,0.05361349780292775,,0.039738761415483895,,,0.019470007215734008,,,,,,0.06419767765214056,,,,,,,,,,,0.02997395548371652,,,,,0.11229799512796174,,,,0.029083262742532253,,0.028687715123855023,0.0369095262247782,,,,,0.03270290957978794,,,0.0207937016461573,0.019399763138300826,0.01984243940693601,,,,0.0632315533665192,0.007421047337769606,,,,,0.04513164093687612,0.04897699381154605,,
2018-10-31,,,,0.03906109754818475,0.01771888226799582,0.011444172471489199,0.010859306521557463,,,,0.04302526111237401,,,0.01881621128458857,,0.015027745458308728,,,,0.03565074684374566,0.03294687512852689,,,,,0.053162815885034825,,0.05081443746517119,,,,0.05361349780292775,,0.039738761415483895,,,0.019470007215734008,,,,,,0.06419767765214056,,,,,,,,,,,0.02997395548371652,,,,,0.11229799512796174,,,,0.029083262742532253,,0.028687715123855023,0.0369095262247782,,,,,0.03270290957978794,,,0.0207937016461573,0.019399763138300826,0.01984243940693601,,,,0.0632315533665192,0.007421047337769606,,,,,0.04513164093687612,0.04897699381154605,,
2018-11-30,,,,0.03906109754818475,0.01771888226799582,0.011444172471489199,0.010859306521557463,,,,0.04302526111237401,,,0.01881621128458857,,0.015027745458308728,,,,0.03565074684374566,0.03294687512852689,,,,,0.053162815885034825,,0.05081443746517119,,,,0.05361349780292775,,0.039738761415483895,,,0.019470007215734008,,,,,,0.06419767765214056,,,,,,,,,,,0.02997395548371652,,,,,0.11229799512796174,,,,0.029083262742532253,,0.028687715123855023,0.0369095262247782,,,,,0.03270290957978794,,,0.0207937016461573,0.019399763138300826,0.01984243940693601,,,,0.0632315533665192,0.007421047337769606,,,,,0.04513164093687612,0.04897699381154605,,
2018-12-31,,,,0.034873719089241806,0.015936219530455858,0.020797423321095073,0.019904016781091126,,,,0.020849178777476367,,,0.015708956340772632,,0.021497396031481906,0.0540923607094912,0.033529626944040346,,0.031695472876506835,0.030394977802206576,,,,,0.032560459177776675,,0.03234990205187679,,,,0.05893273454012494,,,,,0.019532661230139615,,,,,,0.03402230774536442,,,,,,,,,,,0.07908697906217421,,,,,0.1386492354875687,,,,0.0195513472856502,,0.03241848464397206,0.025812513260868863,,,,,0.03639780980504942,,,0.016916242792285287,0.01625888367619383,0.016524597448403473,,,,0.0718922218418494,0.013268904315605241,,,,,0.025472170750612255,0.031073196680624894,,
2019-01-31,,,,0.034873719089241806,0.015936219530455858,0.020797423321095073,0.019904016781091126,,,,0.020849178777476367,,,0.015708956340772632,,0.021497396031481906,0.0540923607094912,0.033529626944040346,,0.031695472876506835,0.030394977802206576,,,,,0.032560459177776675,,0.03234990205187679,,,,0.05893273454012494,,,,,0.019532661230139615,,,,,,0.03402230774536442,,,,,,,,,,,0.07908697906217421,,,,,0.1386492354875687,,,,0.0195513472856502,,0.03241848464397206,0.025812513260868863,,,,,0.03639780980504942,,,0.016916242792285287,0.01625888367619383,0.016524597448403473,,,,0.0718922218418494,0.013268904315605241,,,,,0.025472170750612255,0.031073196680624894,,
2019-02-28,,,,0.034873719089241806,0.015936219530455858,0.020797423321095073,0.019904016781091126,,,,0.020849178777476367,,,0.015708956340772632,,0.021497396031481906,0.0540923607094912,0.033529626944040346,,0.031695472876506835,0.030394977802206576,,,,,0.032560459177776675,,0.03234990205187679,,,,0.05893273454012494,,,,,0.019532661230139615,,,,,,0.03402230774536442,,,,,,,,,,,0.07908697906217421,,,,,0.1386492354875687,,,,0.0195513472856502,,0.03241848464397206,0.025812513260868863,,,,,0.03639780980504942,,,0.016916242792285287,0.01625888367619383,0.016524597448403473,,,,0.0718922218418494,0.013268904315605241,,,,,0.025472170750612255,0.031073196680624894,,
2019-03-31,,,,0.025085118759601455,0.013347450233562052,0.03785548242811959,0.03894112884527329,,,,,,,0.01432311025200166,,,0.054643662829659066,0.036188910534387414,,0.025424341821108684,0.023797820522144367,,,,,0.037227990824241476,,0.03462577132261316,,,,0.040355357032523693,,,,,0.01742569862394775,,,,,,0.03287626329351525,,,,,,,,,,,0.10717074988723291,,,,,0.1429854587479307,,,,0.021671803002087868,,0.035882810890550954,0.030909058619291583,,,,,0.02216560511713385,,,0.014572221337926291,0.014306596040616121,0.0143541028036872,,,,0.07068822315641553,0.011716968951132173,,,,,0.03586196789197164,0.045596326231324334,,
2019-04-30,,,,0.025085118759601455,0.013347450233562052,0.03785548242811959,0.03894112884527329,,,,,,,0.01432311025200166,,,0.054643662829659066,0.036188910534387414,,0.025424341821108684,0.023797820522144367,,,,,0.037227990824241476,,0.03462577132261316,,,,0.040355357032523693,,,,,0.01742569862394775,,,,,,0.03287626329351525,,,,,,,,,,,0.10717074988723291,,,,,0.1429854587479307,,,,0.021671803002087868,,0.035882810890550954,0.030909058619291583,,,,,0.02216560511713385,,,0.014572221337926291,0.014306596040616121,0.0143541028036872,,,,0.07068822315641553,0.011716968951132173,,,,,0.03586196789197164,0.045596326231324334,,
2019-05-31,,,,0.025085118759601455,0.013347450233562052,0.03785548242811959,0.03894112884527329,,,,,,,0.01432311025200166,,,0.054643662829659066,0.036188910534387414,,0.025424341821108684,0.023797820522144367,,,,,0.037227990824241476,,0.03462577132261316,,,,0.040355357032523693,,,,,0.01742569862394775,,,,,,0.03287626329351525,,,,,,,,,,,0.10717074988723291,,,,,0.1429854587479307,,,,0.021671803002087868,,0.035882810890550954,0.030909058619291583,,,,,0.02216560511713385,,,0.014572221337926291,0.014306596040616121,0.0143541028036872,,,,0.07068822315641553,0.011716968951132173,,,,,0.03586196789197164,0.045596326231324334,,
2019-06-30,,,0.03076321422448681,0.03083277098598699,0.016544015093714802,0.011319350120800507,0.022072981352135482,,,,,,,0.017676108523773205,,,0.04394706944467776,0.04917958267334496,,0.031798237760085196,0.030138008033732382,,,,,0.03919343113342819,,0.018622015660121005,,0.041210567903707154,,0.028367666170892283,,,,,0.02255590379767727,,,,,,0.03674842612320584,,,,,,,,,,,0.061693101671065016,,,,,0.105860730664862,,,,0.02223941615563512,,0.02029504362197359,0.015341319026849405,,,,,0.032896699267543725,,,0.017959694400152732,0.017064434450746294,0.017571070232941775,,,,0.034106856159950426,0.014495894151056156,,0.07329070212093185,,,0.04231784344847973,0.05389784562604241,,
2019-07-31,,,0.03076321422448681,0.03083277098598699,0.016544015093714802,0.011319350120800507,0.022072981352135482,,,,,,,0.017676108523773205,,,0.04394706944467776,0.04917958267334496,,0.031798237760085196,0.030138008033732382,,,,,0.03919343113342819,,0.018622015660121005,,0.041210567903707154,,0.028367666170892283,,,,,0.02255590379767727,,,,,,0.03674842612320584,,,,,,,,,,,0.061693101671065016,,,,,0.105860730664862,,,,0.02223941615563512,,0.02029504362197359,0.015341319026849405,,,,,0.032896699267543725,,,0.017959694400152732,0.017064434450746294,0.017571070232941775,,,,0.034106856159950426,0.014495894151056156,,0.07329070212093185,,,0.04231784344847973,0.05389784562604241,,
2019-08-31,,,0.03076321422448681,0.03083277098598699,0.016544015093714802,0.011319350120800507,0.022072981352135482,,,,,,,0.017676108523773205,,,0.04394706944467776,0.04917958267334496,,0.031798237760085196,0.030138008033732382,,,,,0.03919343113342819,,0.018622015660121005,,0.041210567903707154,,0.028367666170892283,,,,,0.02255590379767727,,,,,,0.03674842612320584,,,,,,,,,,,0.061693101671065016,,,,,0.105860730664862,,,,0.02223941615563512,,0.02029504362197359,0.015341319026849405,,,,,0.032896699267543725,,,0.017959694400152732,0.017064434450746294,0.017571070232941775,,,,0.034106856159950426,0.014495894151056156,,0.07329070212093185,,,0.04231784344847973,0.05389784562604241,,
2019-09-30,,,0.021934127639365638,0.03292145238184791,0.017750706688973182,0.02330201140886183,0.022666435899831687,,,,,,,0.019504130068273562,,,0.04285392577623879,0.047710750696349426,,0.036678504540384786,,,,,,0.03555687922571673,,0.035421099843653846,,0.03851408919798293,,,,,,,0.02492854767412457,,,,,,0.05700658687396521,,,,,,,,,,,0.075888373664472,,,,,0.07961990013364609,,,,0.02154857685369045,,,0.029959826077891754,,,,,0.04611450476678558,,,0.01970587130362048,0.01870301755799928,0.019269483343413874,,,,0.02803643260185078,0.016134962589805596,,0.058707576791826414,,,0.05777074822942491,0.0717914781700026,,
2019-10-31,,,0.021934127639365638,0.03292145238184791,0.017750706688973182,0.02330201140886183,0.022666435899831687,,,,,,,0.019504130068273562,,,0.04285392577623879,0.047710750696349426,,0.036678504540384786,,,,,,0.03555687922571673,,0.035421099843653846,,0.03851408919798293,,,,,,,0.02492854767412457,,,,,,0.05700658687396521,,,,,,,,,,,0.075888373664472,,,,,0.07961990013364609,,,,0.02154857685369045,,,0.029959826077891754,,,,,0.04611450476678558,,,0.01970587130362048,0.01870301755799928,0.019269483343413874,,,,0.02803643260185078,0.016134962589805596,,0.058707576791826414,,,0.05777074822942491,0.0717914781700026,,
2019-11-30,,,0.021934127639365638,0.03292145238184791,0.017750706688973182,0.02330201140886183,0.022666435899831687,,,,,,,0.019504130068273562,,,0.04285392577623879,0.047710750696349426,,0.036678504540384786,,,,,,0.03555687922571673,,0.035421099843653846,,0.03851408919798293,,,,,,,0.02492854767412457,,,,,,0.05700658687396521,,,,,,,,,,,0.075888373664472,,,,,0.07961990013364609,,,,0.02154857685369045,,,0.029959826077891754,,,,,0.04611450476678558,,,0.01970587130362048,0.01870301755799928,0.019269483343413874,,,,0.02803643260185078,0.016134962589805596,,0.058707576791826414,,,0.05777074822942491,0.0717914781700026,,
2019-12-31,,,0.021108211811857777,0.028222201208066747,0.01502276667844563,0.02065232568926524,0.04089949625889168,,,,,,,0.01679412637133255,,,0.04041220966457811,0.044523548044576464,,0.028858637249087486,,,0.08525171075317825,,,0.019894577433111106,,0.03928335357924599,,0.04648679837080874,,,,,,,0.019582571334132923,,,,,,0.02393225378587304,,,,,,,,,,,0.0777526269254569,,,,,0.07100442005597898,,,,0.024794690149312064,,,0.03463450796674792,,,,,0.02252135783652821,,,0.01709605183482881,0.016044143482754934,0.016635334010750673,,,,0.02779059280219101,0.030222035747436572,,0.04374920548289601,,,0.030845250733274262,0.09598499473939187,,
2020-01-31,,,0.021108211811857777,0.028222201208066747,0.01502276667844563,0.02065232568926524,0.04089949625889168,,,,,,,0.01679412637133255,,,0.04041220966457811,0.044523548044576464,,0.028858637249087486,,,0.08525171075317825,,,0.019894577433111106,,0.03928335357924599,,0.04648679837080874,,,,,,,0.019582571334132923,,,,,,0.02393225378587304,,,,,,,,,,,0.0777526269254569,,,,,0.07100442005597898,,,,0.024794690149312064,,,0.03463450796674792,,,,,0.02252135783652821,,,0.01709605183482881,0.016044143482754934,0.016635334010750673,,,,0.02779059280219101,0.030222035747436572,,0.04374920548289601,,,0.030845250733274262,0.09598499473939187,,
2020-02-29,,,0.021108211811857777,0.028222201208066747,0.01502276667844563,0.02065232568926524,0.04089949625889168,,,,,,,0.01679412637133255,,,0.04041220966457811,0.044523548044576464,,0.028858637249087486,,,0.08525171075317825,,,0.019894577433111106,,0.03928335357924599,,0.04648679837080874,,,,,,,0.019582571334132923,,,,,,0.02393225378587304,,,,,,,,,,,0.0777526269254569,,,,,0.07100442005597898,,,,0.024794690149312064,,,0.03463450796674792,,,,,0.02252135783652821,,,0.01709605183482881,0.016044143482754934,0.016635334010750673,,,,0.02779059280219101,0.030222035747436572,,0.04374920548289601,,,0.030845250733274262,0.09598499473939187,,
2020-03-31,,0.023770835519302487,0.02507332730546634,0.03766713411357844,0.018566277495797742,0.013665233753717662,0.013009266055499057,,,,,,,0.021316141323407947,,,0.028191667022369776,0.03053692337250478,,0.038811152061072225,,,0.10967411855558255,,,0.028320761361071076,,0.027286376837064388,,0.03165081303673001,,,,0.038634808006038725,,,0.024761388280596625,,,,,,0.02866551460333443,,,,,,,,,,,0.04444973617756645,,,,,0.08509100403026464,,,,0.017955445411808723,,,0.023818837744224518,,,,,0.026744589278837265,,,0.02209140957278992,0.02096483157065895,0.021029178505669485,,,,0.03374157992248074,0.018284436951876187,,0.05242763480656808,,,0.03452225543036834,0.059277321893752385,,
2020-04-30,,0.023770835519302487,0.02507332730546634,0.03766713411357844,0.018566277495797742,0.013665233753717662,0.013009266055499057,,,,,,,0.021316141323407947,,,0.028191667022369776,0.03053692337250478,,0.038811152061072225,,,0.10967411855558255,,,0.028320761361071076,,0.027286376837064388,,0.03165081303673001,,,,0.038634808006038725,,,0.024761388280596625,,,,,,0.02866551460333443,,,,,,,,,,,0.04444973617756645,,,,,0.08509100403026464,,,,0.017955445411808723,,,0.023818837744224518,,,,,0.026744589278837265,,,0.02209140957278992,0.02096483157065895,0.021029178505669485,,,,0.03374157992248074,0.018284436951876187,,0.05242763480656808,,,0.03452225543036834,0.059277321893752385,,
2020-05-31,,0.023770835519302487,0.02507332730546634,0.03766713411357844,0.018566277495797742,0.013665233753717662,0.013009266055499057,,,,,,,0.021316141323407947,,,0.028191667022369776,0.03053692337250478,,0.038811152061072225,,,0.10967411855558255,,,0.028320761361071076,,0.027286376837064388,,0.03165081303673001,,,,0.038634808006038725,,,0.024761388280596625,,,,,,0.02866551460333443,,,,,,,,,,,0.04444973617756645,,,,,0.08509100403026464,,,,0.017955445411808723,,,0.023818837744224518,,,,,0.026744589278837265,,,0.02209140957278992,0.02096483157065895,0.021029178505669485,,,,0.03374157992248074,0.018284436951876187,,0.05242763480656808,,,0.03452225543036834,0.059277321893752385,,
2020-06-30,,0.021066021468481348,0.05240409149421507,0.020266330152745315,0.018207935870735943,0.031537838720779476,0.028751008614213328,,,,,,,0.02256899172303721,,,0.029810449524928576,0.042216193520690226,,0.022103553946645288,,,0.11420087675844613,,,0.028717095433507516,,0.01263095828654652,,0.033978689936623306,,,,0.037490748392754444,,,0.029074756834769018,,,,,,0.05746045416398608,,,,,,,,,,,0.04757417059839942,,,,,,,,,0.018877523283625814,,,0.025354689341336806,,,,,0.054630142468448856,,,0.02372916448483008,0.021405961663545504,0.022456880972583977,,,,0.03249811799029985,0.010039950861222356,,0.05396792740516263,,,0.03395635682097203,0.053023119266467904,,
2020-07-31,,0.021066021468481348,0.05240409149421507,0.020266330152745315,0.018207935870735943,0.031537838720779476,0.028751008614213328,,,,,,,0.02256899172303721,,,0.029810449524928576,0.042216193520690226,,0.022103553946645288,,,0.11420087675844613,,,0.028717095433507516,,0.01263095828654652,,0.033978689936623306,,,,0.037490748392754444,,,0.029074756834769018,,,,,,0.05746045416398608,,,,,,,,,,,0.04757417059839942,,,,,,,,,0.018877523283625814,,,0.025354689341336806,,,,,0.054630142468448856,,,0.02372916448483008,0.021405961663545504,0.022456880972583977,,,,0.03249811799029985,0.010039950861222356,,0.05396792740516263,,,0.03395635682097203,0.053023119266467904,,
2020-08-31,,0.021066021468481348,0.05240409149421507,0.020266330152745315,0.018207935870735943,0.031537838720779476,0.028751008614213328,,,,,,,0.02256899172303721,,,0.029810449524928576,0.042216193520690226,,0.022103553946645288,,,0.11420087675844613,,,0.028717095433507516,,0.01263095828654652,,0.033978689936623306,,,,0.037490748392754444,,,0.029074756834769018,,,,,,0.05746045416398608,,,,,,,,,,,0.04757417059839942,,,,,,,,,0.018877523283625814,,,0.025354689341336806,,,,,0.054630142468448856,,,0.02372916448483008,0.021405961663545504,0.022456880972583977,,,,0.03249811799029985,0.010039950861222356,,0.05396792740516263,,,0.03395635682097203,0.053023119266467904,,
2020-09-30,,0.011630676015185273,0.028540369337887596,0.03576120155193424,0.01547837447406797,0.013079587546238277,0.024466775807607824,,,,,,,0.01984308731716926,,,0.03290246237073777,0.04356865705805203,,0.040159387057757005,,,0.12077584910383202,,,0.029788900309324434,,0.02734082220575681,,0.03761878392438907,,,,0.020363935024883626,,,0.02533144730092051,,,,,,0.06552728632214316,,,,,,,,,,,0.09178298181803443,,,,,,,,,0.020384222954677584,,,0.02657515215905436,,,,,,,,0.020898288771795198,0.018154383520063218,0.019751430279958362,,,,0.03557531330206485,0.01724963721867883,,0.0588760118462958,,,0.038084869867878096,0.060490105533612386,,
2020-10-31,,0.011630676015185273,0.028540369337887596,0.03576120155193424,0.01547837447406797,0.013079587546238277,0.024466775807607824,,,,,,,0.01984308731716926,,,0.03290246237073777,0.04356865705805203,,0.040159387057757005,,,0.12077584910383202,,,0.029788900309324434,,0.02734082220575681,,0.03761878392438907,,,,0.020363935024883626,,,0.02533144730092051,,,,,,0.06552728632214316,,,,,,,,,,,0.09178298181803443,,,,,,,,,0.020384222954677584,,,0.02657515215905436,,,,,,,,0.020898288771795198,0.018154383520063218,0.019751430279958362,,,,0.03557531330206485,0.01724963721867883,,0.0588760118462958,,,0.038084869867878096,0.060490105533612386,,
2020-11-30,,0.011630676015185273,0.028540369337887596,0.03576120155193424,0.01547837447406797,0.013079587546238277,0.024466775807607824,,,,,,,0.01984308731716926,,,0.03290246237073777,0.04356865705805203,,0.040159387057757005,,,0.12077584910383202,,,0.029788900309324434,,0.02734082220575681,,0.03761878392438907,,,,0.020363935024883626,,,0.02533144730092051,,,,,,0.06552728632214316,,,,,,,,,,,0.09178298181803443,,,,,,,,,0.020384222954677584,,,0.02657515215905436,,,,,,,,0.020898288771795198,0.018154383520063218,0.019751430279958362,,,,0.03557531330206485,0.01724963721867883,,0.0588760118462958,,,0.038084869867878096,0.060490105533612386,,
2020-12-31,,,0.03274320911665065,0.03684806564448975,0.017282466003970594,0.013300522639339087,0.01268386507273423,,,,,,,0.02074519608597408,,,0.023646664601135934,0.03181626000435704,,0.04412719742972172,,,0.06700519678292004,,,0.020127270989306216,,0.04029901077027186,,0.05382558496319158,,,,0.03267574410727206,,,0.023726378365392316,,,,,,0.07649289306650447,,,,,,,,,,,,,,,,,,,,0.028478362541446426,,,0.019291712564068392,,,,,0.04051001121926156,,,0.021331141427091943,0.019229930485214763,0.020960774916881295,,,,0.04196249077540095,0.019925060363045886,,0.06952543770367227,,,0.05084576241477407,0.12059378994591075,,
2021-01-31,,,0.03274320911665065,0.03684806564448975,0.017282466003970594,0.013300522639339087,0.01268386507273423,,,,,,,0.02074519608597408,,,0.023646664601135934,0.03181626000435704,,0.04412719742972172,,,0.06700519678292004,,,0.020127270989306216,,0.04029901077027186,,0.05382558496319158,,,,0.03267574410727206,,,0.023726378365392316,,,,,,0.07649289306650447,,,,,,,,,,,,,,,,,,,,0.028478362541446426,,,0.019291712564068392,,,,,0.04051001121926156,,,0.021331141427091943,0.019229930485214763,0.020960774916881295,,,,0.04196249077540095,0.019925060363045886,,0.06952543770367227,,,0.05084576241477407,0.12059378994591075,,
2021-02-28,,,0.03274320911665065,0.03684806564448975,0.017282466003970594,0.013300522639339087,0.01268386507273423,,,,,,,0.02074519608597408,,,0.023646664601135934,0.03181626000435704,,0.04412719742972172,,,0.06700519678292004,,,0.020127270989306216,,0.04029901077027186,,0.05382558496319158,,,,0.03267574410727206,,,0.023726378365392316,,,,,,0.07649289306650447,,,,,,,,,,,,,,,,,,,,0.028478362541446426,,,0.019291712564068392,,,,,0.04051001121926156,,,0.021331141427091943,0.019229930485214763,0.020960774916881295,,,,0.04196249077540095,0.019925060363045886,,0.06952543770367227,,,0.05084576241477407,0.12059378994591075,,
2021-03-31,,,0.026566030284425043,0.036321088434897716,0.013578656041016251,0.030197996449297316,0.0139425880298036,,,,,,,0.019006317357491496,,,0.027464408248429318,0.033329758575830315,,0.04012929249470583,,,0.12272004703149168,,,0.02865668181274387,,0.02522894909921787,,0.04052895281119023,,,,0.046690214120939835,,,0.02243198439756046,,,,,,0.054143905286670346,,,,,,,,,,,,,,,,,,,,0.02007158273784343,,,0.02819843571876264,,,,,0.04259002926002237,,,0.019872182850627897,0.016687082017949245,0.019682064524130474,,,,0.06449321615374412,0.0183197463599609,,,,,0.09658593621468026,0.09256285368656741,,
2021-04-30,,,0.026566030284425043,0.036321088434897716,0.013578656041016251,0.030197996449297316,0.0139425880298036,,,,,,,0.019006317357491496,,,0.027464408248429318,0.033329758575830315,,0.04012929249470583,,,0.12272004703149168,,,0.02865668181274387,,0.02522894909921787,,0.04052895281119023,,,,0.046690214120939835,,,0.02243198439756046,,,,,,0.054143905286670346,,,,,,,,,,,,,,,,,,,,0.02007158273784343,,,0.02819843571876264,,,,,0.04259002926002237,,,0.019872182850627897,0.016687082017949245,0.019682064524130474,,,,0.06449321615374412,0.0183197463599609,,,,,0.09658593621468026,0.09256285368656741,,
2021-05-31,,,0.026566030284425043,0.036321088434897716,0.013578656041016251,0.030197996449297316,0.0139425880298036,,,,,,,0.019006317357491496,,,0.027464408248429318,0.033329758575830315,,0.04012929249470583,,,0.12272004703149168,,,0.02865668181274387,,0.02522894909921787,,0.04052895281119023,,,,0.046690214120939835,,,0.02243198439756046,,,,,,0.054143905286670346,,,,,,,,,,,,,,,,,,,,0.02007158273784343,,,0.02819843571876264,,,,,0.04259002926002237,,,0.019872182850627897,0.016687082017949245,0.019682064524130474,,,,0.06449321615374412,0.0183197463599609,,,,,0.09658593621468026,0.09256285368656741,,
2021-06-30,,,0.03230959321452349,0.031812252036284745,0.012309935494211412,0.01507181927882817,0.013023762614597199,,,,,,0.08737257513579318,0.018506406702387634,,,0.036467073252815306,0.0454686974943592,,0.033071489620424346,0.0334960684253008,,0.13425194327169404,,,0.04116548409307677,,0.03605258625980852,,0.05569700028137864,,,,,,,0.02138151696539746,,,,,,0.05461705720202881,,,,,,,,,,,,,,,,,,,,0.014159424863431969,,,0.021140613606897604,,,,,0.04441882868493328,,,0.01866543562704782,0.015920425545592257,0.01888594488289706,,,,0.03510869078824032,0.01800579285647539,,,,,0.05582245316307782,0.055797128638496785,,
2021-07-31,,,0.03230959321452349,0.031812252036284745,0.012309935494211412,0.01507181927882817,0.013023762614597199,,,,,,0.08737257513579318,0.018506406702387634,,,0.036467073252815306,0.0454686974943592,,0.033071489620424346,0.0334960684253008,,0.13425194327169404,,,0.04116548409307677,,0.03605258625980852,,0.05569700028137864,,,,,,,0.02138151696539746,,,,,,0.05461705720202881,,,,,,,,,,,,,,,,,,,,0.014159424863431969,,,0.021140613606897604,,,,,0.04441882868493328,,,0.01866543562704782,0.015920425545592257,0.01888594488289706,,,,0.03510869078824032,0.01800579285647539,,,,,0.05582245316307782,0.055797128638496785,,
2021-08-31,,,0.03230959321452349,0.031812252036284745,0.012309935494211412,0.01507181927882817,0.013023762614597199,,,,,,0.08737257513579318,0.018506406702387634,,,0.036467073252815306,0.0454686974943592,,0.033071489620424346,0.0334960684253008,,0.13425194327169404,,,0.04116548409307677,,0.03605258625980852,,0.05569700028137864,,,,,,,0.02138151696539746,,,,,,0.05461705720202881,,,,,,,,,,,,,,,,,,,,0.014159424863431969,,,0.021140613606897604,,,,,0.04441882868493328,,,0.01866543562704782,0.015920425545592257,0.01888594488289706,,,,0.03510869078824032,0.01800579285647539,,,,,0.05582245316307782,0.055797128638496785,,
2021-09-30,,,0.02214715310914999,0.03228965479836895,0.011802075716530877,0.015129996830020025,0.0137776530889971,,,,,,0.057509378991316876,0.01835470877329114,,,0.03359365917130852,0.041334168123722426,,0.0334343657542891,0.033323098780960375,,0.09249890074596873,,,0.035998278237837585,,0.018115357003174053,,0.05102101836963229,,,,,0.1373139802088621,,0.021520702689456075,,,,,,0.022098530618997102,,,,,,,,,,,,,,,,,,,,0.028951578543280294,,,0.04106657678981405,,,,,,,,0.019120676905976238,0.015725314997935846,0.018574143278345213,,,,0.05104791869152886,0.017028257663114648,,,,,0.04331055760949338,0.07391229450862824,,
2021-10-31,,,0.02214715310914999,0.03228965479836895,0.011802075716530877,0.015129996830020025,0.0137776530889971,,,,,,0.057509378991316876,0.01835470877329114,,,0.03359365917130852,0.041334168123722426,,0.0334343657542891,0.033323098780960375,,0.09249890074596873,,,0.035998278237837585,,0.018115357003174053,,0.05102101836963229,,,,,0.1373139802088621,,0.021520702689456075,,,,,,0.022098530618997102,,,,,,,,,,,,,,,,,,,,0.028951578543280294,,,0.04106657678981405,,,,,,,,0.019120676905976238,0.015725314997935846,0.018574143278345213,,,,0.05104791869152886,0.017028257663114648,,,,,0.04331055760949338,0.07391229450862824,,
2021-11-30,,,0.02214715310914999,0.03228965479836895,0.011802075716530877,0.015129996830020025,0.0137776530889971,,,,,,0.057509378991316876,0.01835470877329114,,,0.03359365917130852,0.041334168123722426,,0.0334343657542891,0.033323098780960375,,0.09249890074596873,,,0.035998278237837585,,0.018115357003174053,,0.05102101836963229,,,,,0.1373139802088621,,0.021520702689456075,,,,,,0.022098530618997102,,,,,,,,,,,,,,,,,,,,0.028951578543280294,,,0.04106657678981405,,,,,,,,0.019120676905976238,0.015725314997935846,0.018574143278345213,,,,0.05104791869152886,0.017028257663114648,,,,,0.04331055760949338,0.07391229450862824,,
2021-12-31,,,0.02385619080905492,0.02314084380680145,0.008359869887568904,0.044061079334069456,0.04403410823248442,,,,,,0.061252802211074514,0.012159616607132072,,,0.023672042260221862,0.025842899288143685,,0.022861050292824064,0.022554032357523006,,0.04833497820576201,,0.0663435007777023,0.02725472097212165,,0.02579648030868232,,0.037918627014914164,,,,,0.1224135003454103,,0.014076803719124172,,,,,,0.021305736015420264,,,,,,,,,,,,,,,,,,,,0.019472421951306093,,,0.029068732444680175,,,,,,,,0.012373989367282087,0.010389005697590261,0.012083480987153606,,,0.051573235205362875,0.02615143900452175,0.02390617489130867,0.059707615135281056,,,,0.04198067607929489,0.038054346790182936,,
2022-01-31,,,0.02385619080905492,0.02314084380680145,0.008359869887568904,0.044061079334069456,0.04403410823248442,,,,,,0.061252802211074514,0.012159616607132072,,,0.023672042260221862,0.025842899288143685,,0.022861050292824064,0.022554032357523006,,0.04833497820576201,,0.0663435007777023,0.02725472097212165,,0.02579648030868232,,0.037918627014914164,,,,,0.1224135003454103,,0.014076803719124172,,,,,,0.021305736015420264,,,,,,,,,,,,,,,,,,,,0.019472421951306093,,,0.029068732444680175,,,,,,,,0.012373989367282087,0.010389005697590261,0.012083480987153606,,,0.051573235205362875,0.02615143900452175,0.02390617489130867,0.059707615135281056,,,,0.04198067607929489,0.038054346790182936,,
2022-02-28,,,0.02385619080905492,0.02314084380680145,0.008359869887568904,0.044061079334069456,0.04403410823248442,,,,,,0.061252802211074514,0.012159616607132072,,,0.023672042260221862,0.025842899288143685,,0.022861050292824064,0.022554032357523006,,0.04833497820576201,,0.0663435007777023,0.02725472097212165,,0.02579648030868232,,0.037918627014914164,,,,,0.1224135003454103,,0.014076803719124172,,,,,,0.021305736015420264,,,,,,,,,,,,,,,,,,,,0.019472421951306093,,,0.029068732444680175,,,,,,,,0.012373989367282087,0.010389005697590261,0.012083480987153606,,,0.051573235205362875,0.02615143900452175,0.02390617489130867,0.059707615135281056,,,,0.04198067607929489,0.038054346790182936,,
2022-03-31,,,0.09070421656488681,0.03708764802404221,0.007014066014975356,0.03307031330641263,0.03304156523913121,,,,,,0.06260903625710987,0.010453834011888413,,,0.04787675259874349,,,0.03834091400083147,0.0386336100804351,,0.08886845297965841,,,0.02572307918948639,,0.04871965174288802,,0.03385198730013988,,,,,,,0.01208346423170065,,,,,,0.042243841319953894,,,,,,,,,,,,,,,,,,,,0.03617324565281467,,,0.057849634835028155,,,,,,,,0.010570358306758489,0.008985297463252448,0.010224760307179916,,,0.09613752304997343,0.05005991070492488,0.010688516141540823,,,,,,0.06898832067624343,,
2022-04-30,,,0.09070421656488681,0.03708764802404221,0.007014066014975356,0.03307031330641263,0.03304156523913121,,,,,,0.06260903625710987,0.010453834011888413,,,0.04787675259874349,,,0.03834091400083147,0.0386336100804351,,0.08886845297965841,,,0.02572307918948639,,0.04871965174288802,,0.03385198730013988,,,,,,,0.01208346423170065,,,,,,0.042243841319953894,,,,,,,,,,,,,,,,,,,,0.03617324565281467,,,0.057849634835028155,,,,,,,,0.010570358306758489,0.008985297463252448,0.010224760307179916,,,0.09613752304997343,0.05005991070492488,0.010688516141540823,,,,,,0.06898832067624343,,
2022-05-31,,,0.09070421656488681,0.03708764802404221,0.007014066014975356,0.03307031330641263,0.03304156523913121,,,,,,0.06260903625710987,0.010453834011888413,,,0.04787675259874349,,,0.03834091400083147,0.0386336100804351,,0.08886845297965841,,,0.02572307918948639,,0.04871965174288802,,0.03385198730013988,,,,,,,0.01208346423170065,,,,,,0.042243841319953894,,,,,,,,,,,,,,,,,,,,0.03617324565281467,,,0.057849634835028155,,,,,,,,0.010570358306758489,0.008985297463252448,0.010224760307179916,,,0.09613752304997343,0.05005991070492488,0.010688516141540823,,,,,,0.06898832067624343,,
2022-06-30,,,0.06149443227785922,0.025785940021595004,0.010072514717598924,0.025737103331474658,0.023546582481245484,,,,,,0.04651782743940648,0.014349678567211643,,,0.03574039936567959,,,0.025283802585662554,0.02569675657741475,,0.043032099601672334,,,0.04273919494494231,,0.04022232192112546,,0.05413829569959472,,,,,,,0.016396119167525335,,,,,,0.02719713950324026,,,,,,,,,,,,,,,,,,,,0.029180675786821843,,,0.04804531185046221,,,,,,,,0.014342594928151127,0.02514877385928496,0.013988035789506139,,,0.05478125468795741,0.06050128112213143,0.029718292885342962,,,,,,0.11162494916573949,0.0947186217213537,
2022-07-31,,,0.06149443227785922,0.025785940021595004,0.010072514717598924,0.025737103331474658,0.023546582481245484,,,,,,0.04651782743940648,0.014349678567211643,,,0.03574039936567959,,,0.025283802585662554,0.02569675657741475,,0.043032099601672334,,,0.04273919494494231,,0.04022232192112546,,0.05413829569959472,,,,,,,0.016396119167525335,,,,,,0.02719713950324026,,,,,,,,,,,,,,,,,,,,0.029180675786821843,,,0.04804531185046221,,,,,,,,0.014342594928151127,0.02514877385928496,0.013988035789506139,,,0.05478125468795741,0.06050128112213143,0.029718292885342962,,,,,,0.11162494916573949,0.0947186217213537,
2022-08-31,,,0.06149443227785922,0.025785940021595004,0.010072514717598924,0.025737103331474658,0.023546582481245484,,,,,,0.04651782743940648,0.014349678567211643,,,0.03574039936567959,,,0.025283802585662554,0.02569675657741475,,0.043032099601672334,,,0.04273919494494231,,0.04022232192112546,,0.05413829569959472,,,,,,,0.016396119167525335,,,,,,0.02719713950324026,,,,,,,,,,,,,,,,,,,,0.029180675786821843,,,0.04804531185046221,,,,,,,,0.014342594928151127,0.02514877385928496,0.013988035789506139,,,0.05478125468795741,0.06050128112213143,0.029718292885342962,,,,,,0.11162494916573949,0.0947186217213537,
2022-09-30,,,0.08434292595514166,0.019074708045695835,0.0075912493505398805,0.03982178084718268,0.035264029770493234,,,,,,0.062249738143293765,0.010893835584690464,,,0.02521279617014531,,,0.018847035068580556,0.01921147462714953,,0.05705708212166017,,,0.03060273425092237,,0.05904695709192234,,0.08033332898902401,,,,,,,0.024906823179621035,,,,,,0.03679043020316931,,,,,,,,,,,,,,,,,,,,0.02090948241847118,,,0.03402633933325914,,,,,,,,0.02207299487597314,0.019335884420798307,0.010615010646963394,,,0.03669637034929944,0.08359153490893977,0.022496791346959852,,,,,,0.07590845156546262,0.06310021073464109,
2022-10-31,,,0.08434292595514166,0.019074708045695835,0.0075912493505398805,0.03982178084718268,0.035264029770493234,,,,,,0.062249738143293765,0.010893835584690464,,,0.02521279617014531,,,0.018847035068580556,0.01921147462714953,,0.05705708212166017,,,0.03060273425092237,,0.05904695709192234,,0.08033332898902401,,,,,,,0.024906823179621035,,,,,,0.03679043020316931,,,,,,,,,,,,,,,,,,,,0.02090948241847118,,,0.03402633933325914,,,,,,,,0.02207299487597314,0.019335884420798307,0.010615010646963394,,,0.03669637034929944,0.08359153490893977,0.022496791346959852,,,,,,0.07590845156546262,0.06310021073464109,
2022-11-30,,,0.08434292595514166,0.019074708045695835,0.0075912493505398805,0.03982178084718268,0.035264029770493234,,,,,,0.062249738143293765,0.010893835584690464,,,0.02521279617014531,,,0.018847035068580556,0.01921147462714953,,0.05705708212166017,,,0.03060273425092237,,0.05904695709192234,,0.08033332898902401,,,,,,,0.024906823179621035,,,,,,0.03679043020316931,,,,,,,,,,,,,,,,,,,,0.02090948241847118,,,0.03402633933325914,,,,,,,,0.02207299487597314,0.019335884420798307,0.010615010646963394,,,0.03669637034929944,0.08359153490893977,0.022496791346959852,,,,,,0.07590845156546262,0.06310021073464109,
2022-12-31,,,0.02119011341152227,0.02348280783723187,0.008865068286849987,0.024378609730474607,0.021919514044842082,,,,,,0.06642002327803423,0.013110551421451042,,,0.04149524689765521,,,0.04634747828172148,0.04643403539809806,,0.08042356027338303,,,0.02370507541072232,,0.025200291388469374,,0.034145770994289344,,,,,0.11404581624445735,,0.01542349186774285,,,,,,0.0387664942226757,,,,,,,,,,,,,,,,,,,,0.016598968986838523,,,0.026609129063766508,,,,,,,,0.013915546573591286,0.011390009407009526,0.012786117765902154,,,0.03944499994211831,0.0221862559946554,0.011946794065132247,,,,,0.06914807559846763,0.06468698105253175,0.06593317256036593,
2023-01-31,,,0.02119011341152227,0.02348280783723187,0.008865068286849987,0.024378609730474607,0.021919514044842082,,,,,,0.06642002327803423,0.013110551421451042,,,0.04149524689765521,,,0.04634747828172148,0.04643403539809806,,0.08042356027338303,,,0.02370507541072232,,0.025200291388469374,,0.034145770994289344,,,,,0.11404581624445735,,0.01542349186774285,,,,,,0.0387664942226757,,,,,,,,,,,,,,,,,,,,0.016598968986838523,,,0.026609129063766508,,,,,,,,0.013915546573591286,0.011390009407009526,0.012786117765902154,,,0.03944499994211831,0.0221862559946554,0.011946794065132247,,,,,0.06914807559846763,0.06468698105253175,0.06593317256036593,
2023-02-28,,,0.02119011341152227,0.02348280783723187,0.008865068286849987,0.024378609730474607,0.021919514044842082,,,,,,0.06642002327803423,0.013110551421451042,,,0.04149524689765521,,,0.04634747828172148,0.04643403539809806,,0.08042356027338303,,,0.02370507541072232,,0.025200291388469374,,0.034145770994289344,,,,,0.11404581624445735,,0.01542349186774285,,,,,,0.0387664942226757,,,,,,,,,,,,,,,,,,,,0.016598968986838523,,,0.026609129063766508,,,,,,,,0.013915546573591286,0.011390009407009526,0.012786117765902154,,,0.03944499994211831,0.0221862559946554,0.011946794065132247,,,,,0.06914807559846763,0.06468698105253175,0.06593317256036593,
2023-03-31,,,,0.02455061407827633,0.009032263126103944,0.027279651765909223,0.024751470548751327,,,,,,0.0821184042150675,0.013264951795085042,,,0.024428916298773074,,,0.047650764074384476,0.023804490609879447,,0.04861787548137304,,,0.02803825681904425,,0.029897547283755474,,0.03904499358816559,,,,,0.14221849573995235,,0.015528410166972918,,,,,,0.023576527065431285,,,,,,,,,,,,,,,,,,,,0.020304815181839717,,,0.032122320379799965,,,,,,,,0.014201970308023542,0.011770926032231739,0.013150743711482706,,,0.04912854198413066,0.027053889867955684,0.02501379430714734,,,,,0.0862383441828731,0.03792379300358449,0.07928722838400584,
2023-04-30,,,,0.02455061407827633,0.009032263126103944,0.027279651765909223,0.024751470548751327,,,,,,0.0821184042150675,0.013264951795085042,,,0.024428916298773074,,,0.047650764074384476,0.023804490609879447,,0.04861787548137304,,,0.02803825681904425,,0.029897547283755474,,0.03904499358816559,,,,,0.14221849573995235,,0.015528410166972918,,,,,,0.023576527065431285,,,,,,,,,,,,,,,,,,,,0.020304815181839717,,,0.032122320379799965,,,,,,,,0.014201970308023542,0.011770926032231739,0.013150743711482706,,,0.04912854198413066,0.027053889867955684,0.02501379430714734,,,,,0.0862383441828731,0.03792379300358449,0.07928722838400584,
2023-05-31,,,,0.02455061407827633,0.009032263126103944,0.027279651765909223,0.024751470548751327,,,,,,0.0821184042150675,0.013264951795085042,,,0.024428916298773074,,,0.047650764074384476,0.023804490609879447,,0.04861787548137304,,,0.02803825681904425,,0.029897547283755474,,0.03904499358816559,,,,,0.14221849573995235,,0.015528410166972918,,,,,,0.023576527065431285,,,,,,,,,,,,,,,,,,,,0.020304815181839717,,,0.032122320379799965,,,,,,,,0.014201970308023542,0.011770926032231739,0.013150743711482706,,,0.04912854198413066,0.027053889867955684,0.02501379430714734,,,,,0.0862383441828731,0.03792379300358449,0.07928722838400584,
2023-06-30,,,,0.01927229516582029,0.0152990422166247,0.023515916638052792,0.020267335075119457,,,,,,0.08464998491718481,0.022532637469864416,,,0.04839857518938093,,,0.03875659287072014,0.01946013733541171,,0.061489446061522034,,,0.02751288850984972,,0.053885570002511325,,0.06466042796727818,,,,,,,0.02597366938634674,,,,,,0.04199546073949877,,,,,,,,,,,,,,,,,,,,0.019013467591773317,,,0.03105414563344158,,,,,,0.059530599075826106,,0.011579129489035092,0.020187189182101523,0.02158930086302857,,,0.042105971472806245,0.025145650999800786,0.011610949986464019,,,,,0.06456021766132938,0.06451862852171554,0.0614347699774919,
2023-07-31,,,,0.01927229516582029,0.0152990422166247,0.023515916638052792,0.020267335075119457,,,,,,0.08464998491718481,0.022532637469864416,,,0.04839857518938093,,,0.03875659287072014,0.01946013733541171,,0.061489446061522034,,,0.02751288850984972,,0.053885570002511325,,0.06466042796727818,,,,,,,0.02597366938634674,,,,,,0.04199546073949877,,,,,,,,,,,,,,,,,,,,0.019013467591773317,,,0.03105414563344158,,,,,,0.059530599075826106,,0.011579129489035092,0.020187189182101523,0.02158930086302857,,,0.042105971472806245,0.025145650999800786,0.011610949986464019,,,,,0.06456021766132938,0.06451862852171554,0.0614347699774919,
2023-08-31,,,,0.01927229516582029,0.0152990422166247,0.023515916638052792,0.020267335075119457,,,,,,0.08464998491718481,0.022532637469864416,,,0.04839857518938093,,,0.03875659287072014,0.01946013733541171,,0.061489446061522034,,,0.02751288850984972,,0.053885570002511325,,0.06466042796727818,,,,,,,0.02597366938634674,,,,,,0.04199546073949877,,,,,,,,,,,,,,,,,,,,0.019013467591773317,,,0.03105414563344158,,,,,,0.059530599075826106,,0.011579129489035092,0.020187189182101523,0.02158930086302857,,,0.042105971472806245,0.025145650999800786,0.011610949986464019,,,,,0.06456021766132938,0.06451862852171554,0.0614347699774919,
2023-09-30,,,,0.027970242893578565,0.011035239920061002,0.03589720472883235,0.03057454877842574,,,,,,0.10266656238088441,0.015884366744471034,,,0.04508792479997467,,,0.0284497045446959,0.028779647936317678,,0.03619266124365325,,,0.025893175510507245,,0.04886345829263383,,0.06070363104418907,,,,,,0.024182162622516445,0.00902736235744042,,,,,,0.04905062806320975,,,,,,,,,,,,,,,,,,,,0.017459276144055666,,,0.02790073642343535,,,,,,0.042855458786354036,,0.016517012340935614,0.014538251648860606,0.015338691780012216,,,0.05078073120236621,0.029430893908247206,0.016078059498711907,,,,,0.04602477203070817,0.0477060179849612,0.09511157638996041,
2023-10-31,,,,0.027970242893578565,0.011035239920061002,0.03589720472883235,0.03057454877842574,,,,,,0.10266656238088441,0.015884366744471034,,,0.04508792479997467,,,0.0284497045446959,0.028779647936317678,,0.03619266124365325,,,0.025893175510507245,,0.04886345829263383,,0.06070363104418907,,,,,,0.024182162622516445,0.00902736235744042,,,,,,0.04905062806320975,,,,,,,,,,,,,,,,,,,,0.017459276144055666,,,0.02790073642343535,,,,,,0.042855458786354036,,0.016517012340935614,0.014538251648860606,0.015338691780012216,,,0.05078073120236621,0.029430893908247206,0.016078059498711907,,,,,0.04602477203070817,0.0477060179849612,0.09511157638996041,
2023-11-30,,,,0.027970242893578565,0.011035239920061002,0.03589720472883235,0.03057454877842574,,,,,,0.10266656238088441,0.015884366744471034,,,0.04508792479997467,,,0.0284497045446959,0.028779647936317678,,0.03619266124365325,,,0.025893175510507245,,0.04886345829263383,,0.06070363104418907,,,,,,0.024182162622516445,0.00902736235744042,,,,,,0.04905062806320975,,,,,,,,,,,,,,,,,,,,0.017459276144055666,,,0.02790073642343535,,,,,,0.042855458786354036,,0.016517012340935614,0.014538251648860606,0.015338691780012216,,,0.05078073120236621,0.029430893908247206,0.016078059498711907,,,,,0.04602477203070817,0.0477060179849612,0.09511157638996041,
2023-12-31,,,,0.04761300417840557,0.018629108740900013,0.03134782486785532,0.026317500386710727,,,,,,0.058437359973037166,0.01290101413173265,,,0.060994559318976425,,,0.02411151394546488,0.024541583792038163,,0.1038530352845038,,,0.03418771785677237,,0.03185029945376992,,0.035761980770374485,,,,,,0.0330536911065609,0.014420168828156534,,,,,,0.026776124582278207,,,,,,,,,,,,0.027996978532643917,,,,,,,,0.02184924582064378,,,0.03357341378586665,,,,,0.020513015909064854,0.024113074842037428,,0.0134849105217949,0.011876576104487504,0.012731603768226725,,,0.02317040507092381,0.03395036844549156,0.013296097915869009,0.02519662577337128,,,,0.02788311690187638,0.06552118545639238,0.060046893933772626,
2024-01-31,,,,0.04761300417840557,0.018629108740900013,0.03134782486785532,0.026317500386710727,,,,,,0.058437359973037166,0.01290101413173265,,,0.060994559318976425,,,0.02411151394546488,0.024541583792038163,,0.1038530352845038,,,0.03418771785677237,,0.03185029945376992,,0.035761980770374485,,,,,,0.0330536911065609,0.014420168828156534,,,,,,0.026776124582278207,,,,,,,,,,,,0.027996978532643917,,,,,,,,0.02184924582064378,,,0.03357341378586665,,,,,0.020513015909064854,0.024113074842037428,,0.0134849105217949,0.011876576104487504,0.012731603768226725,,,0.02317040507092381,0.03395036844549156,0.013296097915869009,0.02519662577337128,,,,0.02788311690187638,0.06552118545639238,0.060046893933772626,
2024-02-29,,,,0.04761300417840557,0.018629108740900013,0.03134782486785532,0.026317500386710727,,,,,,0.058437359973037166,0.01290101413173265,,,0.060994559318976425,,,0.02411151394546488,0.024541583792038163,,0.1038530352845038,,,0.03418771785677237,,0.03185029945376992,,0.035761980770374485,,,,,,0.0330536911065609,0.014420168828156534,,,,,,0.026776124582278207,,,,,,,,,,,,0.027996978532643917,,,,,,,,0.02184924582064378,,,0.03357341378586665,,,,,0.020513015909064854,0.024113074842037428,,0.0134849105217949,0.011876576104487504,0.012731603768226725,,,0.02317040507092381,0.03395036844549156,0.013296097915869009,0.02519662577337128,,,,0.02788311690187638,0.06552118545639238,0.060046893933772626,
2024-03-31,,,,0.027398680808789794,0.011015647837629858,0.03698409286726856,0.030140919105581435,,,,,,0.0599214759854725,0.015084793538296332,,,0.03570215716712286,,,0.027918932491409795,0.02835435745271069,,0.050832911473705986,,,0.039003542901888705,,0.036971009647959685,,0.04010229117996875,,,,,,0.03925234386088123,0.017016982374428138,,,,,,0.048843572960063524,,,,,,,,,,,,0.038776501363164725,,,,,,,,0.025131159972063378,,,0.03857613290253059,,,,,0.027080714248630355,0.03190937212261493,,0.016140270707639987,0.014192200027909503,0.014759897006975352,,,0.041094149705306914,0.035091995604656714,0.01573186155113065,0.03463077859640679,,,,0.03867240930339008,0.0424135730010976,0.04125527223330466,
2024-04-30,,,,0.027398680808789794,0.011015647837629858,0.03698409286726856,0.030140919105581435,,,,,,0.0599214759854725,0.015084793538296332,,,0.03570215716712286,,,0.027918932491409795,0.02835435745271069,,0.050832911473705986,,,0.039003542901888705,,0.036971009647959685,,0.04010229117996875,,,,,,0.03925234386088123,0.017016982374428138,,,,,,0.048843572960063524,,,,,,,,,,,,0.038776501363164725,,,,,,,,0.025131159972063378,,,0.03857613290253059,,,,,0.027080714248630355,0.03190937212261493,,0.016140270707639987,0.014192200027909503,0.014759897006975352,,,0.041094149705306914,0.035091995604656714,0.01573186155113065,0.03463077859640679,,,,0.03867240930339008,0.0424135730010976,0.04125527223330466,
2024-05-31,,,,0.027398680808789794,0.011015647837629858,0.03698409286726856,0.030140919105581435,,,,,,0.0599214759854725,0.015084793538296332,,,0.03570215716712286,,,0.027918932491409795,0.02835435745271069,,0.050832911473705986,,,0.039003542901888705,,0.036971009647959685,,0.04010229117996875,,,,,,0.03925234386088123,0.017016982374428138,,,,,,0.048843572960063524,,,,,,,,,,,,0.038776501363164725,,,,,,,,0.025131159972063378,,,0.03857613290253059,,,,,0.027080714248630355,0.03190937212261493,,0.016140270707639987,0.014192200027909503,0.014759897006975352,,,0.041094149705306914,0.035091995604656714,0.01573186155113065,0.03463077859640679,,,,0.03867240930339008,0.0424135730010976,0.04125527223330466,
2024-06-30,,,,0.031694312687793325,0.012459050739394857,0.01970968973489314,0.016217042248928133,,,,,,0.06141035483373116,0.017189490083378185,,,0.08726481353761811,,,0.03224379668553779,0.033013147298063705,,0.051502104209092,,,0.06852691784878306,,0.06417606227097877,,,,,,,,0.031658885180057446,0.01976001095198002,,,,,,0.05183163218509543,,,,,,,,,,,,,,,,,,,,,,,,,,,,0.03307938667924685,,,0.01828547039630096,0.016299929951044147,0.016568083774581903,,,0.044057115903871555,0.03631878708954004,0.018186634727768825,0.04944637743791533,,,,0.05755629275215544,0.05589537966392977,0.05564923112832007,
2024-07-31,,,,0.031694312687793325,0.012459050739394857,0.01970968973489314,0.016217042248928133,,,,,,0.06141035483373116,0.017189490083378185,,,0.08726481353761811,,,0.03224379668553779,0.033013147298063705,,0.051502104209092,,,0.06852691784878306,,0.06417606227097877,,,,,,,,0.031658885180057446,0.01976001095198002,,,,,,0.05183163218509543,,,,,,,,,,,,,,,,,,,,,,,,,,,,0.03307938667924685,,,0.01828547039630096,0.016299929951044147,0.016568083774581903,,,0.044057115903871555,0.03631878708954004,0.018186634727768825,0.04944637743791533,,,,0.05755629275215544,0.05589537966392977,0.05564923112832007,
2024-08-31,,,,0.031694312687793325,0.012459050739394857,0.01970968973489314,0.016217042248928133,,,,,,0.06141035483373116,0.017189490083378185,,,0.08726481353761811,,,0.03224379668553779,0.033013147298063705,,0.051502104209092,,,0.06852691784878306,,0.06417606227097877,,,,,,,,0.031658885180057446,0.01976001095198002,,,,,,0.05183163218509543,,,,,,,,,,,,,,,,,,,,,,,,,,,,0.03307938667924685,,,0.01828547039630096,0.016299929951044147,0.016568083774581903,,,0.044057115903871555,0.03631878708954004,0.018186634727768825,0.04944637743791533,,,,0.05755629275215544,0.05589537966392977,0.05564923112832007,
2024-09-30,,,,0.03296319025844632,0.013003353972922408,0.021506618728401716,0.03504708785102431,,,,,,0.05159296472705245,0.017959879727996772,,,0.07661309100372074,,,0.01714391076671324,0.01777846367822817,,0.08418345459195176,,,0.05987115954968255,,0.05707297479461224,,,,,,,,0.056822478824129774,0.020909478907389083,,,,,,0.02028895357650607,,,,,,,,,,,,,,,,,,,,,,,,,,,,0.04138865325729237,,,0.019662659633590523,0.017239097521863037,0.017474101872624923,,,0.03512084859900255,0.05767463898069657,0.019691871497493116,0.030417056782559543,,,,0.07448544360183687,0.06992275274351495,0.03416581455074792,
2024-10-31,,,,0.03296319025844632,0.013003353972922408,0.021506618728401716,0.03504708785102431,,,,,,0.05159296472705245,0.017959879727996772,,,0.07661309100372074,,,0.01714391076671324,0.01777846367822817,,0.08418345459195176,,,0.05987115954968255,,0.05707297479461224,,,,,,,,0.056822478824129774,0.020909478907389083,,,,,,0.02028895357650607,,,,,,,,,,,,,,,,,,,,,,,,,,,,0.04138865325729237,,,0.019662659633590523,0.017239097521863037,0.017474101872624923,,,0.03512084859900255,0.05767463898069657,0.019691871497493116,0.030417056782559543,,,,0.07448544360183687,0.06992275274351495,0.03416581455074792,
2024-11-30,,,,0.03296319025844632,0.013003353972922408,0.021506618728401716,0.03504708785102431,,,,,,0.05159296472705245,0.017959879727996772,,,0.07661309100372074,,,0.01714391076671324,0.01777846367822817,,0.08418345459195176,,,0.05987115954968255,,0.05707297479461224,,,,,,,,0.056822478824129774,0.020909478907389083,,,,,,0.02028895357650607,,,,,,,,,,,,,,,,,,,,,,,,,,,,0.04138865325729237,,,0.019662659633590523,0.017239097521863037,0.017474101872624923,,,0.03512084859900255,0.05767463898069657,0.019691871497493116,0.030417056782559543,,,,0.07448544360183687,0.06992275274351495,0.03416581455074792,
2024-12-31,,,,0.02686223205091158,0.0107464810977754,0.031999071747127704,0.026847055219267467,,,,,,0.12388490043245468,0.014981882559435977,,,0.09271957839976137,,,0.0288876033306168,0.03004534710821664,,0.1066282840595909,,,0.0316032745809862,,0.03387032591501829,,,,,,,,0.03353840257199166,0.016406685861118077,,,,,,0.023990411543007902,,,,,,,,,,,,,,,,,,,,,,,,,,,,0.01999582959367376,0.023178458500627924,,0.01636980921496072,0.014308853033421309,0.01487479630311939,,,0.019001179014252436,0.03468391808501815,0.01771004005071435,0.07120169215116322,,,,0.0341144404463897,0.033114036156493575,0.06843541097288486,
2025-01-31,,,,0.02686223205091158,0.0107464810977754,0.031999071747127704,0.026847055219267467,,,,,,0.12388490043245468,0.014981882559435977,,,0.09271957839976137,,,0.0288876033306168,0.03004534710821664,,0.1066282840595909,,,0.0316032745809862,,0.03387032591501829,,,,,,,,0.03353840257199166,0.016406685861118077,,,,,,0.023990411543007902,,,,,,,,,,,,,,,,,,,,,,,,,,,,0.01999582959367376,0.023178458500627924,,0.01636980921496072,0.014308853033421309,0.01487479630311939,,,0.019001179014252436,0.03468391808501815,0.01771004005071435,0.07120169215116322,,,,0.0341144404463897,0.033114036156493575,0.06843541097288486,
2025-02-28,,,,0.02686223205091158,0.0107464810977754,0.031999071747127704,0.026847055219267467,,,,,,0.12388490043245468,0.014981882559435977,,,0.09271957839976137,,,0.0288876033306168,0.03004534710821664,,0.1066282840595909,,,0.0316032745809862,,0.03387032591501829,,,,,,,,0.03353840257199166,0.016406685861118077,,,,,,0.023990411543007902,,,,,,,,,,,,,,,,,,,,,,,,,,,,0.01999582959367376,0.023178458500627924,,0.01636980921496072,0.014308853033421309,0.01487479630311939,,,0.019001179014252436,0.03468391808501815,0.01771004005071435,0.07120169215116322,,,,0.0341144404463897,0.033114036156493575,0.06843541097288486,
2025-03-31,,,,0.02679492073336409,0.010639377522861386,0.031370944252253466,0.026457245530557266,,,,,,0.05513776659050786,0.01503612052065859,,,0.08218721777521762,,,0.029362236123831698,0.030554785328528393,,0.09218344536943307,,,0.051635673449143236,,0.058245999702615674,,,,,,,,0.029477371804688113,0.01649296602490003,,,,,,0.039466592128080576,,,,,,,,,,,,,,,,,,,,,,,,,,,,0.030632843196252816,0.03505778943465778,,0.016419378505388046,0.01423571119247946,0.01484152346900355,,,0.03229213773251994,0.05917202860953193,0.01789566071112815,0.02791937722155992,,,,0.05175226758110396,0.05153194646945398,0.053206673020279455,
2025-04-30,,,,0.02679492073336409,0.010639377522861386,0.031370944252253466,0.026457245530557266,,,,,,0.05513776659050786,0.01503612052065859,,,0.08218721777521762,,,0.029362236123831698,0.030554785328528393,,0.09218344536943307,,,0.051635673449143236,,0.058245999702615674,,,,,,,,0.029477371804688113,0.01649296602490003,,,,,,0.039466592128080576,,,,,,,,,,,,,,,,,,,,,,,,,,,,0.030632843196252816,0.03505778943465778,,0.016419378505388046,0.01423571119247946,0.01484152346900355,,,0.03229213773251994,0.05917202860953193,0.01789566071112815,0.02791937722155992,,,,0.05175226758110396,0.05153194646945398,0.053206673020279455,
2025-05-31,,,,0.02679492073336409,0.010639377522861386,0.031370944252253466,0.026457245530557266,,,,,,0.05513776659050786,0.01503612052065859,,,0.08218721777521762,,,0.029362236123831698,0.030554785328528393,,0.09218344536943307,,,0.051635673449143236,,0.058245999702615674,,,,,,,,0.029477371804688113,0.01649296602490003,,,,,,0.039466592128080576,,,,,,,,,,,,,,,,,,,,,,,,,,,,0.030632843196252816,0.03505778943465778,,0.016419378505388046,0.01423571119247946,0.01484152346900355,,,0.03229213773251994,0.05917202860953193,0.01789566071112815,0.02791937722155992,,,,0.05175226758110396,0.05153194646945398,0.053206673020279455,
2025-06-30,,,,0.016414809100661315,0.0128150696582543,0.038401240307026824,0.032456630980569896,,,,,,0.06023066916209818,0.018214204313038246,,,0.09700904271610505,,,0.01800944188000803,0.018673364944400448,,0.057515379713497454,,,0.058689237250679614,,0.06281657928550148,,,,,,,,0.03286101867158146,0.01992518349016508,,,,,,0.04994805637091471,,,,,,,,,,,,,,,,,,,,,,,,,,,,,0.022745513081090296,,0.02001207029382884,0.01714014729765393,0.017812612452247262,,,0.04238003267379304,0.035798182673289984,0.021501120901141417,0.036118527819629674,,,,0.062460370771362315,0.06307115070982315,0.06698034348163792,
2025-07-31,,,,0.016414809100661315,0.0128150696582543,0.038401240307026824,0.032456630980569896,,,,,,0.06023066916209818,0.018214204313038246,,,0.09700904271610505,,,0.01800944188000803,0.018673364944400448,,0.057515379713497454,,,0.058689237250679614,,0.06281657928550148,,,,,,,,0.03286101867158146,0.01992518349016508,,,,,,0.04994805637091471,,,,,,,,,,,,,,,,,,,,,,,,,,,,,0.022745513081090296,,0.02001207029382884,0.01714014729765393,0.017812612452247262,,,0.04238003267379304,0.035798182673289984,0.021501120901141417,0.036118527819629674,,,,0.062460370771362315,0.06307115070982315,0.06698034348163792,
2025-08-31,,,,0.016414809100661315,0.0128150696582543,0.038401240307026824,0.032456630980569896,,,,,,0.06023066916209818,0.018214204313038246,,,0.09700904271610505,,,0.01800944188000803,0.018673364944400448,,0.057515379713497454,,,0.058689237250679614,,0.06281657928550148,,,,,,,,0.03286101867158146,0.01992518349016508,,,,,,0.04994805637091471,,,,,,,,,,,,,,,,,,,,,,,,,,,,,0.022745513081090296,,0.02001207029382884,0.01714014729765393,0.017812612452247262,,,0.04238003267379304,0.035798182673289984,0.021501120901141417,0.036118527819629674,,,,0.062460370771362315,0.06307115070982315,0.06698034348163792,
2025-09-30,,,,0.018936391161508092,0.014800168912478477,0.022253087761921087,0.018881389115099113,,,,,,0.10195385256408186,0.021100177515942942,,,0.04666862822440358,,,0.020814073369833496,0.021507515642025347,,0.04959928045722743,,,0.056259711813956864,,0.06051694359422794,,,,,,,,0.06322142228621881,0.022971020091554276,,,,,,0.043003453082266746,,,,,,,,,,,,,,,,,,,,,,,,,,,,,0.029837543812567008,,0.02325018774740577,0.019804806586721273,0.020644296996570406,,,0.017971222500537926,0.06074668596302392,0.02506628345898335,0.09387230497178704,,,,0.04068872169627339,0.04158653152340943,0.044044299149974375,
2025-10-31,,,,0.018936391161508092,0.014800168912478477,0.022253087761921087,0.018881389115099113,,,,,,0.10195385256408186,0.021100177515942942,,,0.04666862822440358,,,0.020814073369833496,0.021507515642025347,,0.04959928045722743,,,0.056259711813956864,,0.06051694359422794,,,,,,,,0.06322142228621881,0.022971020091554276,,,,,,0.043003453082266746,,,,,,,,,,,,,,,,,,,,,,,,,,,,,0.029837543812567008,,0.02325018774740577,0.019804806586721273,0.020644296996570406,,,0.017971222500537926,0.06074668596302392,0.02506628345898335,0.09387230497178704,,,,0.04068872169627339,0.04158653152340943,0.044044299149974375,
2025-11-30,,,,0.018936391161508092,0.014800168912478477,0.022253087761921087,0.018881389115099113,,,,,,0.10195385256408186,0.021100177515942942,,,0.04666862822440358,,,0.020814073369833496,0.021507515642025347,,0.04959928045722743,,,0.056259711813956864,,0.06051694359422794,,,,,,,,0.06322142228621881,0.022971020091554276,,,,,,0.043003453082266746,,,,,,,,,,,,,,,,,,,,,,,,,,,,,0.029837543812567008,,0.02325018774740577,0.019804806586721273,0.020644296996570406,,,0.017971222500537926,0.06074668596302392,0.02506628345898335,0.09387230497178704,,,,0.04068872169627339,0.04158653152340943,0.044044299149974375,
2025-12-31,,,,0.031074651189383747,0.006061934154765554,0.03828966834992117,0.01587847742185577,,,0.046119978645612424,,,0.12587572124265706,0.016981923264717997,0.019092601881801913,,0.04968022726374689,,,0.03456529834904663,0.03561939527332439,,,,,0.05869623408346793,,0.03056688855433869,,,,,,,,0.07434449788743103,0.01855603530333607,,,,0.04213822834844428,,0.023211325509759916,,,,,,,,,,,,,,,,,0.051308473356143955,,,,,,,,,,,,0.020137618411345034,,0.009324272716784977,0.015557435642230836,0.008381032045395212,,,0.019677140884142717,0.06639460205271357,0.019832338334334346,0.044449875193117584,,,,0.026537758154429048,0.024413878971707322,0.027232487514043967,
2026-01-31,,,,0.031074651189383747,0.006061934154765554,0.03828966834992117,0.01587847742185577,,,0.046119978645612424,,,0.12587572124265706,0.016981923264717997,0.019092601881801913,,0.04968022726374689,,,0.03456529834904663,0.03561939527332439,,,,,0.05869623408346793,,0.03056688855433869,,,,,,,,0.07434449788743103,0.01855603530333607,,,,0.04213822834844428,,0.023211325509759916,,,,,,,,,,,,,,,,,0.051308473356143955,,,,,,,,,,,,0.020137618411345034,,0.009324272716784977,0.015557435642230836,0.008381032045395212,,,0.019677140884142717,0.06639460205271357,0.019832338334334346,0.044449875193117584,,,,0.026537758154429048,0.024413878971707322,0.027232487514043967,
2026-02-28,,,,0.031074651189383747,0.006061934154765554,0.03828966834992117,0.01587847742185577,,,0.046119978645612424,,,0.12587572124265706,0.016981923264717997,0.019092601881801913,,0.04968022726374689,,,0.03456529834904663,0.03561939527332439,,,,,0.05869623408346793,,0.03056688855433869,,,,,,,,0.07434449788743103,0.01855603530333607,,,,0.04213822834844428,,0.023211325509759916,,,,,,,,,,,,,,,,,0.051308473356143955,,,,,,,,,,,,0.020137618411345034,,0.009324272716784977,0.015557435642230836,0.008381032045395212,,,0.019677140884142717,0.06639460205271357,0.019832338334334346,0.044449875193117584,,,,0.026537758154429048,0.024413878971707322,0.027232487514043967,
2026-03-31,,,,0.031841687561555886,0.0122018017601054,0.019529707547931863,0.01623728111165314,,,0.029164684664786937,,,0.12379047904358731,0.01749554073907863,,,0.05070723173481197,,,0.0354333814658841,0.036480199205873545,,,,,0.06242959515722846,,0.06431741207542446,,,,,,,,0.07342996379891445,0.01913074944977882,,,,0.027183066800394406,,0.02597812725251422,,,,,,,,,,,,,,,,,0.030136830824084294,,,,,,,,,,,,0.04931484861937493,,0.019056783811591718,0.01571735352540991,0.01735709032642571,,,,0.06744192477835413,0.010402646750187067,0.05486017041969886,,,,,0.05775236657119946,0.0326090750041504,
2026-04-30,,,,0.031841687561555886,0.0122018017601054,0.019529707547931863,0.01623728111165314,,,0.029164684664786937,,,0.12379047904358731,0.01749554073907863,,,0.05070723173481197,,,0.0354333814658841,0.036480199205873545,,,,,0.06242959515722846,,0.06431741207542446,,,,,,,,0.07342996379891445,0.01913074944977882,,,,0.027183066800394406,,0.02597812725251422,,,,,,,,,,,,,,,,,0.030136830824084294,,,,,,,,,,,,0.04931484861937493,,0.019056783811591718,0.01571735352540991,0.01735709032642571,,,,0.06744192477835413,0.010402646750187067,0.05486017041969886,,,,,0.05775236657119946,0.0326090750041504,
2026-05-31,,,,0.031841687561555886,0.0122018017601054,0.019529707547931863,0.01623728111165314,,,0.029164684664786937,,,0.12379047904358731,0.01749554073907863,,,0.05070723173481197,,,0.0354333814658841,0.036480199205873545,,,,,0.06242959515722846,,0.06431741207542446,,,,,,,,0.07342996379891445,0.01913074944977882,,,,0.027183066800394406,,0.02597812725251422,,,,,,,,,,,,,,,,,0.030136830824084294,,,,,,,,,,,,0.04931484861937493,,0.019056783811591718,0.01571735352540991,0.01735709032642571,,,,0.06744192477835413,0.010402646750187067,0.05486017041969886,,,,,0.05775236657119946,0.0326090750041504,
2026-06-30,,,,0.0274414218333744,0.00949014053369122,0.03476793966747343,0.029634494817752446,,,0.042723338707800755,,,0.07538878024373792,0.014214922867965366,,,0.058162343635968124,,,0.02882429067982799,0.029524293271419522,,,,,0.046748124038419256,,0.047034483401040626,,,,,,,,0.06191095827373811,0.01618354336880258,,,,0.04360096129223864,,0.04100337949142536,,,,,,,,0.07512536494588108,,,,,,,,,0.04390872989990007,,,,,,,,,,,,0.03864470802694576,,0.01537417183332574,0.012573461112328054,0.014381686432699995,,,,0.05052232397198447,0.017687366812886837,0.03992375674985286,,,,,0.035702041382597305,0.04950297270692203,
2026-07-31,,,,0.0274414218333744,0.00949014053369122,0.03476793966747343,0.029634494817752446,,,0.042723338707800755,,,0.07538878024373792,0.014214922867965366,,,0.058162343635968124,,,0.02882429067982799,0.029524293271419522,,,,,0.046748124038419256,,0.047034483401040626,,,,,,,,0.06191095827373811,0.01618354336880258,,,,0.04360096129223864,,0.04100337949142536,,,,,,,,0.07512536494588108,,,,,,,,,0.04390872989990007,,,,,,,,,,,,0.03864470802694576,,0.01537417183332574,0.012573461112328054,0.014381686432699995,,,,0.05052232397198447,0.017687366812886837,0.03992375674985286,,,,,0.035702041382597305,0.04950297270692203,
2026-08-31,,,,0.0274414218333744,0.00949014053369122,0.03476793966747343,0.029634494817752446,,,0.042723338707800755,,,0.07538878024373792,0.014214922867965366,,,0.058162343635968124,,,0.02882429067982799,0.029524293271419522,,,,,0.046748124038419256,,0.047034483401040626,,,,,,,,0.06191095827373811,0.01618354336880258,,,,0.04360096129223864,,0.04100337949142536,,,,,,,,0.07512536494588108,,,,,,,,,0.04390872989990007,,,,,,,,,,,,0.03864470802694576,,0.01537417183332574,0.012573461112328054,0.014381686432699995,,,,0.05052232397198447,0.017687366812886837,0.03992375674985286,,,,,0.035702041382597305,0.04950297270692203,
