date,12QTTMCFTrend,12QTrendTTMEPS,14DayRSI,20DStochastic,3YAvgAnnEPSGrw,3YAvgAnnSalesGrw,4WChgFwd12MEPS,50DVolSig,52WSlope,5DMoneyFlowVol,60MAVGTTMEP,60MAVGTTMROA,60MAVGTTMROE,6MAvgChg1MRecC,6MChgTgtPrcGap,6MChgTgtPrcGapEMA,6MTTMSalesMom,8WChgFwd12MEPS,90DCV,AccrualRatioBS,AccrualRatioCF,Adj50DVolSig,AdjAccruals,AdjAstAdjChg1YFCF,AdjAstAdjChg3YFCF,AdjChgEPS,AdjChgEPStoSales,AdjEBITP,AdjEPSNumRevFY1C,AdjEPSNumRevFY2C,AdjFCFP,AdjIntCov,AdjInvPEGC,AdjRev3MFY1C,AdjRevMagC,Alpha12M6MPChg,Alpha36M6MPChg,Alpha60M,Amihud,AssetTurn,AstAdjChg1YCF,AstAdjChg1YEPS,AstAdjChg1YFCF,AstAdjChg1YOCF,AstAdjChg3YCF,AstAdjChg3YEPS,AstAdjChg3YFCF,AstAdjChg3YOCF,BP,BVEV,BookLev,BuyBackChg,BuyToSellRecLess3MEMA,BuyToSellRecLess3MSMA,CACL,CFAst,CFEV,CFEqt,CFIC,CFP,CFROIC,CQDOHtoSales,CQDRItoSales,CQPTTMCFtoSales,CapAcqRatio,CapExToAst,CapExToSales,CashAdjEV,CashAst,CashBurn,CashCycle,CashEV,CashP,CashRatio,CashToSales,Chg1YAmihud,Chg1YFCF,Chg1YOCF,Chg1YOPM,Chg3YAstTo,Chg3YCF,Chg3YEPS,Chg3YFCF,Chg3YOCF,Chg3YOPM,Chg4QSalesTrend,ChgATO,ChgDeprCapex,ConsQPosChgTTMEPS,ConsQPosChginTTMCF,CurLiaP,DA,DIVIDENDGROWTH,DepToCapex,DivP,DivToCF,DivperShareGrowth,EBITDAEV,EBITEstDisp,EBITMargin,EP,EPSNumRevFY1C,EPSSurpC,EPSToSalesChg1Y,ETO,EbitToAst,EbitdaToAst,EstDiffC,FCFEV,FCFEqt,FCFP,FCFSales,FY2OverFY1Growth,FinLev,FwdFCFPC,GPMargin,GrPftToAst,HL1M,IO_BreadthStabBY,IO_Concentration,IO_InvDuration,IO_Level,IO_Level_AM,IO_NAT,IO_TO,IndiDivP,IntCovRatio,InvPEGC,InvPEGYC,InvToAsset,InvToAst,InvToAstChg1Y,InvTurn,LTDA,LTDE,LTGC,LogAssets,LogMktCap,LogTTMSales,NIStab,NetProfitMargin,OCFAst,OCFEqt,OCFIC,OCFP,OCFRatio,OCFStab,OEA,OEP,OPM,PAYOUTRATIO,PAdjChg1YCF,PAdjChg1YEPS,PAdjChg1YFCF,PAdjChg1YOCF,PAdjChg1YSales,PAdjChg3YCF,PAdjChg3YEPS,PAdjChg3YFCF,PAdjChg3YOCF,PAdjChg3YSales,PM5D,PTIP,PTIToNOA,PrcTo260DL,QuickRatio,RDInt,REToAst,ROA,ROA60MSlope,ROASTAB,ROAStddev20Q,ROE,ROEStab,ROEStddev20Q,ROIC,RONA,RecTurn,Rev3MFY1C,Rev3MFY2C,RevMagFY1C,SEV,SGAToSales,SGAToSalesChg1Y,SP,SUEC,SalesAcc,SalesToEPSChg,SalesToInvCap,ShareChg,SharpeRatio,ShortIntTrdVol,SolvencyRatio,SusGrwRate,TTMEPStoTTMSales,TTMOverheadtoSales,TTMRecInvToSales,TotalAccruals,UnexpectedInvChg,UnexpectedRecChg,VolAdjRtn12M,WCA,WCAccruals,WCTurn,WCapToAst,WCapToSales,YoYChgDA
2018-06-30,,,,,4.209699662218371e-05,-9.947891523699967e-05,,,,,,,,,,,,,,-0.00017584098209299145,,,3.2344896173720696e-05,,2.805805889470979e-05,,,,,,,,,,,,,,,-2.6220828175052018e-05,,,-0.00010224395367050814,,,,,3.500587718026966e-05,,,,,,,-9.956959246139676e-05,,,,,,4.1393085014951427e-05,,,-5.280395791260004e-05,,,,-0.0004600323484562494,-0.00038667930923874487,,,,,-0.00011556391580444236,,,,,,-0.00011794837525514464,,-4.95132976889448e-06,,-3.114075359835696e-05,,0.00012556170642501977,-0.0005901729257432936,,,-0.00013101784239641614,,,-1.3746626048319976e-05,,,,0.00010693214529356552,,,,,,7.144224366568135e-05,,,,,,,,-0.00013846345490791125,9.112106127134833e-05,,,,,8.674955113605326e-05,,,,,,,,,,,,-0.00045714864123773294,,,,,,-0.00039201061031834283,,,-0.001202441421555809,,,,-3.4731092013650995e-05,0.0003623581019863304,-0.00013759423414013837,,,,,,,,,,-9.103877336770926e-05,,,,,-1.253443066129134e-05,-1.3466053942548562e-06,-0.00015607757617265146,-8.796521774182512e-05,,-9.684374959705498e-05,,-5.007974584097386e-05,-0.00019641566532510303,-4.523281202401423e-05,,,,,,,-0.0001444410165183,,,,,,,,,,,0.00018988746490718514,,0.0010050993016870878,-0.00014589034544650547,-5.6314395403308135e-05,,-0.000790359864784216,,,,,,,,,,-0.0001399546147868059,,-0.0010729554041442229,-0.00013713182705476655,,
2018-07-31,,,,,-0.00020768171751440006,-0.00014229192820077051,,,,,,,,,,,,,,-2.4867013013470595e-05,,,-0.00013640556259113335,,-0.00021000553306189726,,,,,,,,,,,,,,,6.573423778218954e-06,,,-0.00020114663253475453,,-0.0001603172268303358,,,-0.00021571978535038982,,,,,,,-4.849123575454256e-05,,,,2.8318452637772433e-05,,-5.875055666782357e-05,-1.3792983456851808e-05,,,,,,-0.00019223532212721866,-0.00018730946127709842,,,,,-5.035680646643129e-05,,,,,,-4.671874338528027e-05,,-0.0001527577891931964,,-0.0001730625568296967,,6.785996485125284e-05,,,,4.73876281478813e-05,,,5.1819352148199e-05,,,,7.476378531115115e-05,,,,,,2.207850769000926e-05,,,,,,,0.00016795688391403547,0.0001575565995401627,1.5332398438000612e-05,,,,,-2.908746970042059e-05,,,,,,,,,,,,,,,-0.0004482632337499507,,,-4.625500117630508e-05,,,-0.00019369795848308842,,,,-4.881655268129259e-05,0.0003188432341795158,-1.3237755916693011e-07,,,,,,,,,,-0.00011679010152410288,,,,,-0.0003698253602930661,-9.820908724433848e-05,-0.00023777493974714228,-8.346843126013132e-05,,2.1231908648952843e-05,,-0.0002999056729671747,-3.225236519344112e-05,,,,,,,,,,,,,,,,,,,2.3859310072678284e-05,0.0002152506621434108,0.0002095102383644998,2.805582328023073e-05,0.0003610384720855345,,-0.00043759854859275725,,,,,,,,,,-3.777225492725884e-05,,,-3.47904195069342e-05,,
2018-08-31,,,,,2.2220200167876724e-05,0.0001442919522155292,,,,,,,,,,,,,,-0.00017078688012546817,,,7.075105950716498e-05,,0.00012528219521287703,,,,,,,,,,,,,,,0.00021746102060613915,,,0.00018626454168061335,,0.00021735004294386312,,,0.00015255791506250656,,,,,,,-2.8813409211260245e-06,,,,5.212883316883937e-05,,0.0003013601570221554,4.350386152803119e-05,,,,,,-7.354295403664646e-05,3.739776411729101e-05,,,,,-3.3508469942818626e-05,,,,,,-2.526464177501528e-05,,0.00014976452742290658,,-2.4662576847363336e-06,,0.0001548797697211328,,,,3.0503041531888447e-06,,,9.629860439859792e-05,,,,3.761358198251504e-05,,,,,,5.768291169254547e-05,,,,,,,0.001412988926238923,4.523997239540921e-06,4.903203595991495e-05,,,,,0.0003656391564439047,,,,,,,,0.000506964637285236,,,,,,,,,,,,,-7.61199794372392e-05,,,,0.0001415000905000674,0.0002940528229712449,4.1566443821808386e-06,,,,,,,,,,5.4790410560236364e-05,,,,,-8.880552123984343e-05,5.5381098111620794e-05,,0.00014444230202951435,,9.050409097336695e-05,,8.370849481518205e-06,8.611790425759704e-05,,,,,,,,,,-0.0002108631715428018,,,,,,,,,0.00025121442337427144,0.0003984117194981136,-0.0009261840045479409,0.0005584838440704489,0.00011802235836310143,,-0.00022157678711113836,,0.0007010626110179844,,,,,,,,8.94546855221305e-06,,,1.411823755734358e-05,,
2018-09-30,,,,,-4.016282263182348e-05,-2.1012326793280728e-05,,,,,,,,,,,,,,4.357317051552572e-05,,,1.8971939366406917e-05,,1.0833265349881596e-06,,,,,,,,,,,,,,,-5.9121390879935006e-05,,,-4.310875633611534e-05,,-0.00016186585415691392,-0.00017411995446657154,,-1.3860257363243722e-05,,,,,,,1.2929820275052216e-06,,,,-0.00011815228158397383,,-8.463857909127959e-05,-0.0001514410255557613,,,,,,-0.00033444808128613054,-1.5619238850517403e-06,,,,,,,,,,,1.670551169009558e-05,,-2.7076431595523466e-05,,-3.207962532806615e-05,,0.00026424529071709105,,,,-3.8278164098628134e-05,,,-0.0002467042663230377,0.0006300294837567551,,,-0.0001666618775487325,,,,,,-2.205395134380557e-05,,,,,,,0.0007418235486833714,8.899686962418173e-05,4.070373446150627e-05,,,,,-0.00017438396115736115,,,,,,,,9.902204577718356e-05,,,,,,,,,,,,,,,,,-3.125457353911946e-06,4.475278029447733e-05,2.133381214422683e-05,,,,,,,,,,-0.0002135993309119405,,,,,2.3651150196460603e-05,-7.153365685878116e-06,,-3.280888457931633e-05,,-6.414696427927692e-05,,8.654047466163426e-06,8.623039371634139e-06,,,,,,,,,,-0.0005640139174627005,,,,,,,,,0.0006539507404601174,-7.180673885109429e-05,0.001503056174843533,-6.927861996120184e-05,-0.00014316620081787596,,,,-0.0004792338239454719,,-4.788539371153106e-05,,,,,,1.8835223311522822e-06,,,-9.91612628660261e-07,,
2018-10-31,,,,,-2.265235495957377e-05,-2.8961312268412662e-05,,,,,,,,,,,,,,0.00022891708047966563,,,0.00015881741381160438,,-2.5592369747881772e-05,,,,,,,,,,,,,,,2.0653711707287804e-05,,,,,-7.177260510514614e-05,-0.000279039196473785,,3.752239893380823e-06,,,,,,,-5.6297778268852996e-05,,,,2.5444349440934975e-05,,0.00025010969472657075,-1.5050420840661325e-05,,,0.00017217208768527598,,,,-0.00020037164793355972,,,,,,,,,,,2.067305439575688e-05,,5.111274689268568e-06,,5.486569400415981e-05,,-0.0006020393491173981,,,,-2.8206811419453862e-05,,,-3.1273023352259915e-05,-0.0001316539652660169,,,-1.878297778879e-05,,,,,,-0.0003010345099894136,,,,,,,-4.924989537759906e-05,0.00040072536615512054,4.637961712600701e-05,,,-6.658850117492412e-05,,-8.546167359049553e-05,,,,,,,,0.00018536201901782608,,,,,,,,,,,,,,,,,-1.1792836966918433e-05,-0.00010854154731809117,9.518952450272254e-05,,,,,,,,,,3.179745194019554e-05,,,,,-2.470837794459989e-05,3.0617226167729064e-05,,0.000518913776768325,,-9.335062517231053e-05,,-5.835743146168036e-05,-4.7894210462742875e-05,,,,,,,,,,-2.6437873788474123e-05,,,,,,,,,-1.7045937507968037e-05,0.0006181063406068807,0.0012940578617022267,0.00014493772028096607,0.0008979214833446382,,,,-0.000994969105209378,,0.00010647540192289727,,,,,,-6.462321776836765e-05,,,-7.546807095693164e-05,,
2018-11-30,,,,,5.437545182627463e-05,2.3199487894150878e-05,,,,,,,,,,,,,,-7.066517120392348e-05,,,-1.7171694626219454e-05,,-5.052318787043338e-05,,,,,,,,,,,,,0.0021239733346880966,,-6.676856826429689e-06,,,,,,,,0.0002188012025960516,,,,,,,-8.926925593499346e-06,,,,8.729913019480424e-06,,7.471525252812976e-05,1.2767774113966842e-05,,,-0.0002883790835248366,,,,2.3730494068997616e-05,,,,,,,,,,,-4.048464545367284e-06,,8.068565435737069e-05,,0.00024115335167553486,,-0.0003916983304779994,,,,2.5074167794554365e-05,,,2.8804992423489095e-05,-0.0004153942998097457,,,6.005871719417008e-05,,,,0.0009744961953977503,,1.87534855641115e-05,,-0.0002902006237138181,,,,,-0.0005881851259046275,-0.0001562066860940853,-4.560699789563723e-05,,,-0.00011881969862231213,,2.08070622458245e-05,,,,,,,,0.000556158192087436,,,,,,,,,,,,,,,,,9.224597720825114e-06,6.620404983810716e-05,8.96853163781498e-05,,,-8.224952213030925e-06,,,,,,,-0.0005184970894558899,,,,,-9.213030123429391e-05,0.00018510504540858452,,0.00025951769359974347,,1.4374760018110988e-05,,,5.071772928356356e-05,,,,,,,,,,,,,,,,,,,-3.536129370404647e-05,1.803160432366993e-05,0.0008074830820552264,-0.0002199506015098674,0.00031264589756716123,,,,0.00014072568588494426,,0.0001390433613087477,,,,,,1.0218059338962641e-06,,,-1.1982558176638453e-05,,
2018-12-31,,,,,0.00020019026358100944,-2.27541185332618e-05,,,,,,,,,,,,-0.0010870120318540516,,0.0007037149039267628,,,-0.0001804500748823973,,0.0009963750836242814,,,,,,,,,,,,,-0.002000129927539987,,7.291619640116797e-05,,,,,,,,,,,,,,,,,,,5.663148995352573e-05,,0.00010559730643002828,2.6540088812729442e-05,,,6.806319442532747e-05,,,,0.0001337887444693384,,,,,,,,,,,0.0005247651150427038,,0.00025316062620264437,,,,-6.302590612576561e-05,,,-0.00011152737402200989,6.121064545003805e-05,,,1.5005518269404856e-05,,,,7.417101332921268e-05,,,,0.00036570095951040814,,-3.330515498120357e-05,,-0.00048754800666653053,,,,0.0003108083759238125,0.00036266093672864485,0.00011778919341719814,0.00020331002109342538,,,-0.00026527862259745686,,1.1096418669570018e-05,,,,,,,,-0.00023368045544915473,,,,1.8470700324031237e-05,,,-4.7597433011825125e-06,,,,,,,,,,9.061326480330302e-05,0.00012422583613859778,0.00043408274404219344,,,0.0005233588411141569,,,,,,,,,,,,4.4678937986895446e-05,0.00023972033638578423,7.333951383102205e-05,0.0008021266803517129,,3.539661171870069e-05,,,,,,,,,,,,1.0161033651245442e-05,,,,,,,,,,-0.0003591465593661432,0.00010782677795050121,,-2.81338180820561e-07,-0.0003375959589819435,,,,-6.422576978688791e-05,,5.2379650458510236e-05,,,,,,,,-0.00018115466856371288,1.9783628894556315e-05,,
2019-01-31,,,,,-0.00018282877592133628,-3.786665896586908e-05,,,,-0.0004534295819924119,,,,,,,,,,-0.0011023183935913287,,,-0.00037774511519870417,,-0.00039842501523172587,,,,,,,,,,,,,,,-0.00010140351641889245,,,,,,,,,,,,,,,,,,,-4.730560303116413e-05,,-0.00021669574720063403,-0.00025820282880488645,,,-0.0001817334632931066,,,,-0.0003126990296940989,,,,,,,,,,,-0.00021188735237168957,,-6.459724776636465e-05,,,,-6.171367348064783e-05,,,-5.401467222390786e-05,-0.0001693038009507931,,,-7.867746699610675e-05,,,,0.00023457539758706797,,,,8.952203906339044e-05,,-5.843744746817208e-06,,-1.3249629045614114e-05,,,,0.0001411049911526764,2.405901245498349e-05,0.0005085211546248743,-0.00022353875005627475,,,,,-0.00015070887075812898,,,,,,,,0.00017465737646525667,,,,-4.850540658223461e-05,,,0.0001089633690842803,,,-6.37490346737131e-05,,,,,,,-0.00037623530078453903,2.79516016298348e-05,-0.0005640684556672907,,,-0.00034405505366378903,,,,,,,,,,,,-0.000213113409634007,-0.00030750100003780695,-0.00029348982543897067,-0.0002955479454239717,,-0.00015014626470216392,,,,-0.00027375999783010277,,,,,,,,-0.00019664563025658877,,,,,,,,,,-2.1878490489066703e-05,-0.00015697537012790994,,-2.0095953380300097e-05,-9.67909338634171e-05,,,,9.500660594285885e-05,,-4.750662905035211e-05,,,,,,,,-0.0004085111576436708,-1.1360134993229063e-06,,
2019-02-28,,,,-0.0002832360948704449,0.0002252174051502632,,,,,-0.00020245077572604974,,,,,,,,0.00021736529273140692,,-7.094317545306668e-05,,,1.7851164009132046e-05,,0.0006426146370101435,,,,,,,,,,,,,,,2.8109602815163026e-05,,,,,,,,,,,,,,,,,,,0.00017187747957517644,,4.300214082607194e-05,,,,0.00015017223983138385,,,-4.11287708151758e-05,7.763806685434632e-05,,,,,,,,,,,-0.0002658039002900648,,0.00012553116170840325,,,,,,,9.640915745469233e-05,-0.00027795896222584796,,,0.00024307336790381498,,,,0.000289750716471973,,,,-0.0010086544087682776,,8.580312325321401e-05,,1.9961627534080192e-05,,,,7.179976083420886e-05,0.0002453291384702522,0.00014524137919938617,0.00012315551093680503,,,,,8.836984872545855e-05,,,,,,,,0.0004325226291551421,,,,-0.00022430893836492325,,,0.0005256768069278151,,,0.00018879856435369353,,,,,,,4.321749976139145e-05,0.0003600482537219264,5.2998087828487196e-05,,,,,-0.0004843368845419835,,,,,,,,,1.625755810060667e-05,5.4286960051106974e-05,0.000296727152979478,4.3607204957443186e-05,-0.0003103560044766577,,0.00029665268199901385,,,,,,,,,,,,9.734644016741878e-05,,,,,,,,,,8.558330361710103e-05,8.41992294799017e-06,,2.0818100953219803e-05,-5.3141195845626085e-05,,,,0.00021142251719184944,,4.449811856880844e-06,,,,,,,,-0.00012485456737948062,-1.5899515641627126e-05,,
2019-03-31,,,,-0.0003684319503550049,5.964180841384017e-05,,0.00012440858849270794,,,4.757222899392933e-05,,,,,,,,0.0008490173157339117,,0.00011319363178298892,,,-5.819475391162875e-05,,4.141495530335495e-05,,,,,,,,,,,,,,,3.0558467779993005e-05,,,,,0.00016291260031290364,0.00024559309736435465,,,,,,,,,,,,,8.352581962283145e-05,,7.52367641471086e-05,,,,0.00030110415270882346,,,-0.0008199870879595926,-0.0001590082476727918,,,,,,,,,,,,,0.00017261882457884775,,,,,,,-3.78518644855638e-05,4.713173780455492e-05,,,6.995206206692659e-05,,,,0.0002103205045624983,,,,-0.000257177423997332,,9.233519549597323e-05,,5.558731110355476e-05,,,,-0.0003395670665738238,-4.847270231746451e-06,-0.00021749091431612523,0.00025950364860801925,,,,,9.913336229301343e-05,,,,,,,,0.00020210568338674818,,,,-2.1447162950945868e-05,,,-0.00015400373067517832,,,0.00018163649257444732,,,,,,,0.00021293853304865613,-4.889008147130106e-07,7.404720208761629e-07,,,,0.00020064756890438617,,,,,,,,,,9.29680395143086e-05,7.4883398957128e-05,3.305883122547815e-05,-2.0012292100553822e-05,0.00024255056945236866,,0.00010088584052787127,,,,,,,,,,,,8.299461031211921e-05,,,,,,,,,,4.517238030270363e-05,-8.409223804662896e-06,,1.0914627805898015e-05,,,,,-5.214819516716969e-05,,3.8349100294618986e-05,,,,,,,,,0.00011884074845356431,,
2019-04-30,,,,0.0009394534346989232,1.380715891012122e-05,,0.00016089921496316233,,,2.060560436332598e-05,,,,,,,,0.0007805082227557116,,-0.0004429156400662265,,,2.8978795888048326e-05,,0.000265889107461697,,,,,,,,,,,,,,,3.1293105998042395e-05,,,,,0.0005100807816193036,0.00040845166672328866,,,,,,,,,,,,,0.0003412930544377795,,6.358279383832087e-06,,,,0.00017117247115548944,,,,-5.5384162210937537e-05,,,,,,,,,,,,,0.00014417620714978976,,,,,,,3.832260394223963e-05,4.184610978475887e-05,,,0.0002895675811465204,,,,0.0006098857129888977,,,,,,-0.00024708625410787297,,0.00017241300293954705,,,,8.435334970397435e-05,0.00017483538661771102,0.0006877452942779537,0.0001467925285748444,,,,,-2.818906492170898e-05,,,,,,,,0.0001897664916562945,,,,3.354093345641148e-05,,,-0.00029111799054916426,,,-0.00022005240794527455,,,,,,,-3.680356276098801e-05,0.00035801228630769934,-4.199017190644013e-05,,,,7.124109656394345e-05,,,,,,,,,,0.00017030504579027456,-2.395242060425042e-05,7.717406257914279e-05,4.899167813662296e-06,-2.6977664499778633e-05,,2.3296660871696538e-05,,,,2.541975395371868e-05,6.478196160242307e-05,,,,,,,0.0001158425770857228,,,,,,,,,,-1.3382612003248287e-05,-5.953569130688294e-05,,1.090810727557675e-06,,,,,0.00012546249765966523,,2.9210754054114004e-06,,,,,,,,,-0.00019208091584676718,,
2019-05-31,,,,-0.0011278687779466199,0.00030980028550469855,,0.0007789984420260297,,,-0.0005094055036732824,,,,,,,,0.0005115249480141119,,,,,0.00024367816738608033,,0.00024924068645304823,,,,,,,,,,,,,,,0.0003981538389768861,,,,,5.7471433483711334e-05,3.5405615378932515e-05,,,,,,,,,,,,,0.00014099361065910706,,0.00019950858381460827,,,,0.00025552537142361196,,,,-6.364123542986845e-05,,,,,,,,,,,,,0.00027231028264231125,0.0004283363819633509,,,,,,6.23814881317399e-05,8.11413843522581e-05,,,-0.00012201940509635883,,,,-0.00021293618927847627,,,,,,-6.907992212888011e-05,,0.0003217434500232897,,,,-0.00021091760531357585,0.0004331216244494407,-0.0010489088607353017,0.00014358819415481505,,,,,0.00012778076414371952,,,,,,,,-0.0001312622877958393,,,,-1.4573998408341205e-05,,,0.0002544497043067672,,,3.606472742659251e-05,,,,,,,0.0002597440358546815,0.0001483494553614944,0.0003406747340518399,,,,0.00018532699515110937,,,,,,,,,,0.00012710835803878535,0.00019921648718265446,0.00021300704554510277,0.00010071841744821928,-0.00024228250253396984,,0.00010653886573963084,,,,0.0004020341945795622,0.0001622001355222437,,,,,,,9.461585959586576e-05,,,,,,,,,,-5.783159434612384e-05,0.00011445206138029873,,0.00047318346939850874,,,,,-0.0004110308577593898,,0.0001504572889443806,,,,,,,,,-7.872914856334054e-05,,
2019-06-30,,,,,-1.9351019178559275e-05,,0.0009498502625550359,,,,,,,,,,,0.002428893130239712,,,,,-5.811672611386315e-05,,-0.0009977520197444881,,,,,,,,,,,,,,,5.746326420287845e-05,,,,,1.7106912762347549e-06,6.523792467681163e-07,,,,,,,,,,,,,4.423444087342934e-05,,4.972755807368542e-05,,,,-3.0192367950938166e-05,,,,-5.9907469838719126e-05,,,,,,,,,,,,-9.833171747314221e-05,,,,,,,,-7.914480096969722e-05,-0.00027223460552200325,,,-4.206707988261366e-05,,,,0.00018282667671922417,,,,,,,,0.00018481972404111194,,,,2.6916300227099706e-05,5.6800033838028155e-05,1.142660551408896e-05,2.428861648909265e-05,,,0.0008506849551604045,,0.0001444285852584538,,,,,,,,0.00014698692064670188,-0.00031709468500930977,,,0.00011675024565620477,-0.0009511540242711093,,-0.00032826514934186673,,,-0.00011488080389296417,,,,,,,-0.00014508690866325342,8.31514907546043e-05,-0.00025927865072758997,,,,6.75105214773772e-05,,,,,,,,,-0.00014352708795288947,-0.00011774882040268532,-0.00016326389802175998,-0.00019902299226856327,-3.7896993605165224e-05,,,-3.82385855843145e-05,,,,-7.082421252218842e-05,0.00013534046875021756,,,,,,,3.927926714543945e-05,,,,,,,,,,0.0004617239781048996,-0.0005177016356019728,,6.021319399641467e-05,0.0005073229439755417,,,,9.996463025263786e-05,,4.247670841038766e-05,,,,,,,,,1.7501660861102533e-05,,
2019-07-31,,,,-0.00011507537809562121,-3.249215380929286e-05,,-5.543109926973837e-05,,,,,,,,,,,-0.000534212286998149,,,,,-0.00011253707032744513,,7.566760407044077e-05,,,,,,,,,,,,,,,0.00023805660858023517,,,,,3.4672900300559034e-05,0.00024342085613545604,,,,,,,,,,,,,2.865459350913591e-05,,0.00017517178349576158,,,,0.00022612311977189,,,,5.030146682946217e-05,,,,,,,,,,,,4.693086536881142e-06,,,,,,,,,5.884907221047611e-05,,,,,,,2.1778175747014012e-05,,,,,,,,0.0003049451400560024,,,,-4.4301187328116006e-05,0.00018090038897303724,-7.506686808719602e-06,0.00018802319006171986,,,0.000273191043284672,,0.0002649510376796368,,,,,,,,-1.7191322005587805e-05,0.00044894727040225305,,,-0.00028170260155431346,-0.0001460933594464721,,-1.7015764280199426e-05,,,-1.9852022797058663e-05,,,,,,,-2.046048962293967e-05,0.00028626697187242566,-1.1573360681890419e-05,,,,7.299663381395862e-05,,,,,,,,,-3.877357049303518e-05,-0.0002439883719306562,7.974823188406692e-05,-3.753736024091004e-05,0.0002862619966103848,,,7.961328903872336e-05,,,,0.0002502136835653389,0.00012709143356641044,,,,,,,0.0001756866253329327,,,,,,,,,,0.0003684508030428436,7.214596208117752e-05,,0.0002902167513832632,0.0003260938442299393,,,,0.00034739935773749384,,0.00015959392386674865,,,,,,5.241723905328181e-05,,,2.224251432382812e-05,,
2019-08-31,,,,-0.000925519239900939,0.00014352227704019562,0.00026154824499951624,-2.4549782590690758e-06,,,,,,,,,,,0.0014379727377642894,,,,,-0.0002845153792071151,,5.3578090432019716e-05,,,,,,,,,,,,,,,9.298352800110908e-05,,,,,0.00010391317609903618,0.0001921236236762637,,,,,,,,,,,,,4.371505594377135e-05,,0.0002709799325365959,,,,6.40302752764633e-05,,,,-4.734756522092758e-05,,,,,,,,,,,,0.00019742925852191015,,,,,,,,,,,,,,,,-3.088660743964009e-05,,,,,,,,0.00026231862464055385,,,,-3.316510732518513e-05,-1.8731198974529338e-05,-8.239771100187789e-05,3.91887473099124e-05,,,-0.001382111668003143,,0.0001886343086654118,,,,,2.758858913932959e-05,,,,0.0009362226089748382,,,-3.354734834555935e-05,-0.00028048563175872674,,-9.662985223492761e-06,,,-7.628913851821346e-05,,,,,,,5.538630548846582e-05,0.00018231810494473004,0.00010345528522544887,,,,2.9269737139631243e-05,,,,,,,,,,-3.016504779561258e-05,0.00016831257435503909,0.00045987305105873625,0.00018917881140532108,,,1.78221245942577e-05,,,,0.00014247291124794972,1.9047001281051493e-05,,,,0.00013490505582629576,,,3.366207914163666e-05,,,,,,,,,,-6.251341698566698e-06,0.0006014371757395589,,0.00018178334232434544,-2.3099533310337183e-05,,,,-0.0004122597143297633,,-4.260642571768258e-06,,,,,,4.89315020578963e-06,,,-1.1031030359054458e-06,,
2019-09-30,,,,0.0010360808272564723,-0.00019516721537120248,-0.0003004907113535914,0.0004050157418489573,,,,,,,,,,,0.0019477881495020687,,,,,-0.00010456884723695275,,-0.0001353790134089502,,,,,,,,,,,,,,,7.721367409634496e-06,,,,,-0.00017236331032627109,-0.00040015858027575406,,,,,,,,,,,,,-0.00016614182798907787,,1.2084728910016108e-05,,,,-0.0001804126043534847,,,,-9.247241780972187e-05,,,,,,,,,,,,-0.00010804498741792336,,,-0.00049450341167695,,,,,,,,,,,,,-3.7181141399442104e-05,,,,,,,,-8.731207094083762e-05,,,,,-0.00021501498524608288,2.4950741801044507e-05,-0.00021626075265523847,,,0.00010929697021664524,,-4.45646244612214e-05,,,,,-5.114829461178158e-05,,,,0.0009552357019517821,,,-2.433556339598895e-05,-5.121905713690573e-05,,-1.0869008400095957e-05,,,,,,,,,,-0.0002460616348341173,-2.370296167261208e-05,-0.00013225585694576846,,,,-0.00011604630926274635,,,,,,,,,,,-0.00022705942146198705,-0.00031064507227841634,-4.6484244497862194e-05,,,-0.00015669249347913982,,,,-5.6315690526435875e-05,-0.00016324275602895062,,,,-0.00026868160884887404,,,-8.998290776539388e-05,,,,,,,,,,-5.29193874230031e-05,-0.00023465471089322156,,0.00012260493355803693,0.0006011197412242743,,6.225428127409987e-05,,-0.0002214041603295437,,4.878477198312383e-06,,,,,,-9.002622346252407e-05,,-0.0003672912209959581,-7.30581787950392e-05,,
2019-10-31,,,,-0.00018071347951089108,-2.5113282012191213e-05,-8.603467354943852e-05,-0.0006993850876627777,,,,,,,,,,,-0.0012708094941408714,,,,,-0.0001628369004063909,,,,,,,,-0.00035551566139616205,,,,,,,,,-4.315703250873005e-05,,,,,-4.1461941452723466e-05,,,,,,,,,,,,,,-2.947100122821722e-05,,-0.00011091853127545655,,,,-0.0004167418164019134,,,,,,,,,,,,,,,,2.5390405123695447e-05,,,-0.00025588774519911823,,,,,-1.4197976590830251e-06,,,,,,,,-9.350100882125839e-05,,,,,,,,0.0002124010588223694,,-5.8805523132910665e-05,,,-0.00012076145423476282,-5.42164933100771e-05,-0.0003808399878242208,,,-5.556371020215079e-05,,6.206410912927144e-05,,,,,-0.00027087661919157857,,,,-0.0006436925636058458,,,1.9556786269027758e-05,-3.958732395390606e-05,,-4.4022853226837964e-05,,,,,,,,,,2.51264812876993e-05,1.7093206161841618e-06,-3.0833693704911377e-06,,,,-0.00016844318668166882,,,,,,,,,,,-3.557454801472998e-05,-0.0002733138565600564,-6.944644644169766e-05,,,-5.449112742285482e-07,,,,-9.297065872565495e-05,-3.9436923401809965e-05,,,,-3.182435019864222e-05,,,-0.0002117357451459437,,,,,,,,,,-0.00035769148011299465,-0.0002127808045896684,,0.00024841274708720275,-7.686788357868005e-05,,-0.0003257441204877973,-0.00014248325615646295,-1.1114945007858552e-05,,-0.0002168498673830977,,,,,,0.000278458555793022,,,0.0003411379216401503,,
2019-11-30,,,,0.00040626844534051094,,9.935500459238729e-05,-1.1584004883520632e-05,,,,,,,,,,,0.000467000733572579,,,,,-4.026852124360754e-06,,,,,,,,0.0005061751391804637,,,,,,,,,5.7955982645045984e-05,,,,,7.093243467137513e-06,,,,,,,,,,,,,,2.7500021208256708e-06,,-0.00011454660111564741,0.00025040436668214745,,,,,,,,,,,,,,,,,,,-0.00014845625116201143,,,,,,,,-0.00021271310905350457,,,,,,,,7.730891061524823e-05,,,,,,,,-5.87376058962383e-05,,-8.718734502515643e-06,,,5.851232424180087e-06,8.805994764883693e-05,3.87006195083365e-05,,,0.00015858014972421213,,0.0001306858077064721,0.000276152241866124,,,,5.6444933473057814e-05,,,,-0.00038704971632147185,,,4.472055208696064e-05,-7.50929814477975e-05,,,,,,,0.00010790098820865161,,,,,-0.0002868877042085869,-7.529772527597743e-05,-0.00026296489501436234,,,,3.3933586698620545e-06,,,,,,,,,,,4.557667499649097e-05,-1.002636188129169e-05,0.00028659051333505185,,,-5.624444676638962e-06,,,,-2.653679047911517e-05,2.0694900010953204e-05,,,,,,,4.863617361917891e-06,,,,,,,,,,7.78232944772029e-05,-0.00016765538800950393,0.0015081351700789308,2.202595824306651e-05,4.898693879868232e-05,-0.00013374393335337958,0.0008248266671648879,-5.802906708026757e-07,0.00015826165554365073,,5.624893294639086e-06,,,,,,0.00024254761363168192,,,0.00026740277367839075,,
2019-12-31,,,,5.724889343460525e-05,7.80489433155889e-06,9.820743690764251e-05,3.067438085364928e-05,,,,,,,,,,,-0.0003441260691767332,,,,,-2.6948597646589068e-05,,,,,,,,-0.00023735527777557342,,,,,0.00021116097801261464,,,,-0.00020149529309544938,,,,,,,,,,,,4.240273145743807e-05,,,,,,,1.5360497157015966e-05,,-4.083898399192962e-05,4.198656374077781e-05,,,-3.324368813252182e-05,,,,,,,,,,,,-1.6771946235609197e-06,,,,5.306354428242079e-06,,,,,,,,-5.49753718004128e-05,,,,,,,,,,,,,,,,-0.00044223944392473126,,1.782380963159584e-05,,4.2920553244999796e-05,-6.616725887518699e-05,-2.1799560917494814e-06,-1.9471161711314506e-05,,,-0.00016649025841447776,,-2.6528270637696363e-05,-3.595285415390151e-05,,,,,,,-5.129138744584511e-06,-0.00022476231991305098,,,,0.00011881239496927007,,,,,,,,,,,3.510907985028898e-05,-3.935436035222412e-06,-2.1664751402925464e-05,-2.935747077251751e-05,,,,-3.1918187278740354e-06,,,,,,,,,,,-9.363106501952331e-06,,-2.368966003209241e-05,,,-2.036228020660773e-05,,,,1.081812865631487e-05,-2.2347554052686974e-05,,,,1.024845455877207e-05,,,-1.6648382176917026e-05,,,,,,,,,,-0.0001359125720448544,,,-0.00029362982613519433,-0.00014355234716390214,,0.0006883861212648343,,0.00011786624705545284,0.0003286234656450075,-3.13868956051072e-05,,,,,,7.071903777716268e-05,,,0.00011814164139557116,,
2020-01-31,,,,0.0002490570559086153,0.0001317598253775214,0.00043504011752052183,5.554028147978722e-05,,,,,,,,,,,0.0001816625539719456,-0.001509718806689408,,,,-9.487216794820293e-05,,,,,,,,,,,,,-0.0005207084376610399,,,,6.600094768621747e-05,,,,,,0.00019025173207950697,,,,,,-8.437319863223053e-08,,,7.42482369017926e-06,,,,2.506644727467542e-05,,2.6063382449560073e-05,0.000762943020522672,-0.0008912657376266168,,2.7040850764373235e-05,,,,,,,,,,,,3.411957486420058e-05,,,,,,,,,,,,,,,,,,,,,,,,,,,,0.0005446357546482146,,,,-0.00014916880682634722,2.151867386663452e-05,-1.987878594480332e-06,3.907015799420381e-05,,,-0.002533848242474059,,0.0003886172004940291,0.00018876239400142557,,,,,,,-2.988110967610413e-06,4.8589657926538396e-05,,,,-0.00026153765427499123,,,,,,,,,,,3.1737486370420444e-05,-2.8292869735188986e-05,-2.8087925587425095e-05,-9.524233747286734e-05,,,,,,,0.00039883671415260035,,,,,,,,5.053563905433758e-05,,0.00018584662216324972,,,,,,0.00027037131113522744,8.473088445441725e-05,6.155733565570175e-05,,,,6.174022937196427e-05,,,7.311845256725636e-05,,,,,,,,,,9.02405600216941e-05,,,0.00037357727143996593,-0.0001250831043783169,,0.0002534080888250473,,-4.33408281046642e-05,0.00019976518242762422,4.00257995272717e-05,,,,,,0.00023340351681969295,,,0.00028808626692875244,,
2020-02-29,,,,-0.0001953928592572311,-0.00013592045728485211,0.0002710314241175735,-9.275374657609942e-05,,,,,,,,,,,0.00013575972150826096,,,,,-1.9297051457979508e-05,,,,,,,,,,,,,-0.0009686770960322922,,,,6.139927199879739e-06,,,,,,6.167447545037476e-05,,,,,,-1.990110118041647e-05,,,0.00026602002847993467,,,,8.811075650145556e-05,,7.992188154398275e-06,0.00043474209014315906,,,-7.339792640804984e-05,,,,,,,,,0.00016906689709428096,,,0.0003629728167879314,,,,,,,,,,,,,,,,,,,,,,,,,,,,-0.00011556626903045397,,,,5.010017211511335e-05,2.3977535137538443e-05,-3.4280748419506572e-06,1.701190586325686e-05,0.00012985255457811497,,,,0.00015855396294250666,-0.00027251621692914245,,,,,,,5.904282923942888e-06,-1.5692705302512217e-05,,,,-0.00013172671714950396,,,,,,,,,,,2.09746668234797e-05,7.155283003736868e-05,1.7705499842779665e-05,,,,0.00031196730550455754,,,,0.0003907567301346118,,,,,,,-0.00016897529656459227,3.99193720423384e-05,,-0.0002035803631225404,,,,,,0.0001491522311896724,4.304443331201254e-05,0.00010816574184518556,,,,-0.00011006981800286045,,,0.00031867334480662493,,,,,,,,,,4.647008890227895e-05,,,-2.9217193262127356e-05,-0.00014896484472758431,,-0.0005999180024900908,,0.0002768579785262493,-0.000323544499777881,-0.00011114785333001502,,,,,,0.00028126154720607883,,,0.0002565067384005792,,
2020-03-31,,,,0.0002064756813057809,,0.00019422949983361173,-0.0010687777116800661,,,,,,,,,0.00020187855237868983,,-0.002965641173232977,,,,,-0.00017749587594947868,,,,,,,,,,,,,,,,5.4062148027062604e-05,0.0005705246913090625,,,,,0.0011051424335900123,0.0010586109884619557,,0.0007218976604373716,,,,0.0012160113479903459,,,0.0009804629469959034,,,,,,0.00010854629315285528,0.0007677998634664215,,,0.00012229330225421394,,,,0.002868161188550941,,,,,0.0017554981460978696,,,-5.303250215898264e-05,,,,,,,0.0003175028977449141,,,,,,,,,,,,,,,,,,,0.0005511215799331241,,4.710609266161909e-05,,,,1.303665804370744e-05,8.205815173228528e-05,8.982521483081973e-05,0.0002685869555030018,-0.001554143152334067,,,,0.0006343638186921901,4.6440401898832007e-05,,,,,,,0.00013234172151725058,,,,,,,0.0001854458916687585,,,,,,,,,0.0008398682797135543,0.0015586905014589548,-0.00010063103613527101,,,,0.0005666503334187879,,,,0.0004013285428435249,,,,,,,0.00022191117419962942,0.0005147018481081423,,7.771238533439505e-05,,,,,,0.0007352339665217865,0.0015202821416924438,,,,,,,,0.0007835034524713241,,,,,,,,,,0.0003784845035027829,,,0.00021694207164468234,0.00023192504882928614,,-0.001003877554108526,,0.00038906089958072143,0.0014577684263772414,,,,,,,0.001501918839711169,,,0.0014461864514148644,,
2020-04-30,0.0005929721120714776,,,0.003013095512103842,,0.0007945349799844705,,,,,,,,,,0.0005213465092693762,,0.0013677396181214535,,,,,,,,,,,,,,,,,,,,,-0.0003792991113975548,-8.168609868031268e-05,,,,,0.00038281098609632073,0.00029585807513316865,,0.00021975101187469753,,,,0.000231543521380831,,,,,,,2.6651320979650976e-05,,3.90257553047597e-05,0.0002512852850058557,,,2.6883447060558406e-06,,,,-0.0005195106848370918,,,,,1.418860828219413e-05,,,-0.00020637246028392008,,,,-0.0003326731982267901,,,0.0011806307390942248,,,,,,,,,,,,,,,,,,,0.0002491677595261153,,-0.0001949139374117186,,,,-0.00023113636148703478,0.00047462065826514197,-0.0005080227929527591,-5.30114929465336e-05,,,,,0.000279712603487034,0.003202763474920011,,,,,,,-0.00014079565205952843,,,,,,,-0.00012396554664235142,,,,,,,,,0.00017195654506489943,-5.051820996947462e-05,0.0004221875585761194,,,,-6.0135594455736093e-05,,,,0.0003333451090980962,,,,,,,8.04820491389556e-05,0.00010915764111496798,,0.00020457192031076064,,,,,,0.00028412818823308285,-0.0002914961051547176,,,,,-0.0002705923584145055,,,4.399655370153299e-05,,,,,,,,,,0.0004428787046072068,,,-0.0004788243187445432,-0.00023930214178611236,,-0.0007068831723296445,,0.0005882656067422855,2.3847753855140408e-05,,,,,,,-0.0002531786074410347,,,-0.00020242570392831638,,
2020-05-31,0.0002061456865689482,,,-0.0004178296641940641,,0.0006393274607112042,,,,,,,,,,-0.00013448978316022597,,0.00042597376386064765,,,,,,,,,,,,,,,,,,,,,0.00011548043424068994,0.00025366084656345595,,,,,0.0002539871593561642,0.00022338854304659002,0.00032364552856400225,0.0003556418538178814,,,,5.1970685104104875e-05,,,,,,,2.896396869441317e-05,,0.00023210738308683545,0.0004245501718449217,,,6.668276427542986e-05,,,,,,,,,0.00043410617155810726,,,0.0004221091283189025,,,,5.34059346899613e-05,0.0004203579808310759,,0.00029444653691559046,,,,,,,,,,,,,,,,,,,0.0002775592567969742,,9.924037732721925e-05,,,,-0.00013292554830926723,0.00016686137000403574,-7.1536434870502785e-06,9.399980607734049e-05,,,,0.0003276606834491336,0.00042340040327682463,-0.0003960962305397957,,,,,,,-0.0005432522312911713,,,,,,,-0.0003897724112577621,,,,,,,,,-0.00012647286673209466,0.0001812072586154238,-9.846670947560792e-05,,,,0.0004021183119145694,,,,0.0005997160974552076,,,,,,,0.00011732595929194263,6.39990302988151e-05,9.000277406918592e-05,0.0002502579262627794,,,,,,0.000656991659892821,,,,,,0.00024285928135861991,,,0.00032725445086832577,,,,,,,,,,0.0002471694199358471,,,0.00026501834694131504,,,-0.00017055790953659694,,0.00039373933551649175,0.00022061799982945406,,,,,,,,,,0.0004683885284924719,,
2020-06-30,1.0080882181706048e-05,,,,,9.874973460549079e-05,,,,,,,,0.0003795471931780572,,0.0001794587917561893,,0.00012351983089261897,,,,,,,2.8810917602797467e-05,,2.607285207412332e-05,,,,-0.00016705119854758325,,,,,,,,,-6.522800062999393e-05,,,,,5.0532315011834777e-05,5.059469086743257e-07,0.000115991958407385,9.347713392213495e-05,,,,-0.0005798392163966056,0.00011888018578982536,0.0002517351965064084,,,,,5.9124638240451515e-05,,-9.473674666166161e-05,0.00016715918934919583,,,-0.00013409884625974208,,,,,,,,,,,,,,,,0.00014064695856255696,-9.816099988657284e-05,,0.00012934859707700326,,,,,,,,,,,0.00018590943480612922,,-0.00033300787032956245,,,,,,,,-0.0002998638386487798,3.8639761762606386e-06,,,0.00013615978123689317,-7.043107438549409e-06,-0.0002017406928898468,-5.084766476434773e-05,0.0002953939602961075,,,6.149477076137823e-05,7.855402249365523e-05,,,,,,,,,-0.0004838999515319631,,,,,,1.1823753718637816e-05,,,,,,,,,,,-0.00013655999169645037,,,,-0.0003327266254123794,,,,-0.00036968246504843165,,,,,,,-0.00010824027852140464,0.00012459621947915944,,-0.00011596476897431566,,,,,,,,,,,,,,,0.00013174201232026,,,,,,,,,-0.0006853134078303872,0.00023607196647222264,,,2.7319888998991827e-05,,,-0.0005226641941652335,,7.60264359324394e-05,-0.000294154640490235,,,,,,,,,-0.00015932339609588223,,,
2020-07-31,0.0004370182901354349,,,,,0.0004292544135917733,,,,,,,,0.0017618262220828573,,-0.0009895126365013808,,0.0026538118619919416,,,,,,,0.00019843444958795735,,0.00032089019785847776,,,,-7.110261408417037e-05,,,,,,,,,0.00012965117968281439,,,,,0.0003096628930151851,0.00029977679143470144,0.0003254161582522342,0.0004397364022182346,,,,,0.0005265129735496966,0.0005114872459637369,,,,,0.0006819539442297666,,0.0003576167580961537,0.00010662905854106997,,,0.00017065295019806127,,,,,,,,,,,,,,,,0.0003387995933474269,0.00028310826485147345,,0.0005059787627678163,,,,,,,,,,,-0.0003082846845374996,,-0.00014604768677582754,,,0.0005624717939614539,,,0.0007889071251569361,,8.348329831176705e-05,0.0006066186878924185,,,0.0008592759280613178,0.0007421523051145291,0.00014681763601739656,0.0006548991136297479,0.00036102616985655354,,,0.0005404298677613543,0.0003389361695892131,,,,,,,,,-9.485175726826871e-05,,,,,,0.00012524612942820605,,,,,,,,,,,0.0007652660946686556,,,,,,,,0.0002646169427338217,,,,,,,,0.0005120525867155479,,0.0002824568450990002,,,,,,,,,,,,,,,0.0006503598459377484,0.001200828446489352,,,,,,,,-0.0012635321905464715,0.0005673347124643349,,,-1.6137456882350435e-05,,,-0.0003293245422831737,,0.0006062189310214117,5.4194797640484766e-05,,,,,,,,,4.995181329793495e-05,,,
2020-08-31,8.017636282761966e-05,,,,,-6.048710540855851e-05,,,,,,,,-0.00018924680610739864,,,,9.832891360067929e-05,,,,,,,3.457992063286933e-05,,-0.00041463139067922334,,,,,,,,,,,,,-1.046609574728466e-05,-0.0001723883551685134,-0.00030632309478810987,,,-3.3540967563232145e-05,-0.0001732297520162129,-0.00013858180194567096,-0.000143768774516902,,,,,-0.00023078979100212167,-0.00047155421232953357,,-0.00025457821396809063,,,-0.00016204408581215965,,-0.000231103009360425,-3.2467914943181364e-05,,,-0.0005361453596162524,,,,,,,,,,,,,,,,1.7520423796752693e-07,-0.00019042719041482457,,-0.0002701865099887784,,,,,,,,,,,-0.0001139828530054863,,,,,-0.0004329395751452819,,,-0.00020692319513895837,,0.00016057585680764752,-0.0002488802149349752,,,-0.0036164739018567545,-0.000392161829089618,-0.00040406896964720996,-0.00041147363829320587,0.00019081270803320073,,,-0.0003006095025225236,-7.869948272866097e-05,,,,,,,,,-8.27407519275783e-05,,,,,,-0.0006713759899922676,,,,,,,,,,,-0.0004493465872517301,,,-0.00029998977548247215,,,,,7.315897965968429e-05,,,,,,,,-0.0001438953158783723,,-3.0146255641625397e-05,,,,,,,,,,,,,,,-0.00031183590827845207,-0.00018962875411695007,,,,,,,,,-0.0004084238431241107,,,0.0002407714036952689,,,,,-0.00010471142836276131,-3.558512248040265e-05,1.85069796797192e-05,,,,,,,,-5.220186863069972e-05,,,
2020-09-30,0.0001219737009205392,,,,,0.00013379674065125432,,0.00012469953161595314,,,,,,0.0001639701973417272,,,,8.867859316213727e-05,,,,,,,-0.0001566873815132861,,6.0856397518395664e-05,,,,,,,,,,,,,0.0005453255240103776,-2.440634040800958e-05,2.303293545076109e-05,,,4.324912870960634e-05,7.71889721366778e-06,1.2528725566185422e-05,4.574800757172259e-05,,,,,0.00047881118997472854,0.0002608366612473797,,0.00013449880687469037,,0.00026173341506569915,0.0001533778030367127,,2.869491663029368e-05,-7.447647387459653e-05,,,4.633860954285038e-05,,,,,,,,,,,,,,,,0.00011604188146385019,3.705764801080416e-05,,0.0002638574546453611,,,,,-9.07447943718106e-06,,,,,,-6.476936510976783e-05,,,,,-2.3713203885846514e-05,,,0.00014621622288591628,,5.6124496317481417e-05,0.0001226712011091923,0.00014480553002032303,,,0.0002909407359252376,,-2.6749066160636937e-05,0.0003079401557898468,,,9.107953563366625e-05,0.0002829918185574703,,,,,,,,,,,,,,,,,,,,,,,,,,0.00022167374099725686,,,,,,,,-5.821854060104688e-06,,,,,,,0.0002301231455094347,0.0001718142296314942,,0.0005549911217219105,,,,,,,,,,,,,,,9.235791417707273e-05,0.000246558282591424,,,,,,,,,0.00023256938475347608,,,0.0006055546730253412,,,,,-7.21259188455104e-05,-8.060419209231511e-05,0.0002079045372236202,,,,,,,,4.556487415331148e-05,,,
2020-10-31,-0.00011832243328931222,,,,,2.535238994988502e-05,,0.000880571490815334,,,,,,-0.0001513351117093029,,,,0.00021741430403934416,,,,,,,-0.00016260561336229614,,0.00012926264994100948,,,,,,,,,,,,,1.2756354370340417e-05,-6.548770498229206e-05,-0.00012196029075318435,,,-6.506368120206163e-05,-2.2898089509145826e-05,-1.87536753926999e-05,3.2474434038505896e-05,,,,,0.00028774428547220223,0.0003284147971960731,,-3.028214887246243e-05,,-0.00023455461526235,-7.995113199552892e-05,,-1.336830861169977e-06,-0.00027981381668789885,,,-0.00012156450392476496,,,,,,,,,,,,,,,,-5.107805947123224e-05,-9.929476992154658e-05,,-5.207099810040026e-05,,,,,-0.0001555101015065929,,,,,,-1.5879386542526833e-05,,,,,-1.4489947371411793e-05,,,5.0438699478746714e-05,,-0.0005638908938675821,-4.6246788454378634e-05,-4.0868350627876724e-05,,,-0.000190298878065163,,-0.00015470778650928093,0.0004358250894869364,,,5.307346427024259e-06,-7.75250906882994e-05,,,,,,,,,,,,,,,,,,,,,,,,,,-9.225021562879887e-05,,,,,,,,0.00014827492051883376,,,,,,,-0.00015702160295119762,3.372366882892378e-05,,-0.0003287553006304481,,,,,,,,-7.69748847245564e-06,,,,,,,3.5606253773931466e-05,6.838699894949924e-05,,,,,,,,,-3.0816514890192824e-05,,,-0.00027847862772647564,,,,,-4.272439035867631e-05,,8.029082818268415e-06,,,,,,,,-0.0005352947940700229,,,
2020-11-30,-0.0008522610738851638,,,,,-0.0005844070638635267,,0.0017946774926589483,,,,,,-0.00018561014224651533,,,,0.0025889662002685034,,,,,,,-0.00015833991655077648,,-0.0004182109766813043,,,,,,,,,,,,,-0.0015764392747996251,-0.00019800343383118504,-0.0001908284924859646,,,-0.00018421830307753788,-0.00014515844281988565,-0.00011662242389687402,-0.000163675504241173,,,,,-0.0007028137561903901,-0.0008860192054134697,,-0.00026343176219000084,,-0.002049635607451752,-0.00039122835205769005,,-0.0004224524929215141,-0.00017321667041799737,,,-0.0004038263213393196,,,,,,,,,,,,,,,,-0.0008665149151363189,-0.00022814608597259388,,-0.00019681458398520458,,,,,,,,,,,0.0005292337354651801,,,,,-0.0002706800418542397,,,-0.00024392957929544916,,-0.00039761251433051735,-0.0002526413759965329,-0.00032539872639575183,,,-0.00044358494259225546,,-0.00031252839013631633,0.0014242535490786325,,,-0.00018043918151829718,-0.0013453814824194406,,,,,,,,,,,,,,,,,,,-0.0013223260218408318,,,,,,,-0.0005594339449131734,,,,,,,,0.00023286333068482456,,,,,,,-0.0013805380247420942,-0.0010282066089926229,,-0.0026164332238738527,,,,,,,,-0.0003025900824689675,,,,,,,-0.00025451616269904937,-0.0019039630209178654,,,,,,,,,-0.00040173778903331535,,,-0.0020498469233449943,,,,,-3.561590927893747e-05,,-0.0003454942917104759,,,,,,,,-8.281763652080697e-05,,,
2020-12-31,-5.998733209125472e-05,,,,,1.9030043791814642e-05,-0.0002142844847975706,-0.002033975778202515,,,,,-2.9813017573474584e-05,2.4075628546290207e-05,,,,6.803649008528419e-05,,,,-0.0007245187600724459,,,3.137278370557221e-06,,-7.209798187849055e-05,,,,,,,,,,,,,,,-8.962967211860351e-05,,,-9.756004363288266e-06,-2.601287904055155e-05,-1.2123931017403146e-05,-1.1406524155469142e-05,,,,,0.0002450544108922104,0.0003339045837958317,0.0002539689002907698,,,1.380276883587504e-06,1.4820725150105362e-05,,-9.4042884257874e-06,2.6219356329102395e-05,,,,,,,,,,,,0.00024428558013627974,,,,,,,,-4.888473274371758e-05,,,,-6.082752293831333e-05,,,-6.037423715629443e-07,,,,,0.00031428982557601953,-0.0027818778445340238,,,,,,,,-3.4142233951995397e-05,,2.8859734727248916e-05,-5.352232801890693e-05,,,2.4913516843817903e-05,-5.028747038694257e-05,,,0.001505740217216355,,,-1.2273109614320205e-05,-1.726009410510566e-05,,,,,,,,,,,,,,,,,,,5.239001548260219e-05,,,-1.9135364119838436e-05,,,,,,,,,,,,0.00016816147538959654,,,,,,,,-4.932700097488778e-06,,,,,,,,0.00014078418516584847,,,,,,,,,,,,,,,0.0012894656751595945,4.2334431794638095e-05,,,2.164917010245323e-05,,,-5.090655654824542e-05,,,,,-1.187247666142918e-05,,7.723963561720199e-05,,,,,,0.0003296131670948635,,9.039010610639722e-05,0.00037811031943486855,,
2021-01-31,,,,,,1.6099986514056677e-06,0.0003104557680931291,0.001320394417109185,,,,,-4.5866096953572575e-05,4.304848993989845e-06,,,,-0.0002568915361500507,,,,0.0011261871104299274,,,-1.8657154772639503e-05,,6.382635420219264e-05,,,,,,,,,,,,,,,,,,-5.64998518605874e-05,-3.466023486481803e-05,-1.641876862606291e-05,-2.4479650501350557e-05,,,,,-2.2617065527878192e-05,2.636157007168913e-06,-8.453337782222945e-05,,,-4.639024651950818e-05,-2.4265428600102673e-05,,-4.3054304124310565e-05,4.3686838565020255e-06,,,,,,,0.00016100369082207503,,,,,-0.0001535650838262154,,,,,,,,,,,,-0.0005659952421427746,,,-0.0001702912692973037,,,,,-0.0005204658455531266,0.0014478904701754518,,,,,,,,-2.1531744710107493e-05,,-1.9392932521758177e-05,-2.7004229594492734e-05,,,9.483483778031645e-05,-4.9902826899637946e-05,,,-0.0008463501280065887,,,-6.19653251280815e-05,-1.064102847329023e-05,,,,,,,,,,,,,,,,,,,-0.00015102228929093572,,,-4.68132395432399e-05,,,,,,,,,,,,-0.00016720307830471996,,,,,,,,-9.172124430859282e-05,,,,,,,-0.0001338344420132929,0.0006534325246764778,,,-1.8265320056965802e-05,,,,,,,,,,,,-0.0015221267175316471,-5.01233169510634e-05,,,-1.3409115874456775e-06,,,-3.2706367563399342e-06,,,,,-9.10822187541071e-05,,-5.2926045812649574e-05,,,,,,5.013342940565529e-05,,0.00012429667217267148,-7.947239980692573e-05,,
2021-02-28,,-0.0009634475488059092,,,,-3.182918749318707e-05,-0.002255836172077319,-0.0009472941598809069,,,,,-6.58338264523478e-05,-8.370578552004463e-05,,,,-0.002083341887022633,,,,-0.0001396754030454846,,,-5.504390849476052e-05,,-0.00013939062278061699,,,,,,,,,,,,,-0.00011926922691743806,,,,,-7.798243613582448e-05,-6.759794484964213e-05,-2.1909691464334104e-05,-4.210499778397437e-05,,,,,-0.0001398848012321312,-0.000533002403237667,-0.00022584225560007883,,,-0.00010675331574812151,-0.00015333661309893567,,-8.045359065066782e-05,1.2164662171455272e-05,,,,,,,-0.00019483501285178396,,,,,-0.00010702435164481655,,,,,,0.00028998943075850427,,,,,,4.919395190774835e-05,,,-0.00010924956423685821,,,,,0.0002109432062064858,0.0011877765074005259,,,,,,,,-2.2270439254675197e-05,,-5.6245706392139316e-05,,,,-1.2902771843827482e-05,,,,0.001660216798844961,,,-0.00011185670929611869,-7.894808741473659e-05,,,,,,,,,,,,,,,,,,,-2.1634441364292927e-06,,,-0.00010428270108130075,,,,,,,,,,,,0.00018244378353380288,,,,,,,,,,,,,,,-4.410489659179257e-05,-4.8816834725648724e-05,,,-3.5100703183944075e-06,,,,,,,,,,,,0.0006649421234904428,-9.200630194387322e-05,,,3.7582101638170584e-05,,,-0.00016239397200821625,,,,,-3.142976973014463e-05,,-0.0001116294167602435,,,,,,-0.0003329955197692156,,-0.0004675721604516035,-0.00024450526672908744,,
2021-03-31,,-0.0004247547904155992,,,,-5.6916472441595185e-05,3.6538838326424326e-05,0.0002976205777518939,,,,,3.7027345801757966e-05,7.900209307281996e-05,,,,0.00012285293246567277,,,,0.001370968149462289,,,-2.041883060367253e-05,,5.522538483302882e-05,,,,,,,,,,,,0.00030039137468642084,8.329329081107608e-05,,,,,,5.425676411235785e-05,,,,,,,9.961895402196299e-05,0.00011091065599338513,-0.00010415348081997726,,,,,,9.782127594595105e-05,7.942056366507163e-05,,,,,,0.0004900599332166819,-0.0007573005193308149,,-6.558172495156065e-05,,,-0.00015402801150602675,,,,,,-0.00024658565157940833,,,,,,3.259958647738494e-05,,,,,,,,0.000493511590062551,0.002243340608382067,,,,,,,,6.21995666949234e-05,,0.00011696870501281044,,,,0.0012618224325175698,,,,-0.0012850642985584456,,,-2.670501979272134e-05,-1.481887861500398e-05,,,,,,,-0.0017385290715410749,,,,,,,,,,,,-0.00011301999820494021,,,-0.00018083984836075181,,,,,,,,,,,,-0.00024376757225336404,,,,,,,,,,,,,,,-0.00010521204567132467,-0.0009162527272090943,,,-0.00017053064836506626,,,,,,,,,,,,-0.00018327598273004615,3.905814153161258e-05,,,0.00023048876673536863,,,0.00015568189338990688,0.003835385769425661,,,,6.202227758447341e-06,,5.32188014516476e-05,,-0.0007500975549104911,,,,-0.0001292743527937482,,0.0004275397285018372,-0.00012074968024990422,,
2021-04-30,,,,,,5.65789578787148e-05,1.3545994933866232e-05,-0.0006687286426048626,,,,,9.026381763687158e-05,0.00012882984522066904,,0.0005363048748582034,,5.51818724591942e-05,,,,-0.0006291127729509423,0.0014277260551741487,,4.8824552475743463e-05,,5.2684431099849895e-05,,,,,,,,8.507716811463404e-05,,,,0.00026542778496730843,0.00020717453138119032,,,,,,5.28415356567351e-05,,,,,,,0.0001327555973209428,0.0006096335958923448,-2.198336442045111e-05,,,,,,5.3587209795668157e-05,6.135506048353101e-05,,,,,0.00043440557086091476,-0.000510206503622795,,,7.654283269769228e-05,,,,,,,,,0.00018457138641398517,,,,,,4.0319878597940696e-05,,,,,,,,0.0005036506515752122,0.0006636414263539679,0.0006137181707347077,,,,,,,0.00021602965829768257,,0.00014063597745954902,,,,0.00045481629754793614,,,,2.910772355821494e-05,,,,4.143948000534388e-05,,,0.00025699418628060506,0.0003053759356407431,,,0.00018953105046537548,,,,,,,,,,,,8.707814903928946e-05,,,,,,,,,,,,,,,3.587479878021679e-05,,,,,,,,,,,,,,,,,,,2.740138273218435e-05,,,,,,,,9.36877593580399e-05,,,,5.284901969757754e-05,2.4471849421069662e-05,,,0.0001226801549686499,,,4.3484639871751875e-06,-0.001573062262153475,,,,4.052325831174138e-05,,6.758025017671882e-05,,,,,,-1.9382673124061588e-05,,0.0004258528990204578,-1.7452215102744527e-05,,
2021-05-31,,,,,,-3.7335253201919976e-05,7.84532045635884e-06,0.0003121567043416371,,,,,-0.00013903342483942237,9.797040879783104e-06,,-0.0001318626648295903,,-2.8745607280378413e-05,,,,4.772517253717961e-06,0.0008698171848736238,,,,-2.726650726105539e-05,,,,,,,,0.00027540137015022095,,,,3.504394891117116e-05,9.947218220934515e-05,,,,,,-7.45909190624195e-05,,,,,,,7.427574671065761e-05,7.662228904195527e-05,-2.3799402435389666e-05,,,,,,0.00014017397635994764,-0.00014559544531520107,,,,,-4.291640319891717e-05,0.0010182566547783042,,,-0.00028030739731088887,,,,,,,,,0.00017678220255206253,,,,,,0.00020636483909946922,,,,,,,,0.00035605202305161036,0.0002695167392498127,-0.00016085673495403623,,,,,,,-2.1508110732949077e-05,,0.00016580508395003956,,,,0.0004014331355156382,0.00022375322898853688,,,-0.0004967381075307363,,,,-1.0494664468447229e-05,,,1.757158476500853e-05,5.988636438907887e-05,,-5.688090691760156e-06,0.0002762620113985652,,,,,,,,,,,,-7.753687190684887e-06,,,,,,,,,,,,,,,-0.00019240657455066066,,,,,,,,,,,,,,,,,,,,,,,,,,,-9.072792348724246e-05,,,,9.073376768606211e-05,-5.011531433416194e-05,,,6.96150262964991e-05,,-0.00031628907752687,0.00031495390465251705,,,,,-8.300411916171543e-05,,-0.00011726734631146656,,,,,,-3.8426124708933475e-05,,-9.155223083378378e-05,-1.8403660465225526e-05,,
2021-06-30,,,,,,0.0004966678208643925,-0.00010826251871247509,-0.0009580756064320397,,,,,0.00026407701968580484,0.000212022185782141,,,,-0.00017666636323358966,,,,-0.0006000197036551832,-0.0006175105899320353,,0.0001199835493801662,,0.0006332061492954514,,,,,0.00016220796358105765,,,-1.0140875007454491e-05,,,,0.0003054106325086544,0.0001281291281084205,,0.0006320755856586478,,,0.00021211144650871126,0.00037057539268627753,0.00043035016454352564,,,,,,0.0001826613885786322,0.0003806397641188505,7.056015593305499e-05,,,,,,0.00016386255446952154,0.0004573627389266251,,,,,6.902737295652127e-05,,,,,,-0.0031499968278220526,,,,,,,0.0010388210823353158,,,,,,6.886481150681594e-05,,,,,,,,4.441740430805367e-05,,0.00015355273534242906,,,,,,,0.00013086705598713084,,6.16042327739549e-05,,,,,0.00025717780737834217,,,7.291110003191893e-05,,,0.00018348671602816285,0.00044895512124878127,,,0.00016592566230878413,3.6135398593723104e-05,,,,,,,,,,,,,,,4.73213959728444e-05,,,,,,,,,,,2.9712933130327313e-05,,,,7.688367375027586e-05,,,,,,,,,,,,,,,,,,,,,,,,,,,0.00027164888914047727,,,,-5.747111182879727e-05,-0.0001351556698078523,,,0.00029553063588695356,,0.0003628874073949811,7.503006838041857e-05,,,,,0.0002898106112035937,,4.802418963645916e-05,,,,,,7.370547815542377e-05,,,6.348361269340654e-05,,
2021-07-31,,,,,,0.0003082370405780945,-0.0011825881063907342,7.686259597774854e-05,,,,0.00040831197574370314,0.0009654806494706379,-0.00020371731998668362,,,,-0.0008759673102861153,,,,-2.106434272390142e-06,,,0.0004135683318061561,,-9.051698068955933e-05,,,,,0.0009922890183643649,,,0.0004399046354809851,,,,0.00021771001174103957,0.00015477298050970613,,-0.00010352493293797407,,,0.00043093833358455176,0.0002563705021897222,0.00024097436870890748,,,,,,-0.00033449203602490635,-0.0002974806341976271,-1.5546121468190856e-05,,,,,,0.0006312291879583989,0.0001467215998683101,,,,,0.00010273354296543125,,,,,,,-6.0501860965570995e-05,,,,,,2.8780422944085728e-05,,,,,,-0.00010384778285010513,,,,,,,,0.00010626991285248602,,-0.00010648633574683479,,,,,,,0.000347714254562908,,0.0002493154138323049,,,,,0.0006720524190812339,,,-0.0004419862921841151,,,0.0001832940570604949,0.0003571887595324703,,,0.0006381194435752973,0.0004208535926431295,,,,,,,,,,,,,,,7.903533466713189e-05,,,,,,,,,,,0.0001817762268144808,,,,4.6604569163054445e-05,,,,,,,,,,,,,,,,,,,4.3799055876931905e-05,,,,,,,,2.8005329096647866e-05,,,,,-8.944734190082566e-06,,,0.0008500650429541811,,0.0012963962162515922,0.00037960483427085457,,,,,0.00019250309999263983,,0.0005513988788006678,,,,,,-7.95922299308421e-06,,,-1.7848186804311226e-05,,
2021-08-31,,,,,,0.00014134408433382848,,6.813634080679977e-05,,,,-3.263045858895433e-05,6.329228529444947e-05,-7.91993936714533e-06,,,,,,,,5.093692327027812e-05,,,0.00026777110512983705,,3.838149502337761e-05,,,,,-0.00012060561973964413,,,0.0002625480856656777,,,,5.3997717173916125e-05,-2.094805360350797e-05,,-0.0002007049567179133,,,0.0002158387254206113,-2.273635334934146e-05,0.00017608169122132068,,,,,,3.442239566746187e-05,6.697756808522321e-05,-7.363099073876699e-06,,,,,,0.00018079888730697442,-0.000585498208596335,,,,,-9.852785313498209e-06,,,,,,,-7.180735115249551e-07,7.903390663686442e-05,,,,,0.00027290226315492705,,,,,,0.0006032501288675146,,,,,,,,-6.877662555176865e-05,,2.531540193879885e-07,,,,,,,2.3773206883359454e-05,,-8.144975294250065e-05,,,,,-4.400539117645497e-05,,,,,,-1.3198499140384712e-07,-5.800770658955857e-05,,,-0.00016740539991565932,-5.378034631572422e-05,,,,-0.00037610819408387945,,-8.097512109234412e-05,,,,,,,,,0.00013919559785275978,,,,,,,,,,,0.0002250657982705474,,,,-0.00015658560172136248,,,,,,,,,,,,,,,,,,5.8150403105117534e-05,3.42162792784492e-05,,,,,,,,-0.0003208552429197102,,,,,,,,2.692201292717511e-05,,0.0008568188590076371,1.302581570235868e-05,,,,,0.00018697852949115586,,0.0002136572073196093,,,,,,4.824501019559996e-05,,,7.352720607035584e-05,,
2021-09-30,,,,,,-0.0003613011577554257,,,,,,-0.0003988385289508962,-0.0005452869050540522,0.0004154863848303711,,,,,,,,,,,-0.00039375308414370865,,-0.00025314979202980327,,,,,-0.0006386701047960733,,,1.4753952941436641e-05,,,,-0.00024303532656523577,-7.844227382096082e-05,,-0.0006653819306380287,,,-0.00032802563724629427,-0.0004691072620309409,-0.00023570970339592247,-0.0002569531510639166,,,,,0.00018941585538960462,0.000432891036036321,-8.802905494970976e-05,,,,,,-0.0002980566711323589,-4.363993868030944e-05,,,,,-0.00017110085094598578,,,,,,,-4.347388591756412e-05,-0.00016125614300904916,,,,,-0.0008055013738290858,,,,-0.0003105414431669072,,-7.375168769612881e-05,,,,,,,,1.172253354274135e-05,,-0.00041903525402008665,,,,,,,-0.00011179330826557118,,-0.00011755018758032233,,,,,-0.00041330952067879684,,,,,,-0.00014341260218028132,-0.00034644334925966024,,,-0.0005863761349472364,-0.0004338435738716162,,,,-0.0002640482275009256,,-0.0007459159738082268,,,,,,,,,-0.0002444319434274265,,,,,,,,,,,2.260971134049629e-05,,,,0.00010270740690909594,,,,,,,,,,,,,,,,,,-0.0002862676288680011,-0.0001862729104892711,,,,,,,,-0.00012087770340490647,,,,,,,,-0.00017147937397945243,,0.0002795722074049333,-4.1509724381630924e-05,,,,,-0.0005234335493203525,,-0.0002788834993542121,,,,,,-3.17063971673706e-05,,,-6.479246803462431e-05,,
2021-10-31,,,,,,0.0008079555207267413,,,,,,0.00011945674386727236,0.0008557874020386912,0.00021316473392736198,,,,,,,-0.00012171083784506584,,-0.001107036267722934,,0.0006802589208615301,,,,,,,0.0012426021943288052,,,0.00035283356532811905,,,,0.0007676677688540025,5.729321456864235e-05,,,,,0.0005336325245902315,0.00011638781715963303,0.00033044262629441614,0.00034902724013189697,,,,,0.00014692841990600257,0.0006968219253674358,1.0941068732841288e-05,,,,,,0.00043730098445728225,0.00015857691120693988,,,,,5.510673332362604e-06,,,,,,,7.413596201092936e-06,0.00011039719973627066,,,,,0.0001811822017286523,,,,0.0004731209167391474,,-0.0002873911594331212,,,,,,,,0.0001019427577106515,,0.00013527132252255737,,,,,,,0.0002507716008072444,,0.0001360700745974505,,,,,0.0006895326733889332,,,,,,0.00014307527490004494,0.00011661843987434805,,,0.0001629145826351432,0.0012959819633563236,0.00022489104942727235,,,0.0016786553226667991,,,,,,,,,,,0.00013804063214837984,,,,,,,,,,,4.2040217465923874e-05,,,,0.00027442915223402863,,,,,,,,,,,,,,,,,,0.0006499983316590671,3.214382176295442e-05,,,,,,,,0.00011410846948133681,,,,,,,,0.00036612422228528367,,-4.87263874688495e-05,1.7592507901961293e-05,,,,,0.00021511253103220827,,0.0003938252264686331,,,,,,0.00019556127077325082,,,2.0896786377631423e-05,,
2021-11-30,,,,,,-3.74917781940775e-05,-0.002376729280532141,,,,,9.04007325875402e-05,0.000587150307831209,-0.0006149170513119478,,,,,,,-0.0005482987188377594,,,,0.000619900825723638,,,,,,,0.0003659050294429846,,,0.00031875924444501116,,,,0.0005093342824477743,4.030721481038099e-05,,,,,0.0002557470736325755,8.973590273990221e-05,0.00037858148340236416,0.0003666212425220367,,,,,-0.0004950397786998489,-0.000584246074876362,,,,,,,0.0008818584394535514,4.000417155287319e-05,,,,,1.369214016969919e-05,,,,,,,1.984917830543326e-05,6.610343913791028e-05,,,,,0.00038246492070056104,,,,0.0004958934391934963,,-0.00048669330242603204,,,,,,,,0.00013934164245491128,,0.00047447964827678786,,,,,,,0.000328825966106442,,1.554303630077185e-05,,,,,0.0001207185808769373,,,,,,7.02453301440821e-05,9.049914201501818e-05,,,6.444570085026389e-05,0.00034906417302450353,0.00011971546828232,,,0.0007850606748003588,,,,,,,,,,,-0.0001166839141234994,,,,,,,,,,,0.00034879912653667654,,,,-0.0003894218481452039,,,,,,,,,,,,,,,,-0.00037180210256151876,,0.0005615875309763159,-4.9613431314132726e-06,,,,,,,,8.913602586108198e-06,,,,,,,,0.0006169253221801105,,-0.0014243607912759505,,,,,,0.0004304025697023014,,0.0006329187985194055,,-0.00020736778047532352,,,,0.00022361181951005828,,,0.0002645350535156822,,
2021-12-31,,,,,,-8.728350475027624e-05,,,,,,0.00013746968543491364,0.00010106327344454994,0.000800059164987253,,,,,,,3.082361645716131e-05,-0.00015865438926125053,,,-0.0003167868045659276,,,,,,,0.0008659762186779715,,,0.0005007168511458915,,,,0.0004630162275536677,4.218212177756475e-05,,,,,5.477486728830253e-05,-8.046987178878948e-05,-0.0001929445594145064,-0.00011973472253075304,,,,,0.0008869203261873604,0.0009716338547055338,-0.0004624957303743596,,,,,,0.0003120373810994555,8.590978213807297e-05,,,,,,,,0.00024226470776992872,,,,-0.0006247133992214363,,,,,,1.4813865482591933e-05,,,,4.943273500546687e-05,,0.00010581413376110106,,,,,,,,0.0008402433437498226,0.0015035004741560617,,,,,,,,0.00011429459805545465,,0.0003914705741258935,,,,,0.0005148323243598896,,,-9.401401421591281e-05,,,-6.452742374156384e-05,-5.7367723926629236e-05,,,0.0005781089228147555,0.0005805254358748364,0.00030986605984396605,0.0004496272137288929,,,,,,,,,,,,,-0.0001406773588636057,,,,,,,,,,,-7.41663990192119e-05,,,,-0.00048420299564975707,,,,,,,,,,,,,,,,-5.6081216295354735e-05,,,-0.00020061412893690884,,,,,,,,-0.00011319429268411689,,,,,,,,0.00020680375466708152,,-0.00017898791463621797,0.00015747086118347286,,,,,-4.151874610627866e-05,,-6.0143386731783834e-05,,,,,,-0.0006215571646811126,,,-0.0007259616846190678,,
2022-01-31,,,,,,-0.00017166953111218502,,,,,,-0.0004996590079838243,-0.0008991049797832692,0.0007525846752428299,,,,,,,,-0.00036767141515350876,,,,,,,,,,-0.00037758752264073535,,,2.3518977446498558e-05,,,,0.0003925526641919367,-0.0007880200221224916,,,,,-0.00045384616990767684,-0.0005645612193467374,-0.000581937038050776,-0.0005798082079403503,,,,,0.0003649097115499938,0.0004879049965820211,,-0.00046991545592770927,,,-0.0003834820204956259,,-0.0003540093964737445,-7.268022474049717e-05,,,-0.00037129648421330315,,-0.00048017266757247604,,,-0.00015042991353398716,,,,,,,,,,-0.000257220330058475,,,,-0.0004922631409393321,,4.7948395719910496e-05,,,,,,,,-0.00035076310874846854,5.662358749233095e-05,,,,,,,,-0.0003709608079768211,,-8.514733053244983e-05,,,,,-0.00021459290592145262,,-0.00019666950083503342,-0.0013154164171957142,,,-0.0004547049963864649,-0.0007482507921395582,,0.0006558900092497624,0.0002488071130970359,8.92247516743538e-05,-2.8774902909669275e-05,-2.877990069178959e-05,,,,,,,,,,,,,-0.0005007547993579746,,,,,,,-0.00025523968308948487,,,,-0.000851286234264754,,,,-0.0001501495915416569,,,,,,,,,,,,,,,,-0.00023791378717159746,,,,,,,,,,,,,,,,-0.0003928468078984828,,,-0.00013222595158262677,,-9.767819965909363e-05,-0.0005616262347913032,,,,,-0.0003694386290568324,,-0.0007157844019668195,,,,,,,,,,,
2022-02-28,,,,,,,,,,,,-6.11956833480673e-05,,-0.0005216862486312386,,,,,,,,4.500632181705288e-05,,,,,,,,,,-0.00023616202914884566,,,-0.00013762462220307458,,,,-0.00010122376280740007,,,,,,-6.515370200078814e-05,,,,,,,,-0.0006393177063687688,-0.0006843297467377051,,-1.8272236904104824e-05,,,-0.00012798559924330965,,-0.0001793289772023661,-8.122122315556332e-05,,,-0.00023536799289193664,,,,,4.2312306080892156e-05,,,,,-3.120437659607633e-05,,,,,-7.356450587189433e-05,,,,,,-0.00014717578199773684,,-0.00038600982333831087,,,,,,-0.0004146091001063878,-0.0026483346528077822,-0.0003406764662212945,,,-0.00015053092059704392,,,,-6.985661048056782e-05,,-1.135848750562902e-05,,,,,-0.0002460416259504122,,-0.00020738159140521134,0.0002529910274767039,-7.910286955993488e-05,,,-2.45136971719199e-05,,0.00016544139812998328,-0.00013440245410420933,-5.609301613264401e-05,-3.5928130885797615e-05,-1.8264235581062433e-05,,-8.968352782353678e-05,,-0.00016252173404854216,,,,,,,,,-2.1878412527817448e-05,,,,,,,-0.00013274433823800267,,,,-0.0001771450048651511,,,,-6.397620174005442e-06,,,,,,,,,,,,,,,,,,,,,,,,,,,,,,-0.00042670101518665026,,0.0007211191327737229,,,-0.0004616766856819314,,-0.00029601884665394763,3.202068151501456e-06,-4.9077956246062576e-05,,-0.0018770182832697655,,2.5414045997591055e-05,,3.428016527070917e-05,,,,,,,,,,,
2022-03-31,,,,,,,,,,,,5.0153620952740364e-05,,8.875396838967842e-05,,,,,,,,-0.00018946880390756615,,,,,,,,,,2.0442446897470695e-05,,,0.00046194857749136614,,,,0.0006618840808998462,,,,,,5.602719473834072e-05,,,,,,,,-0.0006432583436512358,-0.0012275401041204395,,5.147734495086563e-05,,,4.478006134559137e-05,,5.491438799625335e-05,-0.00020284679848247587,,,1.783974543206565e-05,,,,,0.00035097721762674945,,,,,0.0002636912538487304,,,,,-0.000200856542331899,,,,,,-0.0007938424588585211,,0.000698113761300261,,,,,,0.0003439939981226618,-6.23169390075323e-05,0.00010848500280458819,,,0.00016994903185938237,,0.000879640214128763,,0.00010415558298795104,,0.0004841355035062898,,,,,4.8590055514944916e-05,,3.422145632027411e-05,-6.395511977232038e-05,0.0015352562357212186,,,,,0.0006304485655044047,-0.00016976055464388787,-6.308631482575075e-05,7.790213064236188e-05,7.938083396881873e-05,,0.000350923943733727,,2.6960715349151987e-05,,,,,,,,,-9.019603330074008e-05,,,,,,,9.43479215501638e-05,,,,,,0.001012547413227952,,-0.00011180428289573265,,,,,,,,,,,,,,,,,,,,,,,,,,,,,,7.898951302746708e-05,,0.001779255501665613,,,4.575880477683058e-05,,0.0007238313420521589,-5.3905677019844916e-05,0.0006291290124855517,,0.0001292363180273255,,1.3797016220830458e-05,,4.444833586376018e-05,,,,,,,,,,,
2022-04-30,,,,,,,,,,,,4.20686542587286e-05,,0.00032108970545577777,,,,,,,,-0.00020701396366644114,,,,,,,,,,0.00011634807055386716,,,0.0005236563116493881,,,,0.0006452279101320614,,,,,,-0.0001626861765832574,,,,,,,,4.2311304010982446e-05,7.31326392329568e-05,,9.356947386796922e-06,,9.754823996043856e-05,2.695918354562157e-05,,0.00010558486202991305,0.0002124020037837858,,,8.85444590937472e-05,,,,,0.00021547023988269037,,,,,0.00020844303566309625,,,,,,,,,,5.3564019136105356e-05,-2.7428469547894895e-05,,0.00039281712932370203,,,,,,6.790831100254638e-05,0.00029118606560419805,0.0006482226719448116,,,0.00014820434854436072,,0.0019042723656649899,,5.04224993340422e-05,,0.00020509966150864914,,,,,0.00013479451575985164,,4.1766215748091734e-05,-0.0009252884355153936,0.001311690293996085,,,,,0.0012962906106208983,3.858546823217164e-06,6.134163627964077e-05,4.986955155046444e-05,0.0003495396777312383,,0.0013794638850717848,,7.109597224434437e-05,,,,,,,,,,,,,,,,0.0001404837268748033,,,,,,0.002251292587634496,,-0.0006856228235824575,,,,,,,,,,,,,,,,,,,,,,,,,,,,,,4.3167091136719463e-05,,8.83267789309202e-05,,,2.6350304733080228e-05,,-0.0005845341849422602,2.8986171557582956e-05,0.00577678390010073,,-0.00026327783358210365,,-4.803248165549704e-05,,2.8436202122186362e-05,,,,,,,,,,,
2022-05-31,,,,,,,,,,,0.0016430596140780895,-3.3865877823147446e-05,,-0.00021129769307548946,,,,,,,,0.0003550031264318755,-1.958921326405518e-05,,,,,,,,,0.00015822702092129108,,,0.0003001462813860968,,,,-0.00014736588009257607,,,,,,-3.652979692076435e-06,,,,,,,,-5.892154553448011e-05,8.92039740847313e-05,,7.255138087053715e-06,,-0.00014274174508368376,0.00012840420341900957,,0.00020021654668960932,0.00017912933939550702,,,8.647182327528138e-07,,,,,6.865214305535526e-06,,,,,-7.623035229100164e-06,1.5036642367778447e-05,,,,,,,,,0.00014552276937476743,0.0003317131885269871,,0.00010346536573902477,,,,,,-2.775191030250226e-05,-6.966263828586814e-05,-6.22732921483997e-05,,,6.019042702247186e-05,,0.001226584454658454,,-0.0001639848876138704,,7.672021510938463e-05,,,,,-0.0001409340007022299,,-5.461071065402944e-05,,-0.00016467006353302385,,,,,-3.446295591338243e-05,-1.4723475123094549e-06,-0.00010020942138779352,-0.00029479590813184944,-0.00012395786220640732,,0.0002534761138428177,,0.00018903913841849152,,,,,,,,,,,,,,,,-7.825822839208685e-05,,,,,,0.0006208700472765839,,,,,,,,,,,,,,,,,,,,,,,,,,,,,,,,1.9172668493708552e-05,,-0.00016637274895813596,,,-3.0308008769705243e-05,,-0.0014959030729053083,8.398393531184232e-05,0.00138824087809712,,,,-0.00019277993920411917,,-0.00041057507884304943,,,,,,,,,,,
2022-06-30,,,,,,,,0.0001740090167004763,,,,0.0001429893508857728,0.00011375707815132889,-2.0182806918977946e-05,,,,-0.00041832083912355316,,,,-6.94249728447211e-05,0.0005413715819968621,,,,,,,,,-0.0002073970265512903,,,-8.237678181569579e-05,,,5.014681124925921e-05,0.0001451483405417071,2.514761259110082e-05,,,,,-4.118316825722512e-05,,,,,,,,-1.1192864849477243e-05,-2.9732355576894744e-05,,-7.134618288424576e-05,,-0.0002060754714659964,-5.8488952911239255e-05,,0.0001755657928278851,-0.00013545433542860112,-0.0016641009373904437,,,,,,,3.4760832461951077e-05,,,,,-4.991484223252476e-05,,,,,,,,,,-0.0001208572509081535,,,,,,,,,-0.00017182740943710861,,0.0004826330285591375,,,0.00018072452333308292,,,,4.582238836311756e-05,,9.76828456612732e-05,,-3.972168835935996e-05,,,-3.216783389436381e-05,,,,,,,,,0.0005818999581954484,1.2614822602819144e-05,7.274049378534051e-06,-3.0210014390794678e-05,-1.3017781352108661e-05,,0.0003599808360699627,,-0.00018793601052573543,,,,,,,,,,,,,,9.10305436646324e-05,,4.2168879694892e-06,,,,,,,,-0.00014922224833521092,,,,,,,,,,,,,,,,,,,,,,,,,,,,,,-0.00021248569804877468,,-0.00028331905306224717,,,-0.00011942215552691864,,0.0004779774198458104,0.0004116346745042341,0.00017122584554300226,,-0.000395430711614625,,-0.0002345102359453579,,0.00010487612473677317,,,,,,,,,,,
2022-07-31,,,,,,,,0.0037187499185731736,,,,0.00045678998862877615,0.0005296519038294939,0.00022700231919278897,,,,0.0005795769795405028,,,,,-0.0019222981409432168,,9.693601862087604e-05,,,,,,,0.0002702459593157666,,,0.0003256695271994235,,,0.00048102198247199627,0.00012032166612029137,0.00028951170044543456,,,,,0.0001412375398443047,,,,,,,,-1.2376001414806304e-05,0.0003531607174290396,,0.0003976288015150121,,0.00042361145056453724,0.00038008315331116723,,0.00026574959238400125,8.600894392753137e-05,0.0015135924840157479,,,,,,,-2.3927176543976097e-05,,,,,5.4346310516038654e-05,,,,,,,,,,0.0004293921682182441,,,,,,,,,0.0002137308766252042,,-0.00026000718394293286,,,0.00019984563039609146,,,,0.0003567292627615551,,2.597758285983746e-05,,0.0004964216613374375,,,,,,-0.0002459103804473093,,,,,,-8.940151729044035e-05,0.00026833998050461704,0.00029844829216137115,,0.0002528167766379516,,9.819637616764909e-05,,0.0002952119474434019,,,,,,,,,,,,,,0.00031502204602338815,,0.00015631244231782595,,,,,,,,0.00027200037232514185,,,,,,,,,,,,,,,,,,,,,,,,,,,,,,0.00038819652930471653,,-0.0002746368852068853,,,8.048667920901878e-05,,0.00016250730052606591,3.934544169029293e-05,-0.0003385029018851149,,0.0009451339838912754,,0.0001427012644676302,,3.741482897266207e-05,,,6.057780547488929e-05,,,,,,,,
2022-08-31,,,,,,,,-0.002249502949060972,,,,-0.00028594132828213813,-0.00035156064027792004,-0.0006169283605282582,,,,0.00035705074291762735,,,,,0.00014539821781577768,,-4.158571837716583e-05,,,,,,,-0.00037432535119424817,,,0.0001516978155830882,,,-0.00014894617832795457,0.00038716092210900905,-0.00018524058312583617,,,,,-0.00035864085441621944,,,,,,,,-3.563666174797531e-05,-0.0001503769359565053,,-0.00020606842551933326,,-0.0002818960717305013,-0.00020948219936573758,,-0.0002730563652293508,-0.0002633226863130187,-0.0007170207892026966,,,,,,,-5.2622341412970674e-05,,,,,-0.00011493041068124772,,,,,,,,,,-0.0003682469428151207,,,,,,,,,-0.0002463336973050062,,4.584332798237034e-05,,,-0.00024928424551335005,,,,-5.881958358419208e-05,,-5.128976644220536e-05,-0.00028226136714477114,-0.00036794391120109247,,,,,,,,,,,,0.00039182962739937367,-0.00017129956420717265,-4.5517026381201685e-05,,6.57189111160344e-05,,9.999541929035785e-05,,-0.0003743588344721193,,,,,,,,,,,,,,-0.0002945880066699369,,-0.0002438521637318593,,,,,,,-0.00014231833671983106,0.00039774439193382026,,,,,,,,,,,,,,,,,,,,,,,,,,,,,,0.00013657282634083523,,-6.628735677862381e-06,,,-0.00013123785883011296,,-0.0014835873809126768,6.906592251477868e-05,,,-0.0001402823164905661,,-0.00017541558856763213,,3.288864271025895e-05,,,0.00019067781106914952,,,,,,,,
2022-09-30,,,,,,,,-0.00026737052888710334,,,,6.771609172909498e-05,8.251297632466312e-05,0.0007779384109031859,,,,0.0004232393597482726,,,,,0.0004664686441763565,,0.00029919077682988076,,,,,,,,,,0.00033454320437927595,,,0.0002410144119272273,0.0003690287358727039,-5.3306784395069826e-05,,,,,-0.0001304733528806183,,,,,,,,7.271381433044587e-05,0.0006710465227600104,,-1.140251668953757e-05,,-3.484027692624314e-05,-1.494467202078482e-05,,0.0001550783264248459,7.713480039224305e-05,9.337595254072774e-05,,,,,,,2.345271483706186e-05,,,,,-1.1037917275865874e-05,,,,,,,,,,8.598211728198562e-06,,,,,,,,,5.30544716633137e-06,,0.00018489702686527807,,,0.00013873702129678085,,,,0.00012250937928828614,,4.77714508459521e-05,-6.75486094330229e-06,3.3890165572128233e-06,,,,,,,,,,,,0.0006074435789189121,0.00012078784642774997,8.146092472708608e-05,,5.2861620502129266e-05,,0.0002873912387823978,,1.1511308526899236e-05,,,,,,,,,,,,,,1.1288387617153858e-05,,-3.055175617326546e-06,,,,,,,6.783175509594989e-06,0.00015680629441497973,,,,,,,,,,,,,,,,,,,,,,,,,,,4.186933255296848e-05,,,0.0002947053390836994,,-5.9557482097215406e-05,,,0.0003058022060676543,,0.0014055064649380843,0.00017297734597302767,,,-4.020379956693453e-05,,-8.025439956332413e-05,,-0.00031605549192203857,,,0.00010142596190228585,,,,,,,,
2022-10-31,,,,,,,,-2.131843655115345e-05,,,,-2.3279497350314848e-05,7.190597566280127e-05,2.5161738486223753e-05,,,,0.0006497403946597393,,,,,-0.00026126215487756635,,-0.0002448023112475552,,,,,,,,,,0.0001315444337438023,,,0.00026252505762178305,0.00047852098561527664,1.57596816051004e-05,,,,,0.00010373894522501312,,,,,,,,0.0004832293594490555,0.0004688491839056153,,1.2078960953044592e-05,,,2.5370918203690845e-05,,0.0002338816444136518,0.00014878157348005125,0.0007893962425004769,,,,,,,0.00016382277300125303,,,,,,,,,,,,,,,6.734903350211114e-05,,,,,,,,,5.451748607709566e-05,,7.090480197222742e-06,,,0.00022234736913658566,,,,0.0001687510788494323,,0.0004832163405258644,0.00014770663015218637,0.0001711786230246052,,,,,,-0.0006427664351017315,,,,,,0.0007202591423360639,0.00028909824456311493,0.0004184146427241884,,0.00039562996392865005,,0.00040632349972334495,,,,,,,,,,,,,,,,1.346947464098769e-05,,5.142577805034857e-05,,,,,,,0.00010887283323709569,0.00012728040781145302,,,,,,,,,,,,,,,,,,6.84306931856449e-05,,,,,,,,,-8.737975183631566e-06,0.00012154905474155257,,0.00015289947594313965,,0.00011595482122593187,,,0.00017357363501582318,,0.0003439250350258132,0.00023213257337220217,,,-7.635184788956498e-05,,0.0002708998176419751,,9.73172058216287e-05,,,0.0005030094991082259,,,,,,,,
2022-11-30,,,,,,,,-0.00024846685167894246,,,,3.0466065761862724e-05,1.9723454407663784e-05,0.0004655543372206642,,,,0.0008311115100098592,,,,,-0.00012168320349562044,,3.7662344612149367e-06,,,,,,,,,,-0.0005907373026145929,,,0.0002325149354571102,-0.0005897358168790882,1.8414547636818228e-06,,,,,1.4291874126449497e-05,,,,,,,,0.0001309825582672209,0.00016893669718177746,,,,,1.2022874967208505e-05,,-3.3256850161059425e-05,0.00036997283963716474,0.002307251710287135,,,,,,,-4.137100778582656e-05,,,,,,,,,,,,,,,,,,,,,,,,-6.12824312955492e-05,,-0.0004329050036207391,,,-0.000198774950993485,,,-0.00019120399679370696,-0.00021918027157009944,,-5.959294243776727e-05,9.893378943976282e-06,3.142497129149881e-05,,,,,,-0.001811854119496322,,,,,,-0.0006535444346436985,-0.0002647941433719878,-0.0003837357205661345,,-0.0003498682196089086,,-0.0002273710455310937,,,,,,,,,,,,,,,,3.768869018653713e-05,,-8.994973868265109e-05,,,,,,,3.5906037535566776e-06,-0.0010868078187991818,,,,,,,,,,,,,,,,,,2.2371922476099658e-05,,,,,,,,,-2.7744604424810377e-05,-0.0005320736588269332,,-0.0006183740455245392,,-0.0005225264549039815,,,-0.0002718510504963156,,-0.0016139734826840022,-0.00010272774864287837,,,6.165665899858666e-05,,0.00015009930442581702,,-0.0005076826776801969,,,-0.00024745314919386453,,-3.784501181572022e-05,,,,,,
2022-12-31,,,-0.0003072446891824509,,,,,0.0011400817219907964,,,,-0.00019988967467709682,-0.0003298998294944864,0.0008260761237197093,,,,1.6677195591874965e-06,,,,,,,-0.0002724232475352931,,,,,,,,,,-2.5265728846905487e-06,,,-0.0008754317342299452,-0.0005967423528760742,-0.00034848615615011954,,,,,-0.00025164822834691005,,,,,,,,0.0003907877309986632,0.0004957544397905486,,-0.00018177880768894245,,,-0.0001930550561979868,,-0.0002603691891287078,0.0003078117760723469,0.00039919484402055116,,,,,,,3.9898378686548336e-05,,,,,,,,,,,,,,,,,,,,,,,,7.074205507315262e-05,,,,,-0.00013156847263823363,,,0.0002712376743881577,-0.00017230070244874646,,-0.00045116531501089406,-0.0001836816576260124,-0.00018787618323526595,,,,,,3.926774500061596e-05,-0.0003134167524361565,,,,,-0.00038398026834577417,-0.0004085194919741866,-0.0004435885243230688,-0.00038119953123658183,-0.000345553991236203,,-0.0003206711186961486,,-0.000132517963051833,,,,-0.0004055410137602387,,,,,,,,,,4.255176399739739e-05,,-0.0002726818592630072,,,,,,,-0.00013863932103897765,-0.0002234560990444382,,,,,,,,,,,,,,,,,,-0.00014822724788179166,,,,,,,,,,9.953528917618092e-06,,-7.949222030949823e-06,,,,,-0.00016079760004538763,,-0.0002354179383552602,-0.0004189700061596791,,,-0.0003914827035408277,,-0.0003039719321978638,,,,,,,,,,0.00012015853550221973,,,
2023-01-31,,,0.0011979024208936537,,,,,0.0009084408327252487,,,,-7.533634313970531e-05,-8.039742538815e-05,-0.001796593687443995,,,,-0.0012354237772643514,,,,,,,-3.7055933676059845e-07,,,,,,,,,,-0.00011559506035845362,,,-4.362427638056542e-06,-3.907722426572104e-05,-9.412917179743796e-05,,,,,-1.0346805954609278e-05,,,,,,,,-0.0007274023715196279,-0.0007956586140375446,,-6.256348973988416e-05,,,-0.0002861646176878498,,-0.0004992960271871439,-0.0017045365744348935,-0.0007301840488600239,,,,,,,-0.0004871829386247233,,,,,,,,,,,,,,,,,,,,,,,,0.00011570887966782443,,,,,-5.930782281599853e-05,,,-0.0009731878908456491,-8.340372619020437e-05,,-0.00041345917480234705,-0.00028780753790826557,-0.00027788797372488647,,,,,,-0.0011247967189391402,9.037029426004254e-06,,,,,-0.00013635393773943293,3.758259901174995e-06,1.4456115680670169e-05,,-7.924213044307352e-06,-0.0010980296232427585,-6.663381398403687e-05,,2.2014394862059936e-05,,,,5.319363279939352e-05,,,,,,,,,,-0.000538463539928716,,-6.36291289400156e-05,,,,,,,-0.0001776239280540571,,,,,,,,,,,,,,,,,,,-0.0004428795780333462,,,,,,,,,,-0.00011990523664383391,,-0.00011582494748130679,,,,,-8.745174932012351e-05,,0.00014475158945594584,-0.0002365964151833471,-0.0009955390100264197,,-0.00038329934458312026,,0.00012247476355727472,,,,,,,,,,-0.0011954701122690186,,,
2023-02-28,,,-0.0012338629080254336,,,,,-0.0014068642645113324,,,,8.065755253053843e-06,2.5574066772859915e-05,0.00015474033032440718,,1.641935272657975e-05,,8.875942887860218e-07,,,,-0.001593810074639401,,,0.00029277391595559964,,,,,,,,,,0.00010815593119256159,,,-3.123515393792136e-05,-3.9721672777036414e-05,3.180121360972287e-05,,,,,7.177146980410901e-05,,,,,,,,-2.4159859815070505e-06,1.895232513185219e-05,,1.4528095636549097e-06,,,,,5.416734001164009e-05,-2.917188897013725e-05,-0.0005343093762326576,,,,,,,3.009063635200722e-05,,,,,,,,,,,,,,,,,,,,,,,,0.00069526186267568,,,,,6.162437907181271e-05,,,5.577892456675041e-05,-3.341696141696046e-05,,5.98371336093304e-05,4.4306548379101743e-05,2.0318659379006353e-05,,,,,,-0.00016955049852551506,-7.386009327697626e-05,,,,,-5.3235833294466504e-05,-1.9672314887558703e-05,-2.7265321971804067e-05,,-1.3217495584092085e-05,-6.492248989986476e-05,-6.571492526704022e-05,,0.00010942947709071296,,,,-0.0002438396073871044,,,,,,,,,,6.235418219915157e-05,,3.181159406525496e-05,,,,,,,-1.907065573475575e-05,,,,,,,,,,,,,,,,,,,-1.851332910546823e-05,,,,,,,,,,8.799669883214924e-05,,0.0001159987342023025,,,,,,,-0.0007967153792127879,-4.658376692229346e-05,7.192746132030809e-06,,9.676815297155826e-05,,6.231422396591407e-05,,,,,,,,,,0.000176077321379419,,,
2023-03-31,,,-0.00016155756488198713,,,,,0.00022889950866500136,,,,0.00012626419889691265,,6.591731467870631e-05,,0.0003399134898087892,,0.00011911169123317564,,,,-0.0003391929984679195,,,0.0016495325370903455,,,,,,,,,,0.0001787197878393814,,,-3.238192690895621e-05,-2.386530429874e-05,0.0001677602943089283,,,,,0.00010623097964350047,,,,,,,,6.7554243335843195e-06,-3.801353106467637e-05,,,,,,,8.113309040900134e-05,-0.00010714005872293021,-0.0003722118857991044,9.794587303518618e-05,,,,-0.002779661124286416,,8.43123672957862e-06,,-0.0023963968130655574,0.0014451391377701239,,,,,,,,,,,,,,,,,0.0020097322155223554,,,,0.00030295471145795844,,,,,1.148830708404097e-05,,,0.00019947643743656521,2.6437938678992395e-05,,5.643853906153531e-05,3.7566314081353616e-05,7.654917703602611e-05,,,,,,,1.3277763483708712e-05,,,,,-5.749480855079966e-05,-8.329440779984302e-06,-5.821929362465776e-05,,-9.488708001296698e-05,0.00026838089948651845,5.038704541738739e-06,,0.0005129127538817435,,,,,,,,,,,,,,7.322246794704725e-05,,2.1174144971859157e-05,,,,,,,,,,,,,,,,,,,,,,,,,,,,,,,4.9063072045282156e-05,,,,,0.0001455479292762956,,0.00015925650303370357,,,,,,,0.0005209980385589688,0.0001677738780120352,-3.883981652772968e-05,,0.00017938921100499897,,-0.00010548380654492013,,,,,,,,,,3.896800811438002e-05,,,
2023-04-30,,,-0.00011777211481664264,,,,,0.0005135098283256295,,,,0.000297041177905649,,8.75364636890818e-05,,-0.0001134423819525576,,-8.350326261974032e-05,,,,,,,-0.00023215926995520607,,,,-6.109896524181867e-05,-0.0006774161245865663,,,,,-0.00025198978472800105,,,-1.1739063935924499e-06,-0.00010936466710372254,-1.1929582530632925e-05,,,,,-0.0008214538334491163,,,,,,,,7.310544506655682e-05,6.029358783002868e-05,,,,,,,-3.1053289533330496e-06,-7.893981086626014e-06,-2.001722648531407e-05,0.00019506961618099067,,,,-0.0007427247735550212,,8.12774843145674e-06,,-5.2969705180600695e-05,-0.001995419298465868,,,,,,,,,,,,,,,,,0.00028752510429182844,,,,-0.00011089565026187168,,,,,5.4821919230750616e-05,,,-4.10004613846383e-05,-6.562263539462957e-05,,-3.67456062501781e-05,9.00604713259603e-06,0.00015042916847175333,-5.8243765722328736e-05,,,,,,7.687273897472784e-05,,,,,1.2667240774466902e-05,-6.975661342066031e-05,-7.855070428612303e-05,,,0.00022918133198958503,,,0.00012475110087624267,,,,,,,,,,,,,,2.96882691475353e-05,,-4.5637250490302644e-05,,,,,,,,,,,,,,,,,,,,,,,,,,,,,,,-7.969282676465802e-05,,,,,-8.549275242149761e-05,,-0.000352942975537442,,,,,,,0.0003116110058659396,6.639652742315956e-05,0.00014237414624813412,,0.0009636241692964015,,-0.00017765522872480844,,,,,,,,,,-0.00010516488737158753,,,
2023-05-31,,,,,,,,-0.0005795922349361642,,0.0003970619195039956,,-0.00028529966190582077,,-0.00020327656469658613,,-3.623433456142783e-05,,-0.00047113221234752165,,,,,,,0.0016579064913759176,,,,8.455760959843039e-05,,,,,,1.877582734105522e-05,,,-4.387517509834547e-05,0.0001109331051065004,-0.00010072172498012318,,,,,0.00015399310319209322,,,,,,,,-0.00014953604688524303,-0.00011741766350032504,,,,,,,-7.396181711500165e-06,-5.588981868328636e-05,-0.00020794925841302868,-0.0002679080271426683,,,,4.07003839053566e-05,,1.3041345061480856e-05,,0.00017198921106380787,0.0003492526261970447,,,,,,,,,,,,,,,,,0.00018620510348831427,,,,3.692923284792494e-05,,,,,-8.500950127151358e-05,,,0.00020247931744688972,3.1244762357667704e-05,,-0.0002871713494800851,-0.00031364975732637245,-0.0002480243627201039,0.00014228261840153184,,,,,,-0.00018526371706845368,,,,,1.215096264337824e-05,1.4923794106850633e-05,6.943471177630404e-06,,,-0.00042508028674138914,,,-0.000156835176006962,,,,,,,,,,,,,,-0.0002534580211552608,,-1.8502469350408385e-05,,,,,,,,,,,,,,,,,,,,,,,,,,,,,,,-8.814244855870057e-05,,,,,0.0001094676580377969,,-4.5190605988823926e-05,,,,,,,-0.0002453089527649075,-0.00017980794798116742,-0.00039163015467135994,,-0.0007271696511071737,,2.960375354498765e-05,,,,,,0.0006851363477392475,,,,-0.0005335150234396656,,,
2023-06-30,,,,,,,,-0.0006660561031165851,,-0.0002209772280193655,,-3.894497033344131e-05,-3.242524102656492e-05,-0.0001388988953623869,,0.000145315775510048,,0.00015038221402263703,,,,-0.0005978924622699933,,,-0.0003337905168049006,,,,,,,3.761592869765019e-05,,,0.0004369185348084242,,,,0.0008134579003823036,0.0002529239408154798,,,,,7.811030528403833e-05,,,,,,,,0.00011853856691172832,0.0001746223189798898,,9.3544772830037e-05,,,,,0.00012480179978978164,0.00022591344272891118,0.00011312630766469975,-0.0002781234869422406,,,,,,7.328977170341938e-05,,,,,,,,,,,,,,,,,,,,-0.00022937553562657728,,,,9.908312248062537e-05,,,,,0.00010271044307710358,,,0.00021539963787848993,0.00034986680562143523,,7.119303114440647e-05,1.4543958047781334e-05,0.00011497281476539804,0.0003512455114431552,,,,,-0.00015508313167848935,,,,0.00016104352647738863,,,7.555292605806194e-05,8.84160411878349e-05,,,1.5156481497885215e-05,,,0.00011928779926575007,,,,,,,,,,,,,,,,4.665789750959749e-05,,,,,,,,,,,,,,,,,,,,,,,-0.0001692696254647615,,,,7.315527608138424e-05,,,,,,,,0.0001000180769577466,0.00035478094738790116,,0.0004134525789500252,,,,,,,-0.0005719214142973064,0.0001948833086678088,8.293755946114646e-05,,-0.0007044767928506079,,0.00010867031937584668,,,,,0.0005486784839999868,,,,,3.456847984944124e-05,,,
2023-07-31,,,,,,,,-5.7499411295824716e-05,,3.653207148693179e-05,,,-5.761760748901261e-05,-4.26060741531982e-05,0.0006409758421723486,0.0003420825789212747,,0.00011536844373910549,,,,-0.00024053490111508607,,,0.0002355675956645539,,,,,,,-0.00022627288907168036,,,-0.0001419542363729915,,,,-0.00037864838226784524,-0.00020312621084848993,,,,,-0.0001850045475001611,,,,,,,,-2.7725162558527436e-05,-7.522029937748702e-05,,-4.095731538238668e-05,,,,,-0.00019975987628814264,-0.0002471061766909968,-0.00010282376593201421,-0.00038523639597126463,,,,,,-0.0001885629842402636,,,,,,,,,,-0.0003035195147717818,,,,,,,,,,-6.88985996813009e-05,,,,-0.00030713955066278143,,,,,-0.00025224956276859287,,,-0.0003005812710695257,1.6988960872857755e-05,,-0.0002557357623421881,,-4.179533506090149e-05,-0.00016780820352914043,,,,,-0.0002902599626115341,,,,-5.2400181812543394e-05,,,-0.0002826263647303841,-5.103458690014026e-05,,,-0.0001307999286395615,,,-0.0001925374255544699,,,,,,,,,,,,,,,,-7.19232566245295e-05,,,,,,,,,,,,,,,,,,,,,,,0.0001301671457706826,,,,4.673871456908468e-05,,,,,,,,-0.00016795552129539806,-6.283370280550639e-05,,-0.00012178573225857549,,,,,,,-0.0009328303271104332,-0.0002038425127409164,-0.00044562853936686974,,5.453368305083503e-05,,0.00023724599198768633,,,,,0.0002780147838127421,,,,,1.9117286554993083e-06,,,
2023-08-31,,,,,,,,6.887831591776025e-06,,-5.524158987653668e-05,,,,-4.102002486530752e-05,-0.0003053693582715784,6.742556758312542e-05,,4.9369465683673136e-05,,,,-8.889973343676944e-06,,,-1.4202530847123848e-05,,,,,,,2.535858362683128e-05,,,0.00015956077516694503,,,,0.00036930755120816974,3.331832757143671e-05,,,,,-7.212724726032582e-05,,-1.875385229951682e-05,,,-0.00013149352196333152,,,6.313143145478985e-05,-2.8128450871987022e-05,8.34570934660145e-05,3.5096261450975376e-05,,,,,4.49968274244263e-05,-1.1050820808900875e-05,-7.315804935458152e-07,,,,,-0.0012679158504711613,,3.1775138235624695e-05,,,,,,,,,,-0.0001426728249864805,,,,,,,,,,,,,,-1.5635288627399486e-05,,,,,,,,0.000201692296504509,-0.00011394167515560723,,5.465901089479618e-05,,4.6299309671001846e-05,0.00035059472626726326,,,,,4.7308695415832106e-05,,,,6.25386586801793e-05,,,0.00029359896303081607,0.00010785867679920177,,,8.843748433927625e-05,,,1.68848889985362e-05,,,,,,,,,,,,,,,,0.00016172253448669857,,,,,,,,,,,,,,,,,,,,,,,0.0004654224161911244,,,,-2.4643093206910537e-05,,,,,,,,4.030618021011342e-07,0.00011813989467598742,,0.00015831660708823594,,,,,,,-0.00013644643226419162,2.2471724988381963e-05,9.452056195004927e-05,,2.1910769942315896e-05,,9.540522100309413e-05,,,,,2.2276120948914043e-05,,,,,7.65639403506055e-05,,,
2023-09-30,,,,,,,,-5.315054560757008e-05,,-1.1181714123514514e-05,,,,-3.043666003559184e-05,-0.00042750181047558996,-0.0006274643152683182,,-0.0003077483466893849,,,,-3.913677246042405e-05,,,6.017264286082258e-05,,,,,,,3.097923222392514e-05,,0.00027447748517807043,0.00018346398422067458,,,,0.00011112928456017352,8.550109671015106e-06,,,,,-1.2611615248247116e-06,,4.1060351121178834e-05,,,,,,-0.00014221964347197358,-9.429732994659782e-05,-0.00045325679429594285,-1.651330264671766e-05,,,,,4.309944261887923e-05,1.8494042537696292e-05,-0.0005023594903666887,,,,,0.0027886700293479495,,9.240688680477391e-05,,,,,,,,,,2.1922380310917254e-05,,,,,,,,,,,,,,3.015647944119131e-05,,,,,,,,0.0002479883042843215,0.00015162293849472065,,2.6439300386213074e-05,,-4.402250922196366e-05,0.00034825687009317586,,,,,-0.0003729628305376993,,,,-0.00021979115028091065,,,-3.938925666839571e-05,-0.00022480984276132706,,,0.0003281366195692848,,,8.226077372029273e-05,,,,,,,,,,,,,,,,-1.0080520885148824e-05,,,,,,,,,,,,,,,,,,,,,,,-0.00027954394672416254,,,,0.000261217991112409,,,,,,,,1.0620946432619038e-05,0.00024587584070771286,,0.00023649105454605986,,,,,,,-2.7017869573676594e-05,0.00014016911397575735,0.0007104637335561914,,-4.744548280631176e-05,,1.9083721070296863e-05,,,,,-4.255176985332702e-05,,,,,0.000190797969369596,,,
2023-10-31,,,,,,,,0.00027786907963828504,,0.0014615387923491766,,,,1.1362562669891967e-05,2.0462571780852918e-05,-4.873886527453336e-06,,-7.772086352725912e-05,,,,0.00013455926805069955,,,0.0005667256384997179,,,,0.00011878626451417333,0.00032772420905005515,,0.00031941108847569923,,0.0002110168569765627,0.00019949999880015536,,,,0.0006132099940471577,6.934209806004469e-05,,,,,-1.0828491924289862e-05,,0.00017570860943723422,,,,,,9.827339350757533e-06,-2.8738499213294047e-07,,4.2541032585746525e-05,,,,,0.00043204284657939556,0.00010903141467053568,-8.897141640973653e-05,,,,,-0.0008494901138879537,,0.0003484457938816283,,,,,,,9.221050340716934e-05,,,0.00011963749367642551,,,,,,,,,,,,,,-1.6511415263771142e-05,,,,,,,,0.0003048524790898944,-9.033335226030798e-05,,0.00011089018691432487,,,2.384225280846517e-05,,,,,,,,,7.658957993339867e-05,,,8.727292667082815e-05,3.579853322249743e-05,,,0.0003113124651074851,,,5.793187763193211e-05,,,,6.675858856012493e-05,,,,,,,,,,,,0.000311585311314333,,,,,,,,,,,,,,,,,,,,,,,-0.0006099442477983281,,,,-0.00014048242954803791,,,,,,,,3.802607514274316e-05,7.6114079112880896e-06,,0.0001342197961733072,,,,,,,,0.00014298454656812257,0.0007403133785240705,,0.001995307206237093,,0.0002895342171431442,,,,,-0.0001987098906346129,,,,,6.533034989022169e-06,,,
2023-11-30,,,,,,,,0.0005593342670595624,,-0.0010577206376331729,,,,4.132179032541877e-05,8.845055390410334e-05,0.00011850860965192666,,0.00010054471551631738,,,0.000503269595109751,0.0002549161389420171,,,0.0011079048555253075,,,,-5.298748167526675e-05,-0.000119794657482028,,1.6076034999794028e-05,,-0.00017897293477567343,-2.5287900561589707e-05,,,,-0.0001152730103967592,0.0002594210873685475,,,,,,,7.261252815227096e-05,,,,,,-2.0295581110461828e-05,-2.3391074103771134e-05,,9.578966239786278e-05,,,,,0.00021445325186753903,0.00035785798057323047,-1.8596923586221993e-05,,,,,-3.8437238457329076e-05,,-5.604087401017906e-05,,,,,,,0.0002894346046312191,,,0.00012296365688490028,,,,,,,,,,,,,,0.00010477309194387208,,,,,,,,-0.00012019836648785997,-5.432925955665991e-06,,0.0003234961973404125,,,-0.0001327907820921019,,,,,,,,,0.0003042674652188228,,,6.016028567834097e-05,1.955885865340892e-05,,,0.00037633252768414703,,,2.0988238561517854e-05,,,,-0.00043723638498763896,,,,,,,,,,,,0.0002208035009065658,,,,,,,,,,,,,,,,,,,,,,,-1.4525853204066731e-05,,,,-9.486865814752273e-05,,,,,,,,0.00023244100477704834,-0.0001288450440598878,,-0.0001176519324033022,,,,,,,,7.772443640470243e-05,-0.00048787385959860974,,0.0006182152963593585,,0.00014927637532291256,,,,,0.00010536748213688007,,,,,-5.0762789035859714e-05,,,
2023-12-31,,,,,,,,0.0005760562996966215,,7.594954393866784e-05,,,,1.1208301746384015e-05,0.00016403056752613794,5.344307135545629e-05,,-0.000206643892450758,,,-8.799328105492563e-05,0.0002887270656292754,,0.00014634203934054812,-0.00040087673483613155,,,,-0.0003846742878527508,,,-8.101132626336924e-05,,-0.00027595211178055426,-0.000343993801019635,,,,-0.00023288303434191516,-0.00021808022748723242,,,,,,,-5.726862121745558e-05,,,,,,3.754845797188292e-05,5.068529159077431e-05,,-0.00010983912650357067,,,,,-0.0001565054087080072,-0.00020128114181429014,,,,,,0.002879239254245322,,-6.231395647079319e-05,,,,,,,-5.970162068595098e-05,,,,,,,,,,,,,,,,,-0.00029455711820150314,,,,,,,,-0.000386388996033107,-0.00011992554738263541,,-0.00014956046070824504,,,-0.00044029785404260576,,2.990127206576227e-05,,,,,,,2.0662608238795936e-06,,,-6.495042250311056e-05,-7.1095805171035405e-06,,,-0.000785370320679626,,,-0.00015345195921287453,,,,,,,,,,,,,,,,-2.635541025088519e-05,,,,,,,,,,,,,,,,,,,,,,,7.359735518494316e-05,0.0017098029546375568,,,-0.00022593232518722218,,,,,,,,-0.00025791088744630397,-0.00025074064602790484,-0.0003921062573563091,-0.0003355849448902904,,,,,,,,-0.0003828131842414445,,,-0.0006391461120891398,,0.00018693959865416656,,,,,0.00015627335742231444,-9.410660529280138e-05,,,,-0.00016717452473910777,,,
2024-01-31,,,,,,,,0.00025538399941073747,,-0.0011059973081221884,,,,-0.00011977312378730643,0.000334392280517614,0.00040925815729388085,,0.0004645967692439539,,,-8.419161488310207e-05,0.00022186617936181444,,0.0001617442025856903,0.000985024428142242,,,,3.88753233011421e-05,,,0.0001685492733595219,,9.044209385019412e-05,9.054071235140139e-05,,,,0.000420690313015534,0.0002453628840563504,,,,,,,,,,,,,-8.252884052773171e-06,-3.4578747944482804e-05,,0.00016616271089772098,,,,,0.00024456535691287954,0.0005465704699497814,-0.00013995367841589153,0.00038593485202621466,,,,-0.0007766427470632111,,0.0003007923374942944,,,,,,,5.310937644040839e-06,,,,,,,,,,,,,,,,,7.890634154424107e-05,,,,,,,,6.430370725426019e-05,4.193890546933543e-05,,0.0004685232536097789,,,3.3340314089847626e-05,,7.190824226020492e-05,,,,,,,-5.595800426345568e-05,,,0.00017445985980570826,8.496236087184638e-05,,,-0.00012053595666551376,,,0.00013261575246485767,,,,,,,,,,,,,,,,0.00011466022837410812,,,,,,,,,,,,,,,,,,,,,,,8.135145611566764e-05,-0.0010116859380835692,,,3.2567223591784487e-05,,,,,,,,-0.0001115734431919965,7.855219941695833e-05,,7.966229239478111e-05,,,,,,,,0.0004971879189488361,,,0.00021401205229648883,,0.00013378060085031984,,,,,-0.00012109098901814227,-5.8287924760394826e-05,,,,0.00019880792589785292,,,
2024-02-29,,,,,,,,0.0008307452033547993,,-4.1201619742191926e-05,,,,-0.0002831026243461985,5.545453900747519e-05,-1.3583203829914055e-06,,1.8257009224977834e-06,,,-0.0003799811760311831,0.0004763994981045639,,-9.885675808823795e-05,6.258257581724025e-05,,,,1.612170681461938e-05,,,0.00016473918965095597,,7.283719323509747e-05,0.00034593290070946596,,,,0.0006335629169372654,0.0003560572337745302,,,,,,,,,,,,,-0.0003090479028493147,-0.00031843840197378964,,0.00029087905969465944,,,,,0.00020875092439154915,0.0002777473803501622,-6.568640049698165e-06,0.0001038613723520899,,,,0.000514778591675414,,-3.615307786716646e-06,,,,,,,,,,,,,,,,,,,,,,,,-0.00028640444737810557,,,,,,,,2.077065344276632e-05,0.00023943868260232129,,0.00035421984306783073,,,2.916220434304428e-05,,0.0001570355654605827,,,,,,,0.00037665569065902123,,,0.00025447855886802774,,,,,,,8.277840130892306e-05,,,,,,,,,,,,,,,,0.00022017169520247357,,,,,,,,,,,,,,,,,0.00020988655189896455,-0.0005197122156296915,,,,,0.00024436574477854577,-8.153955390978546e-05,,,3.7275703949612386e-05,,,,,,,,6.517344190599469e-05,0.00018116206220452485,,4.618234054637503e-05,,,,,,,,0.00028494980014676986,-0.00011569797347446726,,-3.215586940808186e-05,,0.0003672280711194034,,,,,5.085102419467125e-05,6.900712102423513e-05,,,,0.00018093601071664692,,,
2024-03-31,,,-0.00041782625893098396,,,,,-0.0013157546016083976,,-0.0002565990669650315,,,,,0.00023687748347059296,0.00014602195713769544,,6.86654194478371e-05,,,-2.7662522766640445e-07,-0.0006117404583420879,-5.879138775860573e-06,,,,,,,,,1.4132645075745258e-05,,0.00014699464478302248,6.45440971004171e-05,,,,0.00018752109197120993,0.000348181563329839,,,,,,,,,,,,,2.8665223920014276e-05,8.881182544485138e-06,,,,2.7584810955326392e-05,,,-1.0372132738524289e-05,-0.00018312715942956913,,0.00026952488805273843,,,,0.001965176106359999,,3.16674226383318e-05,,,,,0.00012001564173361038,,,,,,,,,,,,,,,,,,,-2.0483876948753164e-05,,,,,,,,9.15514006259527e-05,7.162862744659163e-05,,0.0004312498297776108,,,,,9.61492197956103e-07,,,,4.5519886033390255e-05,,,,,,0.000279900966079825,0.00024309174044139447,,,,,,4.786017765656479e-05,0.00041931234239842073,,,,,,,,,,,,,,,-3.185060165539498e-05,,,,,,,,,,,,,,,,,-7.646966828033422e-05,0.0006472849269203979,,,,,-0.00071412653176385,,,,,,,,,,,,3.0473318874792383e-05,9.073946369168035e-05,,0.00013121653963162416,,,,,,,,0.00024406284398316994,3.321342221089167e-05,,-4.4907212933660717e-05,,9.924221967493236e-05,,,,-6.698203849407286e-05,0.0002777768761041738,-0.00017661815813411056,,,-1.3064028828607582e-06,-0.00033639092457126877,,3.678531797257714e-05,
2024-04-30,,,-0.0004618483787948843,,,,,0.00023601108124096445,,,,,,,0.0005306178980049143,0.00038872483258577703,,0.00011459254272842675,,,0.00011305641302064989,0.0007408249004751292,3.4484706387622275e-05,,,,,,,,,-0.00022899710265432841,,3.882981303334179e-06,-0.00011524337579123553,,,,-0.0001900766403862183,0.00019959239484456246,,,,,,,,,,,-0.0001758192076038975,,6.464486445058457e-05,5.505927999540531e-05,,,,-0.00014512259700229883,,,-8.397326739953211e-05,-0.0001577958925780347,-9.432347489692855e-06,-0.0001661919892654618,,,,0.0006661298960754126,,0.0001627589082568377,,,,,-0.00022957976730639701,,,,,,,,,,,,,,,,,,,5.685801252773999e-05,,,,,,,,-0.00010467252343024803,-0.00038443301259267094,,-0.00021410535351929004,,,,,-0.00015899069026775134,,,,0.00010125459510997107,,,,,,-0.0002471937778077221,-0.0001864703147165471,,,,,,-0.0001769414027801606,0.00011520798897984143,,,,,,,,,,,,,,,-0.00017672733607352692,,,,,,,,,,,,,,,,,-4.146120597203184e-05,0.0003447940610753952,,,,,0.00033134028850455256,,,,,,,,,,,,-0.0003962266920938197,-0.00016492520949524446,,-0.00012034327736326598,,,,,,,,-0.00012916768891146527,2.02304855106526e-05,,-2.9239359192687667e-05,,-0.00034353177843247956,,,,-0.00014004594923629758,-0.0002586794622331735,,,,-8.467427374591065e-05,-0.00032463776691831733,,0.00017888949562458483,
2024-05-31,,,-0.00014637196334721158,,,,,,,,,,,,-0.00023007533376072237,-0.00044923989050065904,,-0.00036403097747952283,,,8.364227788176261e-05,0.0014689587389615036,0.0001038529935010428,,,,,,,,,4.287450679289015e-05,0.00011704657071506665,-4.127700270484131e-05,-9.203414714547263e-05,,,,1.7956180541717038e-06,0.00010051991335984731,,,,,,,,,,,0.00022626522266098634,,0.00046712178600108987,0.00010223014814949964,,,,0.00031242300340696095,,,0.0003233389633191979,0.00019192572113462664,-0.00024973752964948913,0.00010377133420134961,,,,-6.469548158382543e-05,,0.00014620164352287569,,,,,4.757240641805053e-05,,,,,,,,,,,,,,,,,,,5.9194162510278044e-05,,,,,,,,0.00019652212882886207,-3.021471619804815e-05,,4.1350264942854204e-06,,,,,0.0001229329019992581,2.899864851884665e-05,,,0.0003077535140611345,,,,,,-2.783906193356645e-05,1.263976528752221e-05,,,,,,7.160231079078704e-05,6.961307102037257e-05,,,,,,,,,0.0001262424333670677,,,,,,-5.578328588920531e-05,,,,,,,,,,,,,,,,,0.00020232565273934662,-0.0002055729175030124,,,,,-0.0006453190212938197,,,,,,,,,,,,,,,-9.45249318958893e-05,,-0.00014170446201358539,,,,,,3.345763084279462e-05,8.436120821962534e-06,,7.03245164841959e-05,,0.0005136005029194759,,,,,0.0002959893315867325,,,,-3.153297872716031e-05,-2.009414921896127e-05,,-5.130073727416491e-05,
2024-06-30,-3.8454406594236796e-05,,,,,,,,,,,,,,0.00023356591893175865,0.00022667268205029095,,4.524458530626215e-05,,,-6.305432862679415e-05,,-0.0005847789505913294,,,,,,,,,4.2902133959475637e-05,1.550797359558836e-05,2.6795991187447372e-05,5.001087667759324e-05,,,,7.259645688111383e-05,9.556696468968652e-05,,,,,,,,,,,-7.001842397285135e-05,,-9.698838128067507e-05,-0.0002055454875795474,0.00022336805102670152,,,,,,0.00019223690906005483,0.00047650271276100935,-7.085000942025547e-05,0.0002860591486859575,,,,-0.000558355949692303,,-1.57876812002056e-05,,,,0.0004654228856034443,-4.136542317435723e-05,,,,,,,,,,,,,,-7.630322494262097e-05,0.00047573676576859143,,-0.000532445870504014,,7.783202677437477e-05,,,,,,,,0.0003228328882411797,0.00010520693336303803,,4.420540358207293e-05,,,,,,-0.0002483804024980064,,,-0.00017564912724255959,,,,,,0.0001790457759879685,0.0002514934873831012,,,,,,3.241873895548589e-05,-8.485240742706295e-05,,,,,,,,,,,,,,,6.009577427653478e-05,8.683252453668134e-05,,,,,,,,,,,,,,,,-0.0003738217060201991,-0.0009063404004770936,,,,,0.0007462758599109956,,,,,,,,,,,,,1.5472165171420625e-05,,4.77228806375696e-05,,,,,,,,2.1860695729593373e-05,-0.00014710947941426518,,0.00030146296727476214,,0.0005261286970963882,,,,,,,,,,-2.921928340454133e-05,,-1.994680627342062e-05,
2024-07-31,0.0004061526964598624,,,,,,,,,,,,,,0.0002413309956473571,0.00024376777486016218,,0.00025024058169728587,,,-0.00011750344682481578,,5.5065608099267205e-05,,,,,,,,,-0.0002105655443592192,-0.00012221680887493743,-0.00012469317493749618,-5.5441375095976625e-05,,,,-0.00014801543107034824,5.0259348103954625e-05,,,,,,,,,,,-1.6397907583501045e-05,,0.0003952455904533349,0.0005842547921635372,-0.00011388785710445402,,,,,,-0.00019593050038556247,0.00017645275050898077,0.0003749703348979018,-0.00024294686634441465,,,,-7.52804073861033e-05,,-1.5881776552598967e-05,,,,-0.0011748428160905592,2.2388313109393247e-05,,,,,,,,,,,,,,-0.0001220258259957662,-0.0010860544299749761,,-0.0009487508219554324,,2.5051116132320738e-05,,,,,,,,,-2.654844002422794e-05,,-4.358165824148231e-05,,,,,,,,,1.3066009939311967e-05,,,,,0.00022362184354973136,6.980284660283372e-05,0.00027109849971134744,,,,,,-8.545169554546483e-05,0.00012331715394348498,,,,,-0.0007495213911931971,,,,,,,,,,-0.00023759810327262924,-0.00011812565603756458,,,,,,,,,,,,,,,,-3.01749744328848e-05,0.00010908722935045777,,,,,-1.7987620937550834e-05,,,,,,,,,,,,,-5.100586284110409e-05,,,,,,,,,,1.1728691400065923e-06,5.124216170877072e-05,,-0.0011783380883696542,,-0.0009367485635549676,,,,-0.00024116928908123148,,,,,,1.8475728367037428e-05,,1.162882298821452e-05,
2024-08-31,0.00022081157217600033,,,,,,,,,,,,,,-0.00029319904376803196,-0.00020493247431943104,,-0.00016829302792411527,,,4.908272330095326e-05,,3.3309599712788384e-05,,,,,,,,,0.00017183254691112616,1.8790266496288983e-05,5.7705718546280924e-05,3.639816804439987e-05,,,,-0.00026605602203645624,0.00015658550556836906,,,,,,,,,,,-1.838255926507986e-05,,0.0005957559457203964,0.0005617154205238053,-0.00034827803073690146,,,,,,0.00023321677871408528,4.776066041177941e-05,-0.0008533066883930174,0.00014490794294287328,,,,-0.00019490361572402007,,4.083143081049859e-05,,,,-0.0009219846042104608,-4.257651684823515e-05,,,,,,,,,,,,,,8.930886479870077e-06,3.068216490589742e-05,,,,5.197111499708175e-05,,,,,,,,,-9.257606802762226e-05,,1.9230814967279263e-05,,,,,,,,,-3.08886329383277e-05,,,,,-0.00013775637918543425,-0.00014876980088933926,-0.0002479017176101384,,,,,,0.00022684500168910788,-0.00010493083845523204,,,,,,,,,,,,,,,0.0003557389532103246,0.00030921062307816575,,,,,,,,,,,,,,,5.6263085453465206e-05,-2.420347280172398e-06,-0.00025947916270679987,,,,,-0.0006392895917927376,,,,,,,,,,,,,1.7859943718057367e-05,6.732497468614941e-06,,,,,,,,,7.547926336925011e-05,-0.00012342526628295118,,0.00018817136742319397,,-0.0002347527925159793,,,,0.000269871491735628,0.00016224979650736153,,,,,-7.949856660044235e-05,,,
2024-09-30,0.0007475004680610587,,,,,,,,,,,,,,-0.0001256444132001531,-2.3223352039909872e-05,,-0.00018758545668697352,,,2.2352908174876755e-05,,9.818836845220371e-05,,,,,,,,,4.918514942034804e-05,3.284528514127188e-05,1.2787596254067495e-05,-0.00040421537741616167,,,0.000600087538331126,-0.00017309431441190642,-0.00023404257943080467,,,,,,,,,,,1.5871874239263306e-05,,8.61309122786267e-05,3.591256704619312e-05,5.8962713576683394e-05,,,,,,-0.00012845104848635002,-0.0003291702987326433,-1.4939308747783301e-05,9.203410787836398e-05,,,,0.00010072030263946726,,0.0001159644264509145,,,,,-8.203077833237515e-06,,,,,,,,,,,,,,6.212632386202299e-06,6.406034242332699e-05,,,,-0.0002022439504751594,,,,,,,,,-0.00048052062956968107,,9.445259056732873e-06,,,,,,,,,7.816076637479189e-05,,,,,-0.0002014648808095894,-0.00023299027990641166,-0.0002654168569554253,,,,,,0.0002185742398367227,-3.1621996903355765e-05,,,,,,,,,,,,,,,-3.866245853661938e-05,9.530716020236143e-05,,,,,,,,,,,,,,,0.0002693779150090438,-9.178369877289134e-06,-0.00021599514420574193,,,,0.0011666829497087052,,,,,,,,,,,,,,-4.32935072908815e-05,4.21259888315359e-06,,,,,,,,,1.9729716200209216e-05,8.350671256196811e-06,,5.504893370902522e-05,,0.00016178911909156307,,,,0.0005744190246275432,7.740368866448373e-05,,,,,,,3.645278783764279e-05,
2024-10-31,0.0011485047115692166,,,,,,,,,,,,,,1.0977331419903049e-05,-7.974626187958155e-06,,-3.128298724048065e-05,,,-7.530991227150428e-06,,-0.00017806243121288183,,,,,,,,,0.00017490418102420423,-6.823001288464358e-06,1.9295171501867897e-05,0.00011257421383480437,,,0.0010635810459577644,0.00023863065785965603,-9.407838636185572e-05,,,,,,,,,,,7.423861847862166e-05,,-0.0012795494503141601,-0.0011847395694420506,,,,,,,1.263238367751945e-05,-7.68342770089363e-06,-4.933425317721293e-05,0.0001064656854381455,,,,-0.00029734751513543566,,-7.738801792752052e-05,,,,,-4.321663323897731e-05,,,,,,,,,,,,,,-8.374945621813715e-05,0.0002679279641163794,,,,3.4503758421903087e-06,,,,,-3.165865470956953e-06,,,,,,-2.0735875001524162e-05,,,,-9.011099686370332e-05,,-9.916213601584512e-05,,,-0.00025394568893829557,,,,,0.00010316330931429183,0.0008727343321387589,,,,,,,4.5498270590478874e-05,5.729520399792298e-05,,,,,,,,,,,,,,,0.0001808666603641278,-1.6039170962643805e-05,,,,,,,,,,,,,,,0.0004479727893117336,8.367434887948419e-05,-8.0218611841783e-06,,,,-0.0022802228573347576,,,,,,,,,,,,,,6.615905622118084e-05,9.243234928310191e-05,,,,,,,,,-8.694806787891653e-06,-8.420114641952867e-05,,-0.0001305582151991344,,0.00031360546992638026,,,,0.0016450471453509268,0.0006048762065208498,,,,,,,1.990486837100792e-05,
2024-11-30,0.0010972997010704807,,,,,,,,,,,,,,-0.00047221588925730267,-0.0005608335182484446,,,,,-3.637385511995268e-06,,,8.707860708585149e-05,,,,,,,,0.0008499304744846561,-0.000287787906818973,6.126392300180866e-05,0.0005639781551712878,,,,0.0012232794530360983,6.196616042586131e-05,,,0.0005747231935954234,,,,0.0012249845619698109,,,,0.00040404052246519073,,,,,,,,,,0.00022872531412916527,5.049810610023071e-05,,0.000587264055582534,0.0004704212239975601,,,,,7.64525331224772e-05,,,,,2.8424950575534283e-05,,,,,,,,,,,,,,-4.75697698353107e-05,-0.00016632486116006316,,,,1.9211013051171654e-05,,,,,0.00019303437580678814,,,,,,0.00020435326068746163,,,,-2.0564710999481392e-05,0.0007079054332766474,-2.6422312879886664e-05,,,-0.00036286002606692114,,,,,0.0008735328772696735,0.0017719335196814993,,,,,,,0.0005586377312664566,-4.931487797019282e-05,,,,,,,,,,,,,,4.382788889641143e-05,0.0005098279373839578,9.09283994327571e-05,,,,,,,,,,1.6596306152924174e-05,,,,,0.00014852584627731962,-0.00013500403798864433,,,,,,,,,,,,,,,,,,,0.00042996682140220504,0.0001915984610043767,0.0005022558367631281,,,,,,,,0.00015993665611012636,-1.670316827464417e-05,,-9.257893478177275e-05,,0.0014785792344291881,,,,0.001714751208432883,0.0006854911342129126,,,,0.0008479035974169282,,,4.337933443352633e-05,
2024-12-31,,,,,,,,,,,,,,,0.0003185619573341686,0.0003628997162337718,,,,,,,,0.0005601724162095143,,,,,,,,-0.0002503271257164404,2.8007550743903023e-05,,0.0003245351215675716,,,,-0.0002855177337593448,-0.00012433618631283472,,,3.55914286137181e-05,,,,-0.00023510491153253256,,,,-0.0001478980200432811,,,,,,,-0.00025211838504263364,,,-5.782820546368288e-05,-0.0002734067071192202,,-0.00011109865515373474,-0.0002294200263924594,,,-0.0003132096154184912,,-0.00012854153005269038,,,,,-0.00034421266575839296,,,,,,,,,,,,,,-2.0274478843179286e-05,0.0005597814568773983,,,,1.6838559580699723e-05,,,,,-0.00017910909682504163,,,,4.532086624968572e-05,,-0.00029891225696675427,,,,5.1967994136064e-05,-0.0001060995715000533,4.404356199589739e-05,-0.0001235300871652779,,-5.162003466802957e-05,,,,,-0.00039153118279273687,-0.00031822319568252153,,,,,,,-0.0003015907516968903,0.00016211857641671928,,,,,,,,,,,,,,0.0001077853895274879,-7.708084003295914e-05,9.95901560032971e-05,,,,,,,,,,6.31652559314604e-05,,,,,7.93334452157536e-06,0.00019507703222234444,,,,,,,,,,,,,-0.0002559576768366305,,,,,-0.0008870453232056234,0.00030338724560429804,,0.0003438430404268948,,,,,,,,-0.00016079963748939755,,,0.0007878322327094521,,-0.0003586900136382184,,,,-0.0003492121562282644,8.05045496080494e-05,,,,-0.0002864474556986415,,,,
2025-01-31,,,,,,,,,,,,,,,0.00015573996873030434,1.8948340710888e-05,,,,,,,,5.37534380114551e-06,,,,,,,,0.00023237221882699372,2.2210331502789682e-05,,0.0001087389766702289,,,,3.137892700797023e-05,0.00011760777458626083,,,0.0002628424970816752,,,,0.0002765760010661634,,,,,,,,,,,8.983747393837814e-05,,,0.00020386316252631072,0.0003939020612474885,,0.0004467638398340227,0.00026149819668642716,,,0.0022070114297095037,,-2.1718504139093465e-05,,0.0010096998799555936,,,,,,,,,,,,,,,,,-4.279889745785711e-05,0.001244515622874927,,,,0.0008255262833699895,,,,,7.504300343412688e-06,,,0.0001959692862641539,-0.00015090065599898485,,0.00012447645908602906,,,,1.7497833810047105e-05,0.00021204025252439585,-1.4705083168171593e-05,0.00021691627229796138,,,,,,,,0.00012441102531461913,,,,,,,0.00012570282143714608,-6.05211069103482e-05,,,,,,,,,,,,0.000927796010974564,,-3.2313428095979077e-05,0.00022293929362149486,-3.711940592685072e-05,,,,,,,,,,0.00033543842637442407,0.000308942122140331,,,,0.00035564222385763044,-1.1575284600961826e-05,,,,,,,,,,,,,3.802689490614456e-05,,,,,0.0006946937335466891,0.00015227389383642688,,0.00015915137593825815,,,,,,,,7.670866168018128e-05,,,4.026223487828985e-05,,0.00018619193126291424,,,,0.0008147359489620041,0.0003346848126756935,,,,3.166225705470531e-05,,,,
2025-02-28,,,,,,,,,,,,,,,0.00024043949184951715,0.0001480543224817213,,,,,,,,-0.0005492448977480323,,,,,,,,-0.00010317260951764154,1.6299726256988455e-05,,3.280943569922846e-05,,,,-6.878664213315144e-05,0.00013095448273800386,,-0.0001608245388672074,-0.00017011251643917605,-0.0001971830201711725,,,-0.00020030737406577843,,,,,,,,,,,-0.00016064115579335242,,,-0.0001233366664839416,9.595358104037954e-05,,-0.000506185618249158,-0.00013923870229995357,,,-0.0003099970780742237,,-4.183209663139851e-06,,,,,,,,,4.31972436431103e-05,,,,-9.252702896523694e-05,,,,,,-9.409756049922388e-06,-0.0007609216100899022,,,,-0.0002766252821530958,,,,,3.699042211992791e-06,,,-0.00014635837578767395,-0.00013726011164142183,,-0.00018068013579251188,,,,9.066195958751549e-05,-0.0001974691706798897,,-0.0002222725490080856,,,,,,,,,,,,,,,-0.0002837641215677357,1.0374678371221156e-05,,,,,,,,,,,,-0.0014028273373214069,,-8.922449118912556e-05,-0.0001762852328938854,-7.83092517325418e-05,,,,,,,,,,-0.0001527118688650541,-5.5059884621408734e-05,,,,-8.966623092657977e-05,0.0001065578135063026,,,,,,,,,,,,,-0.00018886882987055083,,,,,-9.34678557534936e-05,6.764919219486125e-05,,-2.1678802025079804e-05,,,,,,,,7.666574600652146e-05,,,-0.0004797357579411529,,,,,,0.00043609996459069715,-0.0002753407299406711,,,,,,,,3.534364735282973e-05
2025-03-31,,,,,,,,,,,,,,,-0.0012437860255705402,-0.002479334855354619,,,,,,,,-5.01067130287193e-05,,,,,,,,-4.194188726733382e-06,-1.641762892431231e-05,,0.00012516593494028228,,,,-7.640359205401682e-05,-0.0001261608212634331,,-1.687947348531797e-05,0.00023117691899631469,-3.35010909919922e-05,,,-2.805403293389596e-05,,,,,,,,,,,-4.9322525632516266e-05,,,-5.9948646111868e-05,-0.0005190591808147478,,-3.3132417551884366e-05,8.388006494603754e-06,,,-0.0012659270115227938,,4.590784800110938e-05,,-0.0001230503721835999,,,,,,,0.00016660784413117952,,,,0.00013418469334278266,,,,,,2.913587352423404e-05,-0.0004172341041797369,,,,0.00022754901722617867,,,,,2.2270932225231036e-05,,,-1.4982915135158663e-06,-4.9026302678759594e-05,,-6.368300547886059e-05,,,,0.00034440599632141035,-3.534408746720046e-05,,-3.649992221681105e-05,,,,,,,,,,,,0.0006446904746429688,,,,-2.22709972176186e-06,,,,,,,,,,,,9.798505515319561e-05,,-2.8511093807561144e-06,-2.7100181718241513e-05,-1.6474798419607533e-05,,,,,,,,,,0.00015377473383977039,0.0002850658283675195,,,,-3.0607943311009885e-05,-2.7853948363400373e-05,,,,,,,,,,,,,-4.6061942846732584e-05,,,,,,9.69764439219633e-05,,0.00011849923071931867,,,,,,,,7.685761730440744e-06,,,-0.000979765310003659,,,,,,-0.00023124603026485735,-4.7104416314526535e-05,,,,,,,,2.4315112246654293e-05
2025-04-30,,,,,,,,,,,,,,,-0.00019924650146792064,-0.0003127366377400079,,,,,,,,8.066945367097871e-05,,,,,,,,,-5.230990711962387e-05,,0.0007036193522967091,,,,,-0.00013579331424093906,,5.516836821001201e-05,0.0004536023134277672,0.0006862769219910431,,,6.645846821648927e-05,,,,,,,,,,,-2.4111993026202835e-05,,,0.00017893739303346843,0.0006024203518772615,,6.566812617782492e-05,0.00013469698552119974,,,-0.0002547120008917902,,-0.00045818225432517524,,-3.703343846013574e-05,,,,,,,0.0003733633472739254,0.000450353235695705,,,0.0004304214719621268,,,,,,5.0817896037308456e-05,0.0001724264948965427,,,,8.943618320778629e-05,,,,,-0.0001238960854517467,,,0.00047235115956145794,,,-4.131921344637917e-06,,,,-0.00012829668317211756,-1.0808169776337588e-05,-0.00018970365282633246,2.1609509907538416e-05,,,,,,,,,,,,3.9092616220131994e-05,,,,-7.97894465219506e-05,,,,,,0.003425417617966894,,,,,,0.0003113848223174098,,5.856467910858974e-05,2.4310543952972826e-05,7.434351085656947e-05,,,,,,,,,,0.00020720351689425926,0.0003950731665792841,,,,0.0002955901729577893,0.0005234111661037046,,,,,,,,,,,,,-2.6882425086555495e-05,,,,,,0.0009566095644544285,,0.0008727202448213569,,,,,,,,3.333883201042129e-05,,,0.0002591616990981016,,,,,,-5.8100149199783804e-05,0.0003820644286062316,,,,,,,,0.00017618366725381517
2025-05-31,,,,,,,,,,,,,,,0.0005637846036684922,,,,,,,,,6.894918857301048e-05,0.00027826948258094915,-2.792606862130122e-05,,,,,,,0.00010671565296037739,,0.0003382832211980252,,,,,7.31966647365994e-05,,0.0002365624273071929,0.0002777688221420504,0.00016435755845869927,,,0.00010791606409633299,,,,,,,,,,,,,,6.54995445040439e-05,0.0004576400872559129,,4.989523776825519e-05,1.8696186856734162e-05,,,0.0002217621170314154,,2.504028340141241e-05,,0.001023625814062241,,,,,,,0.00046457953743820056,0.0003311033030646456,,,-4.554977201046503e-05,,,,,,-0.00014817214762125928,8.737218462225972e-05,,,,-0.0005613446651845929,,,,,-0.00025013492019021537,,,0.00019937261852592475,,,6.491692976758302e-05,,,,9.903072647787969e-05,8.80452419665453e-05,9.465153062154769e-05,6.68742071601019e-05,,,,,,,,,,,,-0.0004552180974806306,,,,0.0001224721114992607,,,,,,0.0007712695882504391,,,,,,-0.0010240083991177248,,-0.0001153278763406426,9.309552918690772e-05,9.309969406450248e-05,,,,,,,,,,0.0002140665645889826,9.205272502039599e-05,,,,0.0002693576734129744,0.0006980356113567303,,,,,,,,,,,,,6.015247828451547e-05,,,,,,0.0005690660857071138,,0.00046513897003776846,,,,,,,,0.0003534808459138765,,,0.00023266549999380914,,,,,,0.0002380707048855769,0.0001400065290086981,,,,,,,,0.0004522244587860509
2025-06-30,,,,,,,,,,,,,,,,,,,,,,,,5.614494757696496e-05,-4.830531102718574e-05,7.014511209588409e-05,,,,,,-0.00014859530005642332,0.0004961916779747757,,-9.889490500955355e-06,,,,,-1.4214636810274327e-05,,,3.1571334570402775e-05,-0.00010296057591592486,,,-2.635232610047666e-05,,,,0.00017993801942738923,,,,,,,,,,-0.0002156680348618209,-3.077845289206824e-05,,7.156507721832197e-05,-7.70211028348677e-05,,,0.002451311960588957,,-2.9520496771501046e-05,,,,,,,,,9.300156533722164e-06,-0.00013502990165712602,,,-0.00016849719791849375,,,,,,-0.00014549147486569815,-7.26731269328957e-05,,,,,,,,,,,,-3.192087497777648e-05,,,0.00017757213545496666,,,,-0.00017482834476844703,-7.412041722851789e-05,-0.00012956510833677485,-0.00010621051039933215,,,,,,,,,,,,,,,-2.9955881590769465e-05,0.0004089811201449598,,,,,,0.0005714604240869215,,,,,,,,-0.00013015540825703827,-0.000136901772275137,-0.00017447018791350206,,,-0.0003235552558823962,,,,,,,9.850836147792386e-06,-7.057182872271365e-05,,,,-6.0247829708447226e-05,-6.684588074676456e-05,0.0002474261754829071,,,,,,,,,,,,,,,,,,0.00010635204524021719,,1.2594418273612415e-06,,,,,,,,-3.331632803227312e-05,,,0.0002790164316630511,,,,,0.0005834803186185924,-0.000450668071222285,-1.3559209778658046e-05,-0.0009694180775157254,,,,-0.0004333080865896493,,,-0.0003659981682100887
2025-07-31,,,,,,,,,,,,,,,-0.00015248647059395062,,,,,,,,,-4.510690874229484e-05,,,,,,,,4.376856757059585e-05,0.00015110341774467442,,-3.9254981097732e-05,,0.00024253645190746152,,,-0.00046416082718228483,,,0.00011345375729064191,0.00015113283532964706,,,,,,,-2.4276460109501673e-05,,,,-0.0002389860274612789,,,,,,-9.824924989457565e-05,-0.00010932789435148619,,0.0002734153073665154,-0.00014097932775396785,,,0.0017644425003944721,,3.402865687524282e-06,,-0.0006499170101174248,,,,,,,-3.601185013425495e-05,-3.3414704168719844e-05,,,9.759511626346035e-06,,,,,,-0.00021212447070716083,0.00011799942283277437,,,,,,,,,,,,-3.9380804366690766e-05,,,-2.8648447535522473e-05,,,,-2.118621387209212e-05,-2.8413920476505256e-05,,-7.640050015913342e-05,,,,,,,,,,,,,,,4.905820506455174e-05,1.894325612388279e-05,,,,,,0.0005103368005141281,,,,,,,,,-2.7454237909171044e-05,,,,-4.964975965608122e-06,,,,,,,0.0001379125545232897,0.00021112686821323458,,,,0.0002452131633610406,0.000142698635825832,-9.776311455028682e-05,,,,,,,,,,,,,,,,,,-0.00016103288311217646,,-3.8529620930786e-05,,,,,,,,-0.0004959454077359887,,,-0.00036421160340725133,,,,,0.0003026346327342118,-0.000233248191911181,-2.516643030377785e-05,0.00028013827493261404,,,0.0005613524965768367,-8.734868396253336e-05,-0.0003308972344932641,,0.00010023335376172692
2025-08-31,,,,,,,,,,,,,,,0.0002331790643813686,,,,,,,,,-0.00021685146451676034,,,,,,,,-0.00028232760775903973,0.00011919380049339735,,0.00017097385640030307,,-5.726645590327148e-05,,,2.071129418062107e-05,,,-0.00018003445521071475,-0.00010279517802519506,,,,,,,0.0001281546476466252,,,,1.2641485244285684e-05,,,,,,-2.2653199809952697e-05,-7.390761547951509e-05,,-4.1715911096640315e-05,-5.3593670148187634e-05,-7.798666207955189e-05,,0.000438342542131777,,-0.0002880104784497542,,0.0017236894953235361,,0.0003907298765416988,,,,,0.00019597719098795794,0.00011452498516120221,,,-4.145345552540052e-05,,,,,,1.2494327595299796e-05,-0.00012082670325029294,,,,,,,,,,,,,,,7.736905640485768e-05,,,,4.3189207035482334e-05,,,-0.00018859005101321124,,,,,,,,,,,,,,,-0.00024862987802538297,-0.0001899158581889878,,,,,,0.00012462318233265223,,,,,,,,,-0.00010886809587237585,,,4.116393380627534e-05,-3.486068647405509e-05,,,,,,,-0.00021395208329788966,-7.121856149107704e-05,,,,7.101456346623405e-05,7.608715539165571e-05,0.0017711078570136238,,,,,0.001070867331811127,,,,,,,,,,,,,0.00020183762166377432,,0.00010395960305043114,,,,,,,,,,,0.0001734045331862888,,,,,7.501616491920603e-05,-9.448562758843277e-06,-3.882167461700232e-05,0.0007725407796769032,,,-0.0002710227353495414,2.0810416425699237e-05,-0.0002335223754596886,,
2025-09-30,,,,,,,,,,,,,,,,,,,,,,,,7.941550452695432e-05,,,,,,,,-3.797300817678847e-05,0.00018178785600994873,,0.0003975441356700186,-0.0012201958864075104,-0.00035243361703272096,,,7.146327228229718e-05,,,5.770717250986839e-05,4.4194627598354244e-05,,,,,,,0.00023968181788331362,,,,3.773602699000684e-05,,,,,,3.1021649854808463e-06,3.1727336793103575e-05,0.0005185520576281505,-0.0002181271959492544,-3.58597346047671e-05,-6.872475421843977e-06,,0.0004191518206732409,,-2.5797961139596996e-05,,0.001134835380174063,,-0.00047362655930352254,,,,,0.0005541866585984836,5.7054429606383975e-05,,,-4.116054463889269e-07,,,,,,3.075125616164105e-05,-4.583157948969826e-05,,,,,,,,,,,,,,,0.0002492189893666491,,,,1.801879963354172e-06,,,1.71714696583337e-06,,,,,,,,,,,,,,,-5.391693759747836e-05,0.00021890012821018702,,,,,,0.0013660584666187496,,,,,,,,,-1.443322945778203e-05,,,1.9756827058212052e-05,,,,,,,,2.7437317720697687e-05,0.0001920531287760688,,,,-0.00011134307176667005,-8.819646229356867e-05,0.0006163294590615007,,,,,-0.000514832035545099,,,,,,,,,,,,,0.0004068142942741198,,0.0004486800526311201,,,,,,,,,,,0.0007283778781933566,,,,,0.0013701090206833465,4.02545418526192e-05,0.00014954848554148126,0.0007017919961148552,,,0.000170984905991398,-2.6796703842835142e-05,-1.049356468521663e-07,,
2025-10-31,,,,,,,,,,,,,,,,,,,,,,,,-0.00030662254087956894,,,,,-4.326613568205808e-05,,,3.4839858226192285e-05,0.0001444951404922498,,8.050803458320037e-05,0.00045755656062352663,,,,1.0767434783914833e-05,,,-1.7535022890830916e-06,-6.320032202945825e-05,,,,,,,7.735972726095842e-05,,,,9.956737269999695e-05,,,,,,-1.1588816242220393e-05,5.370776276832448e-05,-0.0003286826698474128,-4.747574984710899e-05,,-8.875810878831827e-05,,0.0008584359151302933,,-5.562075631894254e-05,,0.0012237569625100709,0.000759447690762708,0.00042539954043233216,,,,,8.092276491687896e-05,0.00010399890054872702,,,3.4611599410023594e-05,,,,,,-3.1759814237392475e-05,1.7176922511208812e-06,,,,,,,,,,,,,0.00015715258632932155,,-1.834679863257347e-05,,,,-0.0001240935807827274,,,-3.299281205456438e-05,,,,,,,,,,,,,,,1.1461463553529515e-05,-0.00019416426545774984,,,,,,0.000567432914583783,,,,,,,,,,,,-0.000378982564251441,,,,,,,,-9.67242313990568e-06,-4.816805259404405e-05,,,,-0.00011671897498471796,-0.00011381195402961305,-0.0004655353032251816,,,,,0.0023980879310881377,,,,,,,,,,,,,0.00010879233887580636,,0.00012867824791913587,,,,,,,,,,,0.0003276856479806072,,,,,0.0007399904596271168,-7.619824192701383e-05,0.00011318979394939932,0.00026864274600467197,,,0.00019258815150841846,-0.0001215807587979515,9.39953800056665e-05,,
2025-11-30,,,,,,,,,,,,,,,,,,,,,,,,2.88420817738197e-05,,,,,0.00041338897969618544,,,-9.97450502649664e-06,3.151202583953666e-05,,0.00033819834339943454,0.00020748429712695433,,,,-0.00010691118550640183,,,-8.048316651023122e-05,-3.569631168661931e-05,,,,,,,0.00017494261044729865,,,,-5.4820386368606055e-05,,,,,,-7.235745623890611e-05,-7.791918813539295e-05,0.0002541567811342029,-2.3594024460973636e-05,,-1.085547142376925e-05,,-0.00021603981431177847,,,,-9.803524255696294e-05,0.0004838734413706368,-0.0008270419991087186,,,,,-0.0003655076049475245,-0.00016957641904293675,,,-4.7025222374513644e-05,,,,,,0.00019897915547730955,-4.3909877613908746e-05,0.0008105079151634529,,,,,,,,,,,,0.0004884326886729388,,5.520288385570546e-05,,,,0.00015619555346072718,,,,,,,,,,,,,,,,,,3.022949497978643e-05,3.967795678301888e-05,,,,,,0.0005863725062560443,,,0.0004910068442185118,,,,,,,,,2.942785278485123e-05,,,,,,,,5.687483414457765e-06,-2.6685655406447033e-05,,,,-4.774475701192065e-06,-7.911111917308458e-05,0.0006269728292364166,,,,,-0.0008794830982796916,,,,,,,,,,,,,0.00026708342619805676,,0.0003402423529081601,,,,0.000941226448664625,,,,,,,0.00035029284945547584,,,,,-0.0006139358040640961,-1.2841270008705428e-05,-2.9864488382644304e-05,0.0005433903688303864,,,6.0668692047361206e-05,,-0.00022319661642122051,,
2025-12-31,,,,,,,,,,,,,,,,,,,,,,,0.0010647297501392003,,,,,,-0.00037752653966007974,,,-3.072610784690947e-05,0.000514917573898533,0.00025737544656218085,6.425832996661994e-05,-0.0008995586491536399,,,,,,,0.0002014852205163873,-4.088172254378884e-05,,,,,,,6.465551010444891e-05,,,,-6.104235371963637e-05,,,,,,-3.662296138598447e-05,-0.00015798223989074164,,1.4799001630177537e-05,,2.2766455091954405e-05,,0.0001570210827043241,,,,,,0.00022794635753713703,,,1.9073165868058156e-06,,7.8531190122099e-05,-1.5288182965788313e-05,,,4.9307378610039125e-06,,,,,,-0.00024495014604437176,-9.300786555430031e-06,0.0005520349052174888,,,,,,,,,,,,0.0004335270695131872,,-2.18045355563512e-05,,,,,,,9.187270726665522e-06,,,,0.00032972876399297576,,,,,,,,,,,-6.46279027310032e-05,0.000411687900998301,,,,,,,,,0.0003520036039564256,,,,,,,,,2.8459903794455234e-05,,,,0.00015460240123613624,,,0.0002600008735281387,0.0001364129141059252,0.0002811433825550825,,,,0.0003447913109959433,6.019172882645876e-05,,,,,,,,,-0.00025524382599379376,,,,,,,,,,0.00022629464475955481,0.0001339244727315981,0.00011772156334960666,,,,,0.00027095749909882125,,,-6.0019629805428146e-06,,,0.00043399691168028955,,,,,,4.7461269215742464e-05,0.00031368070803866334,0.0004883082973071804,,,0.0003375441096913319,,-0.0003138382595446725,,
2026-01-31,,,,,,,,,,,,,,,,,,,,,,,0.0002299358647842034,,,,,,,,,-0.0004462289997197849,-0.0005175261165399333,0.00014668065071519117,0.00022558010387198596,0.0011842008655581933,,,,,,,0.00017460722984874783,1.7541481925470844e-05,,,,,,,0.00012699171204609284,,,,0.00023276844275916365,,,,,,1.7417036480534992e-05,-0.0008425259218422338,,-0.00013910507084521684,,,,0.00015930656484607132,,,,,,0.000326385128510168,,,4.432897865536338e-05,4.888908124714832e-06,-3.392113591081815e-05,-0.00010528239112396094,,,7.448002441357415e-05,,,,,,,-0.001017994739673695,,,,,,,,,,,,,0.00040171928214530135,,-1.1429097935250845e-05,0.0007083993845684208,,,,,,-6.648249588911715e-05,,,,0.0006493818100622716,,,,,,,,,,,-4.693820763515991e-05,-6.362953254446677e-05,,,,,,,,,,,,,,,,,,4.0234018474783655e-05,,,,0.0004260632540060233,,,0.00023464228111840112,-0.00019151110290005667,,,,,-9.210896842140316e-05,-0.0007295719127474061,,,,,,,,,0.0008233480606704516,,,,0.0008226463101307067,,,0.0006025887835113686,,-0.0001448145035232101,0.000304538344336908,0.0004937114141716113,0.00020524333337223214,,,-4.949748466704757e-06,,-0.00023725400786889494,,,-1.824415710269853e-05,,,0.000140485865785463,,,,,,-0.00014424688103654464,0.00045210255454695834,-0.000870513772120745,,,0.0002913744691373146,,1.2635114565794624e-05,,
2026-02-28,,,,,,,,,,,,,,,,,,,,,,,0.0006702565424740931,,,-0.0001749603606332148,,,,,,-7.314156987672513e-06,-0.00013718575444657556,-0.000170239069919517,0.00010502799233707208,-0.0008720765577853257,,,,,,,-0.00037070763417683085,-3.5897627975200444e-05,,,,,,,4.841734545147348e-05,,,,-0.00028890204432061305,,,,0.00017168979664691523,,-1.553513101918795e-05,-0.00012878298553230605,,,,,,-0.0004935808582833181,,,,,,-0.0006268450031106816,,,-1.8838362535935793e-06,-4.00086659902935e-05,0.00010251914599642423,,,,-3.946599041346973e-05,,,,,,,2.395244297260913e-06,,,,,,,,,,,,,0.0009092084688814871,,-1.8968652231600003e-05,1.9096739493470092e-05,,,,,,,,,,0.0009914179555255646,,,,,,,,,,,7.661715294289406e-05,6.0489578061014274e-05,,,,,,,,,0.0004921501092082072,,,,,,,,,0.00014694772247570356,,-9.113319033975059e-05,,0.00025385147516176544,,,2.8329198582745086e-05,3.3738435226319924e-05,,,,,7.984259471316912e-05,,,,,,,,,,-0.00016632993864810878,,,,-6.232695819980653e-05,,,0.0001571792192313067,,0.0005356484968940376,0.00012701516684676393,0.0005226335854035385,0.00012930720877458697,,,-8.434447472410885e-05,,0.00010095414652142104,,,2.7932494337169045e-05,,,0.0005213233591363902,,,,,,-0.0001722520803728426,0.00021773695293313456,0.0005436205278083155,,,0.00030516005139369666,,-0.00011302450644544188,,
2026-03-31,,,,,,,,,,,,,,,,,,,,,,,0.001852727711087496,,,-2.038146700904064e-05,,,,-0.0002477665569284934,,5.428625172971487e-05,-3.937170837548786e-05,-0.00021250086368680566,-0.0003927852507188506,,-0.00010182560438632236,,,,,,-0.00018310610369877132,-1.9626953279454874e-05,,,,,,,-0.00010706423222166478,,,,2.495528139948938e-05,,,,-0.00011071509588766016,,2.2116847344891745e-05,,,,,,,6.112488549433071e-05,,,,,,,,,8.22716261127379e-05,3.435952010122668e-05,-0.0004473329144945401,,,,-0.0007523617016876806,,,,,,,,-0.0006864807290650212,,,,,,,,,,,,-0.00022099692253070113,,2.0933157906157545e-05,-0.00015007790630031174,,,,,,,,,,-0.0008127503751043631,,,,,,,,,,,2.8822765788232678e-05,-0.0001560180452829036,-0.00020100900976313825,,,,,,,,6.377499825415711e-05,,,,,,,,,1.3899599424962491e-05,,-0.00016941511897683128,,4.413929551233198e-05,,-6.830168900142464e-05,-0.00012143598206592047,-3.7981995944657875e-05,,0.00020190784634479774,,,-0.00012765765920021762,,,,,,,,,,-0.0003211086142830773,,,,0.0001996548390656022,,,-0.0001177927407642089,,0.00019222893431735137,-0.00021671716084670296,-0.0004281000879788644,-0.0003393554972257947,,,,,0.0001120917878877391,,,-2.0157939647461613e-05,,,-9.376808951764751e-05,,,,,,,-0.0002863364081269205,-0.0003728086536158691,,,0.00015502607244149234,,,,-0.00048509765131002667
2026-04-30,,,,,,,,,,,,,,,,,,,,,,,-0.0006113896893034716,,,3.915150755822399e-06,,,,0.0003040193538382525,,-8.178342644664815e-05,0.00015750244245858104,0.00013922977613245062,9.961536557067649e-05,,0.0008087560462709609,,,,,,1.727597079604533e-05,-2.7027249841514475e-05,,,,,,,-4.3658886026303415e-06,,,,0.0004307364749746648,,,,1.1630167015384951e-05,,,,,,,,,0.00014799653568556715,,,,0.0007418607864974626,,,,,0.0002879841717523721,5.5770662067703785e-05,9.331095632183045e-05,,,,-0.00014596173078702313,,,,,,,,-0.00030631378783913107,,,,,,,,,,,,0.0001872726053849954,,-0.00020639447491376973,3.173303643143691e-05,,,,,,,,,,4.609137641914731e-05,,,,,,,,,,,-1.2156521266045344e-05,0.00012401317197111245,0.0003169847364556121,,,,,,,,-1.6422212020515246e-05,,,,,,,,,9.978351484522883e-05,,0.0001615156009916617,,-0.00033604335514407664,,2.000444964791475e-05,8.098316351384039e-05,-0.00011670939925969486,-0.0004332549717672214,-0.00033889496706555785,,,-0.00011165728739820149,,,,,,,,,,0.0001085285344276479,,,,-0.0005881359558857082,,,0.00012218268802741342,,-0.00018438014095218877,0.0005304623092708196,0.0004911448480597102,0.0004999349744920704,,,,,-8.77082523470172e-05,,,-3.6310649336153e-05,,,0.00119034703825694,,,,,,,8.814114336028843e-07,-0.0009290332626872241,,,-0.00022292142655096371,,,,
2026-05-31,,,,,,,,,0.00036039019151339405,,,,,,,,,,,,,,0.0004454317672501641,,,8.489533328396845e-06,,,,-0.0003190363337341792,,9.850730618740781e-05,0.0008324946755771297,0.00010838397518330373,-0.0004937560857486191,,-0.0003911173139909816,,,,,,-9.704202845321304e-05,-0.0001412886300558726,,,,,,,3.255285256118993e-05,,,,-6.361505799857885e-05,,,,-6.492354927133985e-05,,,,,,,,,0.00011337983218189132,,,,0.000788232904915688,,3.396643594536405e-05,,,0.00038115258404051186,-0.0001909894976435271,-0.0005788136186563433,,,,,,,,,,,,7.260822061316754e-05,,,,,,,,,,,,0.0008086509026944742,,5.57168974212588e-05,-0.0001269461283878873,,,,,,,,,,0.0003466913057794908,,,,,,,,,,,0.0007105799073464757,0.000988517953273736,0.0007194846992011983,,,,,,,,0.00027826222588796956,,,,,,,,,-0.0013444691816120963,,-6.286197049943085e-05,,,,0.0002733971911478223,3.852034507438654e-05,-0.00023636671268739606,-3.412203621701038e-06,-1.4049311951838424e-06,,,9.871783324275287e-05,,,,,,,,,,-0.0001644580023414585,,,,-4.8159406863229025e-05,,,-0.00038601764239629317,,-0.0003787455158925077,-5.8557161610674504e-05,4.791713447756138e-05,-0.0004408715310535606,,,,,7.924095312816657e-05,,,4.7182042391338395e-05,,,-0.0003022119016207904,,,,,,,-2.2299566178538688e-05,0.001647639079860578,,,-0.0003387393142359318,,,,
2026-06-30,,,,,,,,,,,0.0003368560964483458,,,,,,-0.0006077209862050054,,,,,,,-0.00010490408965673439,,,1.8343975433617376e-05,,,,,,-0.00015436570326671359,-6.823538075426622e-05,-6.120476394681705e-05,,,,,,,0.0002572744895838046,-7.120655249012136e-05,3.790608464667024e-05,,,,,,,0.0002399497238929249,,,,,,-0.00030854922393239534,,,0.00046273052239131484,,,,-0.0005375474397992451,,-1.2165957700810206e-05,-9.207199382872173e-05,,,,,-0.001120410914825263,,,,,0.00038354285299284444,,-0.00013054152493504627,,,,,,,,,,,-0.00012935669893547353,,,,,,,1.2089856671846117e-05,,,,3.962853600268252e-05,,-0.000505844198468015,-0.00011778454252295085,0.0005029933403194315,,,,,,,,,,,,,,,,,,,,,,,-0.00034944136395077054,-0.00013830347966404228,,,,,,,,,,,,,,,,,-9.944912791283652e-05,,0.0013247311561233469,0.00047345572814079794,,,-6.332153937923348e-05,-4.4135021453246796e-05,-0.00015493990933049538,-6.713987736891506e-05,-3.300680210252752e-05,,,2.4130249569767702e-05,,,,-4.5158342887275875e-05,,,,,,0.00030455243648316193,,-0.00010963439490749875,,,,,,,-0.00010937134126822452,-4.6367004890731305e-05,0.0001289037646137406,-0.0001421915394644388,,,,,7.099765283673946e-05,,,0.0004217212549547727,,,1.5631039853281587e-05,,,,,,0.00021289574756093053,2.7726909233101328e-05,,,,3.103212322942105e-05,,,0.000774938272518965,
2026-07-31,,,,,,,,,,,0.0003433177112677271,,,,,,,,,,,,,-0.0010125093391563586,,,-0.0005465393284294135,,,,,,0.0007682490488011195,0.0006585216778371318,-0.00060259434401531,,,,,,,-0.0008262893818710201,-7.903777086776491e-05,-0.0005775086053643827,,,,,,,0.00023195398330663538,,,,,,0.000214228830698659,,,0.0008926865034919941,,,,-0.00023648729945381373,,1.715218087136356e-05,-0.00027574738001136354,,,,,0.0010773687114894708,,,,,-0.0009451184444964043,,-0.0003219611994292599,,,,,,,,,,,-8.158808120025349e-06,0.0002480315322428346,,,,,,-5.559433565496303e-05,,,,0.00045443922948093654,,0.00018281839020833695,-0.0007237627326388958,-0.00030392399107348413,,,,,,,,,,,,,,,,,,,,,,,0.0003465546707092474,0.0005914852223768495,,,,,,,,0.00048434015769682054,,,,,,,,,,,-0.0008394122995624388,0.00035218800108933074,,,0.0005511004575093319,0.0001718107620076708,0.0001522924742941463,0.00019081332140544188,0.00013930544263728937,,,-6.542658568357749e-05,0.0005385291338519053,,,0.0005278939522994708,,,,,,-0.0009765657249824976,,,0.00019482452548917072,,,,,,,6.451591807148761e-05,-0.0003682358323159044,-0.00043081846940243513,,,,,0.0008320073482923664,,,-0.00026375440930249754,,,-0.000304537636309234,,,,,,4.138553042184313e-06,-0.00044997791750007505,,,,3.334998883824639e-05,,,-0.0003422786460018218,
2026-08-31,,,,,,,,,,,-0.0002526738575665205,,,,,,,,,,0.00025359983608895927,,,,,,,5.932431207305576e-05,,,,,-0.0004740820228514096,-1.3822514858819986e-06,,,,,,,,,,0.00014797706937179844,,,,,-0.00018704065923573764,,-0.0005726119979378,0.0012962004468776666,,,,,0.000187737471977507,,,-0.0004327732645424953,,,,-8.049817741458925e-05,,3.7392044893844654e-05,6.238726341006801e-06,,,,,0.0003124558076223989,,,,,6.895555648482062e-05,,9.621293375823491e-05,,,,,,,,,,,0.00018299544519682377,-0.00014144793489732677,,,,,,0.0003614257958315234,-0.0002106947121441451,,,-0.00022402657627824368,,0.00022377195132381917,,-0.000393946491332106,,,,0.00045055232651724055,,,,,,,,,,,,,,,,,,,0.00025021115657981196,-0.00012121906054707677,,,,,,,,-0.00026239055348040716,,,,,,,,-0.0001259403759909738,,,-0.0009029179602973964,-0.0002938336316171536,,,5.705391132447537e-05,-1.743489614728071e-05,0.00010957642468352528,0.00043617416955465694,-0.00019211933465318977,,,0.00033513751881129975,0.00055126179701955,,,8.381914068173744e-05,,,,,,-0.00018649386037080832,,,-0.0002297519213508538,,,,,,,1.3775871398667372e-05,,3.025475096365436e-05,,,,,-0.0005830819839675235,,,6.429796616245246e-05,,,-0.00010844736703192395,,,,,,6.819904283116185e-05,4.570800424020182e-05,,,,-2.908789425852497e-05,,,-0.0006243096153960278,
