isin,ticker,gvkeyiid,ls_weight,country,figi,bbg_ticker,exch,mtd_local,mtd_usd,contrib_local,contrib_usd,missing_px
KYG254571055,CRDO,04053201,0.0005186660727131,CYM,BBG00T68J2G0,,US,-0.2860427074583315,-0.2860427074583315,-0.00014836064770563494,-0.00014836064770563494,False
US30212P3038,EXPE,12629602,0.0014685512903406,USA,BBG000QY3XZ2,,US,-0.09507331618371706,-0.09507331618371706,-0.00013962004115855754,-0.00013962004115855754,False
JP3436100006,9984,20422201W,-0.0004775873262942,JPN,BBG000CLY2D3,,JP,0.1890384615384615,0.22399204302270537,-9.028237341292279e-05,-0.00010697576093838927,False
US00724F1012,ADBE,01254001,0.0007355069477171,USA,BBG000BB5006,,US,-0.14443799310085736,-0.14443799310085736,-0.00010623514743999515,-0.00010623514743999515,False
CA4969024047,K,00864401C,0.0009925320322789,CAN,BBG000BK4N16,,CN,-0.08341187558906693,-0.08867199708430529,-8.278895839461137e-05,-8.800979747231422e-05,False
CA5503721063,LUN,10829701C,0.0005943757423159,CAN,BBG000K1XDF3,,CN,-0.1408057127458906,-0.145736546443328,-8.369150003565811e-05,-8.662226797480872e-05,False
CA6979001089,PAAS,02067001C,0.0009886736295899,CAN,BBG000BC8SH2,,CN,-0.07642074682936062,-0.08172100710797692,-7.55551771437548e-05,-8.079540471118556e-05,False
CH0023405456,AVOL,27468901W,0.0010039033432312,CHE,BBG000HHBQD9,,SW,-0.06576063130206056,-0.07819273569519569,-6.601731761713289e-05,-7.849794878080054e-05,False
US9581021055,WDC,01139901,0.0009655956965586,USA,BBG000BWNFZ9,,US,-0.07424037287759411,-0.07424037287759411,-7.168618456151068e-05,-7.168618456151068e-05,False
US2567461080,DLTR,03158701,0.0005707514781797,USA,BBG000BSC0K9,,US,-0.11209416225610236,-0.11209416225610236,-6.397790880298556e-05,-6.397790880298556e-05,False
US0527691069,ADSK,00187801,0.0003956725228506,USA,BBG000BM7HL0,,US,-0.14783584110161285,-0.14783584110161285,-5.849458021641558e-05,-5.849458021641558e-05,False
US2435371073,DECK,02901501,0.0005532897346424,USA,BBG000BKXYX5,,US,-0.10473128158015621,-0.10473128158015621,-5.79467429942431e-05,-5.79467429942431e-05,False
CA0084741085,AEM,00118601C,0.0010982971507015,CAN,BBG000CZ8PQ6,,CN,-0.046642310368823825,-0.05211340643446383,-5.1227116580214235e-05,-5.7236005800320834e-05,False
US1011371077,BSX,02527901,0.0006275239578484,USA,BBG000C0LW92,,US,-0.09089026915113874,-0.09089026915113874,-5.703582142762892e-05,-5.703582142762892e-05,False
CA29446Y5020,EQX,01835101C,0.0005862079433249,CAN,BBG000QSL9D2,,CN,-0.09157303370786507,-0.09678642591789433,-5.368083975390933e-05,-5.673697167909663e-05,False
US9553061055,WST,01137601,-0.0009089635518289,USA,BBG000BX24N8,,US,0.06127055788455338,0.06127055788455338,-5.569270391728185e-05,-5.569270391728185e-05,False
US1921085049,CDE,00315301,0.0006370313726543,USA,BBG000BF8TF5,,US,-0.08662175168431185,-0.08662175168431185,-5.518077337717711e-05,-5.518077337717711e-05,False
CA06849F1080,ABX,00205501C,0.0010535075436597,CAN,BBG000CZ62D3,,CN,-0.04619236139735361,-0.05166475976720397,-4.866400119156714e-05,-5.442921415611555e-05,False
US3032501047,FICO,01382401,0.0003933847210212,USA,BBG000DW76Y6,,US,-0.13586004306099142,-0.13586004306099142,-5.3445265137476326e-05,-5.3445265137476326e-05,False
DE000ZAL1111,ZAL,31843401W,0.0003899400828043,DEU,BBG001XVXHF2,,GR,-0.1296371789645332,-0.13578088537188782,-5.055073229994593e-05,-5.29464096851551e-05,False
KYG7800X1079,1928,29342501W,0.0005010676780902,MAC,BBG000PSNM15,,HK,-0.10462633451957304,-0.10534420138249623,-5.2424874504811005e-05,-5.278457438699382e-05,False
IE00BKVD2N49,STX,15093701,0.0009488667035812,SGP,BBG0113JGQF0,,US,-0.05456433037977748,-0.05456433037977748,-5.1774276300574985e-05,-5.1774276300574985e-05,False
US1475281036,CASY,00280701,0.0002385333566583,USA,BBG000BF0672,,US,-0.21697398332912354,-0.21697398332912354,-5.175553255101787e-05,-5.175553255101787e-05,False
GB00BL6K5J42,EDVM.F,10880401,0.0011948054876739,GBR,BBG011DVVG21,,LN,-0.03409848165331075,-0.04066225856779104,-4.074105300072348e-05,-4.8583489678011795e-05,False
CA0115321089,AGI,12345501C,0.0008700110632767,CAN,BBG009HT65R1,,CN,-0.050137849547065794,-0.05558956717118202,-4.3620483794849924e-05,-4.836353844169161e-05,False
US5178341070,LVS,16184401,0.000764678290263,USA,BBG000JWD753,,US,-0.06277105683633877,-0.06277105683633877,-4.799966441961313e-05,-4.799966441961313e-05,False
US21037T1097,CEG,04061401,0.0008163181803258,USA,BBG014KFRNP7,,US,-0.055464570367944166,-0.055464570367944166,-4.527673715531247e-05,-4.527673715531247e-05,False
GB0031274896,MKS,01886001W,0.0006787464396355,GBR,BBG000BDTRH9,,LN,-0.0600303951367781,-0.06641893118230069,-4.0745416969000374e-05,-4.5081613064381884e-05,False
AU000000EVN4,EVN,25335001W,0.0004639393572326,AUS,BBG000NF2249,,AU,-0.08964381720430115,-0.09447139409599481,-4.1589294933640164e-05,-4.382899785376348e-05,False
CA5503711080,LUG,06574401C,0.0005665086625125,CAN,BBG000BZYV49,,CN,-0.0706888866376254,-0.07602232764302508,-4.00458666235789e-05,-4.3067307154137194e-05,False
US69370C1009,PTC,01869901,0.0002656863281829,USA,BBG000C2VBB0,,US,-0.15782714781045337,-0.15782714781045337,-4.193251538933918e-05,-4.193251538933918e-05,False
US25809K1051,DASH,03742001,0.000269226031803,USA,BBG005D7QCJ3,,US,-0.1509450245965307,-0.1509450245965307,-4.0638329992530195e-05,-4.0638329992530195e-05,False
US5128073062,LRCX,00656501,0.0003767357984025,USA,BBG000BNFLM9,,US,-0.10700189060997045,-0.10700189060997045,-4.0311442689524186e-05,-4.0311442689524186e-05,False
CA8787422044,TECK.B,01038501C,0.0007158097457588,CAN,BBG000BCS9D6,,CN,-0.0486910551913724,-0.05415057018262437,-3.485353183726397e-05,-3.87615058751184e-05,False
US09857L1089,BKNG,11931401,0.0002826411520237,USA,BBG000BLBVN4,,US,-0.1370033653121704,-0.1370033653121704,-3.8722789002955655e-05,-3.8722789002955655e-05,False
US16119P1084,CHTR,12613603,0.0003376066885703,USA,BBG000VPGNR2,,US,-0.11440566780372607,-0.11440566780372607,-3.862411866088975e-05,-3.862411866088975e-05,False
US36118L1061,FUTU,03460390,0.0003812098267483,HKG,BBG00MYXW4R8,,US,-0.1008678565580482,-0.1008678565580482,-3.845181812296593e-05,-3.845181812296593e-05,False
NL0000009538,PHIA,00854601W,0.0006234883296467,NLD,BBG000JX4JW5,,,-0.05325185508511565,-0.059934885241343605,-3.3201910177606884e-05,-3.7368701486691975e-05,False
US5253271028,LDOS,16512301,0.0004755056952536,USA,BBG000C23PB0,,US,-0.07438556451037748,-0.07438556451037748,-3.5370759569338554e-05,-3.5370759569338554e-05,False
CH0244767585,UBSG,14449609W,0.0005024936182831,CHE,BBG007936GV2,,SW,-0.056910569105691144,-0.06946066340296009,-2.8597197788469147e-05,-3.490354008169792e-05,False
LR0008862868,RCL,02819101,0.0006272293937534,USA,BBG000BB5792,,US,-0.05514623799955354,-0.05514623799955354,-3.458934142824068e-05,-3.458934142824068e-05,False
FR0013258662,AYV,21517902W,0.000649539835357,FRA,BBG00GQ97277,,FP,-0.044096491228070245,-0.05084351577920432,-2.8642427652102144e-05,-3.3024888868195405e-05,False
FR0000125007,SGO,10181101W,0.0002803255456455,FRA,BBG000BCCNC3,,FP,-0.11057201225740543,-0.11685010849119748,-3.099615966917809e-05,-3.275607042153081e-05,False
US0079031078,AMD,00116101,-0.0003678786922125,USA,BBG000BBQCY0,,US,0.08875764785859963,0.08875764785859963,-3.2652047418079234e-05,-3.2652047418079234e-05,False
FI0009007884,ELISA,23408701W,-0.0004236627525156,FIN,BBG000F09217,,FH,0.08418657565415244,0.07653376625061781,-3.5666716366501025e-05,-3.242450607012227e-05,False
US5745991068,MAS,00708501,0.0005871679460804,USA,BBG000BNNKG9,,US,-0.053769968844600946,-0.053769968844600946,-3.1572002167291434e-05,-3.1572002167291434e-05,False
JP3830800003,5108,10036901W,0.0004015227083426,JPN,BBG000BG87J7,,JP,-0.10373944511459587,-0.07739258969334117,-4.165374296437104e-05,-3.107488221931794e-05,False
GB0031348658,BARC,01267301W,0.0006275451600173,GBR,BBG000C04CZ6,,LN,-0.042887345212926475,-0.049392026059213445,-2.691374591436313e-05,-3.0995726896907755e-05,False
IT0003128367,ENEL,20179401W,0.0004880850868863,ITA,BBG000BK4338,,IM,-0.055514276616070446,-0.06218168594292239,-2.7095690525584836e-05,-3.0349953586187895e-05,False
US58733R1023,MELI,17808101,0.0006020531905788,URY,BBG000GQPB11,,US,-0.04983472781737419,-0.04983472781737419,-3.000315688407621e-05,-3.000315688407621e-05,False
ES0177542018,IAG,01314501W,0.0005639439874096,GBR,BBG000C04FX1,,LN,-0.045641259698767644,-0.05212654945877471,-2.5739113984920104e-05,-2.9396454151685132e-05,False
DE000A1ML7J1,VNA,31568201W,0.0003512275838183,DEU,BBG000BT0ZM1,,GR,-0.07614345114345111,-0.08266479830308193,-2.6743680368701104e-05,-2.903415737481857e-05,False
US0865161014,BBY,00218401,-0.0001886983349477,USA,BBG000BCWCG1,,US,0.15346225826575166,0.15346225826575166,-2.895807261206125e-05,-2.895807261206125e-05,False
ES0167050915,ACS,22218601W,0.0003138431255818,ESP,BBG000BMW3R7,,SM,-0.08570029382957889,-0.0921540310786052,-2.6896448078753688e-05,-2.8921909148671795e-05,False
US8760301072,TPR,14054101,0.0007052711535741,USA,BBG000BY29C7,,US,-0.040549477267201595,-0.040549477267201595,-2.859837660906601e-05,-2.859837660906601e-05,False
SE0020050417,BOL,06489402W,0.000300175427672,SWE,BBG000C2VSX9,,SS,-0.07474318101310673,-0.09425889881954752,-2.243606632617502e-05,-2.829420526504945e-05,False
HK0016000132,16,01942101W,0.0004780411173232,HKG,BBG000BDZZY5,,HK,-0.05679862306368333,-0.057556354256048325,-2.7152077231782456e-05,-2.751430389761126e-05,False
US5951121038,MU,00734301,0.0008133001445826,USA,BBG000C5Z1S3,,US,-0.033565237345238086,-0.033565237345238086,-2.729861238583142e-05,-2.729861238583142e-05,False
AU000000WES1,WES,10160101W,0.0003622318391247,AUS,BBG000BFJYW3,,AU,-0.06976586102719029,-0.07469786674613854,-2.5271416147997368e-05,-2.7057945650145533e-05,False
US0231351067,AMZN,06476801,0.0005052071027227,USA,BBG000BVPV84,,US,-0.05316241290372248,-0.05316241290372248,-2.685802859683751e-05,-2.685802859683751e-05,False
DK0060252690,PNDORA,29552601W,0.0003891156200971,DNK,BBG000VGFVT3,,DC,-0.06069160197600565,-0.06743076775084533,-2.361605033757982e-05,-2.6238365006993714e-05,False
JP3381000003,5401,10015501W,-0.0005320311203669,JPN,BBG000BG9X54,,JP,0.01925948044192305,0.049222340892186356,-1.0246642957200718e-05,-2.6187817171951385e-05,False
CH0102484968,BAER,29285401W,0.0005647798657203,CHE,BBG000PJ8DQ5,,SW,-0.033501728263759634,-0.04636319662124688,-1.8921101590204145e-05,-2.6184999962111682e-05,False
US1220171060,BURL,01867501,0.0002334961686904,USA,BBG004S641N5,,US,-0.11183400061595317,-0.11183400061595317,-2.61128106731449e-05,-2.61128106731449e-05,False
DE000DTR0CK8,DTG,35159001W,0.0003481043590874,DEU,BBG012SQ7SX1,,GR,-0.06824034334763951,-0.07481728161444612,-2.3754760984934172e-05,-2.6044221865058284e-05,False
JP3256000005,4151,10051601W,0.0001956621018984,JPN,BBG000BG3926,,JP,-0.1558219178082192,-0.13100622678929053,-3.048844396019589e-05,-2.5632953695371063e-05,False
SE0000113250,SKA B,10098002W,0.0006427550767147,SWE,BBG000BCD988,,SS,-0.01872246696035229,-0.0394196870076009,-1.2033960687389672e-05,-2.533720394663998e-05,False
US89400J1079,TRU,02463801,0.0002072068801346,USA,BBG002Q7J5Z1,,US,-0.12071605229066074,-0.12071605229066074,-2.5013196577313044e-05,-2.5013196577313044e-05,False
US92537N1081,VRT,03617501,0.0003356727827948,USA,BBG00L2B8KW8,,US,-0.07439316635745208,-0.07439316635745208,-2.497176117212243e-05,-2.497176117212243e-05,False
US6516391066,NEM,00788101,0.0007758312837737,USA,BBG000BPWXK1,,US,-0.03218546723782323,-0.03218546723782323,-2.497049236597676e-05,-2.497049236597676e-05,False
FR0000131906,RNO,21047901W,0.0004359001536124,FRA,BBG000BKD7J2,,FP,-0.04878869448183043,-0.05550296995978654,-2.1266999419178336e-05,-2.4193753131415376e-05,False
US5398301094,LMT,00677401,0.0006590137826985,USA,BBG000C1BW00,,US,-0.03666233095165983,-0.03666233095165983,-2.4160981402997642e-05,-2.4160981402997642e-05,False
JP3914400001,6981,10022601W,-0.0002592035733197,JPN,BBG000BM4K18,,JP,0.061465721040189214,0.09266924280463007,-1.5932134530288913e-05,-2.402019887179101e-05,False
GB00B2QPKJ12,FRES,28879901W,0.0004010199691396,MEX,BBG000VJ1X09,,MM,-0.051490514905149,-0.059805573050577876,-2.0648724698244966e-05,-2.3983229059118834e-05,False
US81141R1005,SE,03254690,0.0002693879074664,SGP,BBG00HTBWMG5,,US,-0.08794501233697571,-0.08794501233697571,-2.3691322845564617e-05,-2.3691322845564617e-05,False
FR0000120578,SAN,10120401W,0.0006078591257355,FRA,BBG000BWBBF3,,FP,-0.032027079807316894,-0.03885972212540645,-1.9467952731536735e-05,-2.362123671747403e-05,False
CA5592224011,MG,00694601C,0.0009214791816058,CAN,BBG000CZX2P0,,CN,-0.019874821565828316,-0.025499691281318793,-1.831423431104078e-05,-2.3497434653110195e-05,False
JP3463000004,4502,10071801W,-0.0005314895657318,JPN,BBG000BJPPH4,,JP,0.014223764093668656,0.044038438421137416,-7.5597822012155234e-06,-2.340597051195694e-05,False
GB00B0744B38,BNZL,10009501W,0.000309595574914,GBR,BBG000BD7MQ4,,LN,-0.06876790830945556,-0.07509663900008723,-2.1290240108699133e-05,-2.324958712534112e-05,False
US4612021034,INTU,02792801,0.0001995321298357,USA,BBG000BH5DV1,,US,-0.11458391316448657,-0.11458391316448657,-2.286317223861891e-05,-2.286317223861891e-05,False
DE000ENER6Y0,ENR,34015301W,0.0004465072060045,DEU,BBG00XLWSW57,,GR,-0.04413619167717531,-0.05088334376827641,-1.9707127629454612e-05,-2.2719779658139587e-05,False
US45841N1072,IBKR,17670101,0.0002071519571083,USA,BBG000LV0836,,US,-0.10757529036899993,-0.10757529036899993,-2.2284431936431994e-05,-2.2284431936431994e-05,False
AU000000QAN2,QAN,22024401W,0.000425484546798,AUS,BBG000BLCWX0,,AU,-0.04698513800424631,-0.0520344299538229,-1.9991450149978225e-05,-2.2139845846794613e-05,False
US4456581077,JBHT,00578301,0.0002026707825445,USA,BBG000BMDBZ1,,US,-0.10826082043168728,-0.10826082043168728,-2.1941305195799655e-05,-2.1941305195799655e-05,False
HK0027032686,27,10711401W,0.0004075561692761,HKG,BBG000BG5KL8,,HK,-0.05270366671422455,-0.05345551822708128,-2.147970451285366e-05,-2.1786126235297986e-05,False
US2521311074,DXCM,16288701,0.0005316437713469,USA,BBG000QTF8K1,,US,-0.04085218537228197,-0.04085218537228197,-2.171880989908265e-05,-2.171880989908265e-05,False
US8725401090,TJX,01167201,0.0002589141095151,USA,BBG000BV8DN6,,US,-0.0826674632215667,-0.0826674632215667,-2.1403772625884225e-05,-2.1403772625884225e-05,False
JP3732000009,9434,22315002W,-0.0002621369651798,JPN,BBG00MJLWHH3,,JP,0.04934626739772252,0.08019719296355166,-1.2935480778589889e-05,-2.1022648779404243e-05,False
JP3118000003,7936,10084001W,0.000255037309747,JPN,BBG000BGSWW5,,JP,-0.10822222222222222,-0.08200704295321448,-2.760070441039756e-05,-2.0914855615094498e-05,False
DE0006070006,HOT,10005401W,0.0002452626761903,DEU,BBG000BC3V44,,GR,-0.07877041306436106,-0.0852730649052943,-1.931944231278056e-05,-2.0914300105621628e-05,False
US14040H1059,COF,03099001,0.0003924420894575,USA,BBG000BGKTF9,,US,-0.05277143256724626,-0.05277143256724626,-2.0709731260355686e-05,-2.0709731260355686e-05,False
CH0010570767,LISP,10189503W,0.0007037278082535,CHE,BBG000BC5L53,,SW,-0.0159908623643632,-0.029085381605458482,-1.1253214523756695e-05,-2.046819184942596e-05,False
GB00B0SWJX34,LSEG,24670601W,0.0002027918245598,GBR,BBG000BC8564,,LN,-0.09444444444444444,-0.10059885252764023,-1.9152561208425555e-05,-2.040062485270241e-05,False
US3453708600,F,00483901,0.0004749513434534,USA,BBG000BQPC32,,US,-0.042324246771879515,-0.042324246771879515,-2.0101957864957402e-05,-2.0101957864957402e-05,False
AU000000STO6,STO,10016501W,-0.0003001692610954,AUS,BBG000BQKQ90,,AU,0.07248280099760263,0.06679530773846643,-2.1757108817575304e-05,-2.004989816849532e-05,False
GB0033195214,KGF,10076001W,0.0003647165805143,GBR,BBG000BKH1G4,,LN,-0.04722662440570513,-0.05370037368997782,-1.722433296248196e-05,-1.9585416664548794e-05,False
US64125C1099,NBIX,06292101,0.0006515020887187,USA,BBG000GJS7C1,,US,-0.02940985522300854,-0.02940985522300854,-1.9160582106704635e-05,-1.9160582106704635e-05,False
DE0005140008,DBK,01557601W,0.0004889434875179,DEU,BBG000BBZTH2,,GR,-0.03189792663476876,-0.03873147148289535,-1.559628349339395e-05,-1.8937500743546944e-05,False
SE0000106270,HM B,10227601W,0.0002208072507337,SWE,BBG000BM9J25,,SS,-0.06429587482219068,-0.08403195699571142,-1.4196995353006045e-05,-1.855486539799555e-05,False
US5380341090,LYV,16574601,0.0003801391291532,USA,BBG000FQ7YR4,,US,-0.048696425593418136,-0.048696425593418136,-1.851141681795557e-05,-1.851141681795557e-05,False
FR0000124141,VIE,23861601W,0.0006233879841388,FRA,BBG000CSHJ86,,FP,-0.022699386503067576,-0.029597781123602007,-1.415052479333478e-05,-1.845090110962368e-05,False
JP3435000009,6758,00981801W,0.0003938048869761,JPN,BBG000C26F38,,JP,-0.07395418326693226,-0.046731450519477025,-2.9123518782844044e-05,-1.8403073590051858e-05,False
DK0062498333,NOVO B,00802002W,0.0002466146190653,DNK,BBG000F8TYC6,,DC,-0.06771545827633363,-0.07440419602333737,-1.6699621947650232e-05,-1.8349162459155253e-05,False
JP3218900003,9697,20109901W,-0.0003817756402939,JPN,BBG000BJ8Q27,,JP,0.017564402810304358,0.04747731758521945,-6.705661129283923e-06,-1.8125683320533993e-05,False
US8574771031,STT,01003501,0.0004021568181108,USA,BBG000BKFBD7,,US,-0.04430975023513428,-0.04430975023513428,-1.7819468165845877e-05,-1.7819468165845877e-05,False
JP3811000003,5803,10271701W,0.0001856935218795,JPN,BBG000BB8TW5,,JP,-0.12082122093023251,-0.09497652089098196,-2.2435718032316033e-05,-1.7636524660108346e-05,False
IT0005211237,IG,32281101W,0.0003213141805431,ITA,BBG00D7HHQ64,,IM,-0.04734805372183026,-0.05407330478999084,-1.5213601081940567e-05,-1.737451961785319e-05,False
US22160K1051,COST,02902801,0.0003246999036396,USA,BBG000F6H8W8,,US,-0.05313119113456011,-0.05313119113456011,-1.7251692641648838e-05,-1.7251692641648838e-05,False
US18915M1071,NET,03560401,-0.0002644412337334,USA,BBG001WMKHH5,,US,0.06404247648389094,0.06404247648389094,-1.6935471492742377e-05,-1.6935471492742377e-05,False
GB00B033F229,CNA,21342301W,0.0006511044696794,GBR,BBG000BPFPK7,,LN,-0.019305019305019266,-0.025969148860314206,-1.2569584356745148e-05,-1.6908628896720275e-05,False
US98138H1014,WDAY,01504401,0.0003440204675131,USA,BBG000VC0T95,,US,-0.04907571537097999,-0.04907571537097999,-1.6883050545464364e-05,-1.6883050545464364e-05,False
JP3967200001,4755,23625901W,0.0003231639549857,JPN,BBG000CGWW31,,JP,-0.07899484536082468,-0.05192068678853923,-2.552828665028788e-05,-1.677889448815812e-05,False
US5763231090,MTZ,00249701,0.0002807457554231,USA,BBG000DYXD23,,US,-0.05905413295520889,-0.05905413295520889,-1.6579197167366304e-05,-1.6579197167366304e-05,False
JP3224200000,7012,10028801W,0.0003496276362282,JPN,BBG000BM72Q8,,JP,-0.07458349476946924,-0.04737935531608717,-2.607645097788785e-05,-1.6565132005179558e-05,False
CA1130041058,BAM,04181701,0.0001338835898048,USA,BBG01BPHNXZ3,,US,-0.12271910004326703,-0.12271910004326703,-1.6430073651406978e-05,-1.6430073651406978e-05,False
IT0003856405,LDO,01626701W,0.000510893077208,ITA,BBG000BVVR77,,IM,-0.025135344160866158,-0.03201647983659972,-1.2841473325027045e-05,-1.6356997905088316e-05,False
US1717793095,CIEN,06435601,0.0001472905383925,USA,BBG000BP1152,,US,-0.11050156739811912,-0.11050156739811912,-1.627583535528409e-05,-1.627583535528409e-05,False
US37045V1008,GM,00507319,0.0007555294788043,USA,BBG000NDYB67,,US,-0.02151413345690445,-0.02151413345690445,-1.6254562037621173e-05,-1.6254562037621173e-05,False
US76954A1034,RIVN,03981101,0.000312352716884,USA,BBG00741Y1N2,,US,-0.05168119551681183,-0.05168119551681183,-1.6142761831489375e-05,-1.6142761831489375e-05,False
US8887871080,TOST,03952401,0.0001816870036523,USA,BBG00BTJVK94,,US,-0.08712232326195368,-0.08712232326195368,-1.5828993864691437e-05,-1.5828993864691437e-05,False
US04626A1034,ALAB,04509401,0.0001689706360961,USA,BBG00TDKHW99,,US,-0.09360899723887128,-0.09360899723887128,-1.581717180777015e-05,-1.581717180777015e-05,False
US0937121079,BE,03366801,-5.1125796182864615e-05,USA,BBG000N7KBZ3,,US,0.3088705768298592,0.3088705768298592,-1.5791254157887206e-05,-1.5791254157887206e-05,False
CH0009002962,BARN,22415901W,0.0007978018117886,CHE,BBG000C35LZ9,,SW,-0.00627802690582957,-0.01950180073120855,-5.008621239928409e-06,-1.5558571956498428e-05,False
FR0010220475,ALO,21839901W,0.0003560385472924,FRA,BBG000DQ77T3,,FP,-0.036369193154034196,-0.04317086555880667,-1.2948834696759035e-05,-1.537049225891303e-05,False
JP3188220002,4578,29628801W,0.0001815281812869,JPN,BBG000DZLC98,,JP,-0.10979591836734692,-0.08362695987652113,-1.9931053373949425e-05,-1.518064993293744e-05,False
US7611521078,RMD,03188701,0.0003066481474671,USA,BBG000L4M7F1,,US,-0.049354435651811746,-0.049354435651811746,-1.5134446261912267e-05,-1.5134446261912267e-05,False
GB0006731235,ABF,01740401W,0.0001361352655181,GBR,BBG000BD3RV1,,LN,-0.10380116959064323,-0.10989195735317847,-1.4130999783311544e-05,-1.4960170792578674e-05,False
US22788C1053,CRWD,03518201,-0.0003297203008607,USA,BBG00BLYKS03,,US,0.044848484848484915,0.044848484848484915,-1.4787455917388992e-05,-1.4787455917388992e-05,False
US1468691027,CVNA,03099901,0.0001333761050286,USA,BBG00GCTWDJ3,,US,-0.10971957527906329,-0.10971957527906329,-1.463396959611373e-05,-1.463396959611373e-05,False
DK0061539921,VWS,22509401W,0.0003395846855998,DNK,BBG000BJBJM7,,DC,-0.03507951356407857,-0.04200252211363964,-1.191246558465154e-05,-1.4263413266358963e-05,False
US11135F1012,AVGO,18071101,0.0001699683754687,USA,BBG00KHY5S69,,US,-0.08324782632175831,-0.08324782632175831,-1.4149497801209743e-05,-1.4149497801209743e-05,False
US8666741041,SUI,02935901,0.0002610504842257,USA,BBG000BLJWF3,,US,-0.053780266842365365,-0.053780266842365365,-1.4039364700986835e-05,-1.4039364700986835e-05,False
US3156161024,FFIV,12107701,-0.0003471913137416,USA,BBG000CXYSZ6,,US,0.040429346891656115,0.040429346891656115,-1.4036718061028957e-05,-1.4036718061028957e-05,False
US90353T1007,UBER,03507701,0.0002261856064658,USA,BBG002B04MT8,,US,-0.061863846662260524,-0.061863846662260524,-1.3992711675610654e-05,-1.3992711675610654e-05,False
IT0004776628,BMED,21295501W,0.0003113600719069,ITA,BBG000F0TLL1,,IM,-0.037837837837837895,-0.04462954684312803,-1.1781191909990828e-05,-1.3895858914248705e-05,False
JP3407400005,5802,01941301W,0.0002682771548191,JPN,BBG000BLBD45,,JP,-0.07856821251688428,-0.05148151529901002,-2.1078056513252117e-05,-1.3811314450194375e-05,False
NL0010273215,ASML,06121401W,0.0003029391116559,NLD,BBG000C1HSN8,,,-0.038297286127565666,-0.045085628520406096,-1.1601745838316564e-05,-1.365820025241973e-05,False
JP3343200006,8136,10136001W,0.0002879308569462,JPN,BBG000BGTVW6,,JP,-0.07423241352506804,-0.0470177764207359,-2.137380243945753e-05,-1.3537868656527325e-05,False
US2787681061,SATS,17920201,-0.0001665703694559,USA,BBG000TGLV00,,US,0.08121240166589527,0.08121240166589527,-1.3527579749889125e-05,-1.3527579749889125e-05,False
GB00BTK05J60,AAL,01550802W,0.0001501619044524,GBR,BBG000BWF7C1,,LN,-0.08339189505739053,-0.08962137552788618,-1.2522285777712444e-05,-1.3457716428911103e-05,False
SG1T56930848,F34,24611601W,0.0003770686141529,SGP,BBG000BM10N1,,SP,-0.03385416666666663,-0.035523567056112704,-1.2765343708301289e-05,-1.339482219961603e-05,False
US0846707026,BRKB,00217602,-0.0004166954491372,USA,BBG000DWG505,,US,0.03128782016943443,0.03128782016943443,-1.3037492278026425e-05,-1.3037492278026425e-05,False
AU0000224040,WDS,10071201W,-0.0002282538841754,AUS,BBG000B9XBS6,,AU,0.062214682294879475,0.0565832969715121,-1.420074288654473e-05,-1.2915357313197785e-05,False
US6323071042,NTRA,02417601,-0.0001771056315719,USA,BBG001J1BQ86,,US,0.07261771648652005,0.07261771648652005,-1.2861006541654308e-05,-1.2861006541654308e-05,False
NZCENE0001S6,CEN,22791601W,0.0004160697892874,NZL,BBG000BBY7F3,,NZ,-0.0034285714285713365,-0.030536016666891985,-1.426524991842476e-06,-1.2705114020270282e-05,False
US8835561023,TMO,01053001,-0.0002464941032846,USA,BBG000BVDLH9,,US,0.05153945875870991,0.05153945875870991,-1.2704172670501823e-05,-1.2704172670501823e-05,False
US21871X1090,CRBG,04108401,-0.0001612335316452,USA,BBG016HJ8729,,US,0.07867240319606639,0.07867240319606639,-1.2684629410316903e-05,-1.2684629410316903e-05,False
US67066G1040,NVDA,11776801,0.0004163823885865,USA,BBG000BBJQV0,,US,-0.030052993930609673,-0.030052993930609673,-1.2513537397002844e-05,-1.2513537397002844e-05,False
DE000HAG0005,HAG,34011501W,0.000122844699656,DEU,BBG00GQ6M668,,GR,-0.09547267182735164,-0.10185736927307099,-1.1728311695986867e-05,-1.251263793610069e-05,False
NO0003733800,ORK,10091303W,0.0002674710988621,NOR,BBG000BDCBX4,,NO,-0.04504976427448926,-0.045988689284183315,-1.2049509953976217e-05,-1.2300645258068195e-05,False
GB0004544929,IMB,21277301W,0.0005688440938821,GBR,BBG000HH0HR6,,LN,-0.01464186782746335,-0.021338575771749135,-8.328940037054863e-06,-1.213832279961517e-05,False
BE0974259880,DIE,10178301W,0.0002537602188365,BEL,BBG000BRPP68,,BB,-0.040850587576944486,-0.04762090791918272,-1.0366254043125041e-05,-1.2084292014764621e-05,False
IE00BYTBXV33,RYA,06483501W,0.0002697580964913,IRL,BBG000J9N1Z3,,ID,-0.037931034482758585,-0.044721914673204854,-1.0232203660014818e-05,-1.2064098573690082e-05,False
US46187W1071,INVH,03000401,0.000177524532622,USA,BBG00FQH6BS9,,US,-0.0662319835277968,-0.0662319835277968,-1.175780192040013e-05,-1.175780192040013e-05,False
US12504L1098,CBRE,26077401,0.0002353535043885,USA,BBG000C04224,,US,-0.04972224127288938,-0.04972224127288938,-1.1702303729625027e-05,-1.1702303729625027e-05,False
GB00BHJYC057,IHG,02006701W,0.0002048137271562,GBR,BBG000C2C436,,LN,-0.05594835536427911,-0.05594835536427911,-1.145899119041758e-05,-1.145899119041758e-05,False
US02209S1033,MO,00854301,-0.000285451711405,USA,BBG000BP6LJ8,,US,0.03993282710280366,0.03993282710280366,-1.1398893837735273e-05,-1.1398893837735273e-05,False
HK0388045442,388,24063701W,0.0002122591017372,HKG,BBG000BGW2Q3,,HK,-0.052570555032925737,-0.05333234521253638,-1.1158578789114855e-05,-1.1320275688351232e-05,False
CA9628791027,WPM,10586101C,0.0004780953195937,CAN,BBG000BJCC41,,CN,-0.017760543826894404,-0.02339758227305455,-8.491232877076996e-06,-1.1186274574555906e-05,False
IE00BFY8C754,STE,02531301,0.0001174168412545,USA,BBG00MRHG523,,US,-0.09497549862448407,-0.09497549862448407,-1.1151723045058028e-05,-1.1151723045058028e-05,False
US4932671088,KEY,00978301,0.0003385436014758,USA,BBG000BMQPL1,,US,-0.03191577973160564,-0.03191577973160564,-1.0804883014246116e-05,-1.0804883014246116e-05,False
GB00B63H8491,RR.,10049901W,0.0001658184869847,GBR,BBG000BTG0S5,,LN,-0.05855443732845389,-0.06495265111285331,-9.709408204044663e-06,-1.0770350333178425e-05,False
JP3258000003,2503,01872901W,0.0002507862091296,JPN,BBG000BFW551,,JP,-0.06974459724950888,-0.04239833732010512,-1.7490983151475057e-05,-1.0632918289907206e-05,False
JP3122400009,6857,10024501W,0.0001688861233839,JPN,BBG000BGN014,,JP,-0.08875037102997918,-0.06196271223185279,-1.4988706112135969e-05,-1.046464226318978e-05,False
JP3598600009,9602,10274401W,-0.0002744789262527,JPN,BBG000BNFT24,,JP,0.0082384755675744,0.037871872505159,-2.2612879277469244e-06,-1.0395030900395195e-05,False
JP3899600005,8802,01562501W,0.0004731530026121,JPN,BBG000BGXY46,,JP,-0.04980237154150202,-0.021869640515890465,-2.356414163206508e-05,-1.0347686076140809e-05,False
US0494681010,TEAM,02649401,0.0005132238371666,AUS,BBG01BGWHFR5,,US,-0.02003399083277535,-0.02003399083277535,-1.0281921648957453e-05,-1.0281921648957453e-05,False
KYG217651051,1,10108801W,0.000311065414406,HKG,BBG0087DLDN9,,HK,-0.03224113475177304,-0.033023310114021154,-1.0029101942479967e-05,-1.0272409645675841e-05,False
SG1M77906915,A17U,25607801W,0.0002021807529382,SGP,BBG000PFLVY9,,SP,-0.048979591836734726,-0.050623715726768936,-9.902730756156742e-06,-1.0235140962167541e-05,False
US79466L3024,CRM,15785501,0.0003760504695486,USA,BBG000BN2DC2,,US,-0.027180243845616348,-0.027180243845616348,-1.0221143460589473e-05,-1.0221143460589473e-05,False
US74624M1027,PSTG,02575601,-0.0002028900815696,USA,BBG00212PVZ5,,US,0.05013448090371164,0.05013448090371164,-1.017178892000361e-05,-1.017178892000361e-05,False
US11133T1034,BR,17692801,0.0001288237653229,USA,BBG000PPFKQ7,,US,-0.07825419453887483,-0.07825419453887483,-1.0080999992808574e-05,-1.0080999992808574e-05,False
DE000ENAG999,EOAN,10059001W,0.0005440636036511,DEU,BBG000BR7M47,,GR,-0.01154279279279291,-0.018519963609555767,-6.280013443044856e-06,-1.0076038140902146e-05,False
US2441991054,DE,00383501,-0.000448713427909,USA,BBG000BH1NH9,,US,0.022232062420790788,0.022232062420790788,-9.975824938319895e-06,-9.975824938319895e-06,False
NL0000687663,AER,17609201,0.0003860290155886,IRL,BBG000Q9FZL4,,US,-0.025558448677538648,-0.025558448677538648,-9.866302782961999e-06,-9.866302782961999e-06,False
US19247G1076,COHR,01456101,-0.0002255808673236,USA,BBG000BLW102,,US,0.043551812259295275,0.043551812259295275,-9.824455582966424e-06,-9.824455582966424e-06,False
CA2918434077,EMP.A,01431201C,0.0006725599299376,CAN,BBG000BYMXV1,,CN,-0.008564863171088288,-0.014254634862691407,-5.76038377427227e-06,-9.587096224537803e-06,False
US91324P1021,UNH,01090301,0.0003139542079121,USA,BBG000CH5208,,US,-0.03050769112246743,-0.03050769112246743,-9.578018001581266e-06,-9.578018001581266e-06,False
US75886F1075,REGN,02381201,0.0003106674432575,USA,BBG000C734W3,,US,-0.03062271612354206,-0.03062271612354206,-9.513480923701033e-06,-9.513480923701033e-06,False
DE0008430026,MUV2,01567701W,0.0004387265794954,DEU,BBG000BD9DM6,,GR,-0.014677481653147861,-0.021632533108253416,-6.43940132129205e-06,-9.490767256405014e-06,False
SE0000190126,INDU A,10303601W,0.0002889802359945,SWE,BBG000BGJZC0,,SS,-0.011959521619135272,-0.03279930328288849,-3.4560653798790357e-06,-9.478350403144297e-06,False
US92936U1097,WPC,06635401,0.000196559620661,USA,BBG000BCQM58,,US,-0.048170383076043266,-0.048170383076043266,-9.46835222452212e-06,-9.46835222452212e-06,False
US5184391044,EL,06156701,0.000144518640902,USA,BBG000FKJRC5,,US,-0.06549342425718474,-0.06549342425718474,-9.465020661666419e-06,-9.465020661666419e-06,False
SE0000107203,INDU C,10303603W,0.0002889802359945,SWE,BBG000BBMWP0,,SS,-0.011524163568773282,-0.03237327977928528,-3.330255507743323e-06,-9.355238030533836e-06,False
US6819191064,OMC,00406601,9.976100139032444e-05,USA,BBG000BS9489,,US,-0.09368216611447511,-0.09368216611447511,-9.345826703994757e-06,-9.345826703994757e-06,False
IT0001347308,BZU,10231703W,0.0001345602343956,ITA,BBG000BX1057,,IM,-0.06283487579152469,-0.0694499301878011,-8.455075614725975e-06,-9.345198884828573e-06,False
AU0000219529,TLC,35307001W,0.0002377278779841,AUS,BBG016GGNP01,,AU,-0.034063546132612976,-0.03918885702580921,-8.097854538719578e-06,-9.316283821367911e-06,False
PTJMT0AE0001,JMT,22110201W,0.000700082491501,PRT,BBG000BHWWK1,,PL,-0.006111111111111067,-0.01312683519363389,-4.27828189250608e-06,-9.189867487882226e-06,False
SE0000108847,LUND B,10156302W,0.0003350697295308,SWE,BBG000BCNNX8,,SS,-0.005947323704333041,-0.02691389845392056,-1.9927681450429875e-06,-9.018032675574578e-06,False
US1651677353,EXE,02778621,9.276707053963518e-05,USA,BBG00Z6DX554,,US,-0.09596577017114916,-0.09596577017114916,-8.902463370857411e-06,-8.902463370857411e-06,False
JP3294460005,1605,27119601W,-0.0001582868110578,JPN,BBG000DJ3642,,JP,0.026029820571139783,0.05619186782030128,-4.120177290612438e-06,-8.8944315646569e-06,False
DE000A1DAHH0,BNR,26983501W,0.0003120863729307,DEU,BBG000CVSV53,,GR,-0.02139208173690943,-0.028299730832777703,-6.676177198709133e-06,-8.83196035051669e-06,False
US9256521090,VICI,03258001,0.0002012207949571,USA,BBG00HVVB499,,US,-0.04366471734892774,-0.04366471734892774,-8.786249136528316e-06,-8.786249136528316e-06,False
US9418481035,WAT,06157401,-0.0008924951749569,USA,BBG000FQRVM3,,US,0.00967127318331995,0.00967127318331995,-8.631564651803114e-06,-8.631564651803114e-06,False
NL0000395903,WKL,10136102W,0.000407130696451,NLD,BBG000BCHRB0,,,-0.014167137210615577,-0.02112587145510847,-5.767876439274798e-06,-8.600990758652612e-06,False
US87165B1035,SYF,02068601,0.0003005613450683,USA,BBG00658F3P3,,US,-0.02854177477944997,-0.02854177477944997,-8.578554218347965e-06,-8.578554218347965e-06,False
US46284V1017,IRM,06237401,0.0004236063800875,USA,BBG000KCZPC3,,US,-0.020244473342002633,-0.020244473342002633,-8.575688069183629e-06,-8.575688069183629e-06,False
AU000000IAG3,IAG,23911601W,-0.0004566749025916,AUS,BBG000PBLS20,,AU,0.024198806667896866,0.01877453226717196,-1.1050987677894761e-05,-8.573857694313607e-06,False
US3696043013,GE,00504701,0.0001237867028526,USA,BBG000BK6MB5,,US,-0.06794554824104138,-0.06794554824104138,-8.410755390270787e-06,-8.410755390270787e-06,False
GB0009223206,SN.,10131701W,0.0003239681696632,GBR,BBG000BF21F2,,LN,-0.019294117647058795,-0.025959010113286052,-6.250679979384085e-06,-8.40989299266978e-06,False
GB0006776081,PSON,10057201W,0.0001931756309979,GBR,BBG000BDY849,,LN,-0.03688690717470611,-0.043432433678746385,-7.125651569034817e-06,-8.390087781666277e-06,False
US0970231058,BA,00228501,0.0002985945699706,USA,BBG000BCSST7,,US,-0.028010395610742145,-0.028010395610742145,-8.363752032095933e-06,-8.363752032095933e-06,False
FR0010259150,IPN,27472201W,0.0002408116722886,FRA,BBG000BWH908,,FP,-0.027590435315757222,-0.03445435865438973,-6.644098867557944e-06,-8.297011725194788e-06,False
US88579Y1010,MMM,00743501,0.0001550288430323,USA,BBG000BP52R2,,US,-0.053424808348640274,-0.053424808348640274,-8.282386227512064e-06,-8.282386227512064e-06,False
US87612E1064,TGT,00381301,0.0002144659940751,USA,BBG000H8TVT2,,US,-0.03853804077573342,-0.03853804077573342,-8.265099224674406e-06,-8.265099224674406e-06,False
US6792951054,OKTA,03073601,-9.331503773005891e-05,USA,BBG001YV1SM4,,US,0.08714748035136388,0.08714748035136388,-8.132170417067088e-06,-8.132170417067088e-06,False
US0640581007,BK,00201901,0.0001667261914792,USA,BBG000BD8PN9,,US,-0.04842509920634919,-0.04842509920634919,-8.07373236267703e-06,-8.07373236267703e-06,False
DE000TLX1005,TLX,26980901W,0.0003556156165468,DEU,BBG000CRQVF3,,GR,-0.01522435897435892,-0.02217558595603708,-5.414019803196455e-06,-7.885984672042686e-06,False
US0200021014,ALL,02834901,0.0006816332967753,USA,BBG000BVMGF2,,US,-0.011443139678615544,-0.011443139678615544,-7.80002502459496e-06,-7.80002502459496e-06,False
US92276F1003,VTR,11017901,0.0002371045386236,USA,BBG000FRVHB9,,US,-0.0324668202259516,-0.0324668202259516,-7.698030430249618e-06,-7.698030430249618e-06,False
US14149Y1082,CAH,00275101,0.0008682647262044,USA,BBG000D898T9,,US,-0.008865399369192839,-0.008865399369192839,-7.69751355598488e-06,-7.69751355598488e-06,False
FI0009013403,KNEBV,10102301W,0.0001359561567649,FIN,BBG000C3VY28,,FH,-0.04964001515725658,-0.05634830765236232,-6.748865682531988e-06,-7.660899348621385e-06,False
US3695501086,GD,00504601,0.0002492853451576,USA,BBG000BK67C7,,US,-0.030564157802612124,-0.030564157802612124,-7.6191966272755165e-06,-7.6191966272755165e-06,False
CA92938W2022,WSP,27784601C,0.0001845164158724,CAN,BBG000P4R174,,CN,-0.03548472775564415,-0.04101993108506086,-6.547514783679331e-06,-7.5688506631482764e-06,False
FR0000121329,HO,01355601W,0.0004082733734694,FRA,BBG000BCFRC1,,FP,-0.011489536315141491,-0.01846709234189048,-4.6908717509819954e-06,-7.539622088594548e-06,False
SE0000163594,SECU B,10498101W,0.0004545582556143,SWE,BBG000BFKBQ8,,SS,0.004605263157894557,-0.01658380013309857,2.093360387697352e-06,-7.538303259957482e-06,False
FR0000130452,FGR,22230701W,0.0003927303269531,FRA,BBG000BC1RY2,,FP,-0.011926605504587129,-0.018901120076319722,-4.6839396792571454e-06,-7.423043067352846e-06,False
US31620M1062,FIS,16599301,8.648554603953607e-05,USA,BBG000BK2F42,,US,-0.08572234486141772,-0.08572234486141772,-7.41374380312913e-06,-7.41374380312913e-06,False
AU000000FMG4,FMG,21242701W,0.0002055887832169,AUS,BBG000J47TP2,,AU,-0.03026553672316379,-0.03540610497376928,-6.222254868321646e-06,-7.279098040007058e-06,False
FR0000125486,DG,10229602W,0.0004211813419749,FRA,BBG000BDXB89,,FP,-0.010163499779054397,-0.017150493935320754,-4.28067647610373e-06,-7.22346805121078e-06,False
JP3629000005,7911,10072901W,0.0001242722525244,JPN,BBG000BCN8S7,,JP,-0.08482230512468092,-0.05791903694116707,-1.0541058922156055e-05,-7.197729184722766e-06,False
US92343E1029,VRSN,06636801,-0.0002034652860876,USA,BBG000BGKHZ3,,US,0.035312890245594586,0.035312890245594586,-7.184947316399922e-06,-7.184947316399922e-06,False
JP3499800005,8593,20162801W,-0.0002831866533383,JPN,BBG000BN2D69,,JP,-0.003945480631276865,0.025334594889323547,1.1173074557823788e-06,-7.174419140389134e-06,False
NL0011872643,ASRNL,01551203W,-0.0003658938678441,NLD,BBG00CWZ0HF6,,,0.0267558980598932,0.019503840145484785,-9.789819028776775e-06,-7.136335508644463e-06,False
US2566771059,DG,00401602,0.0002414097090716,USA,BBG000NV1KK7,,US,-0.029506903353057168,-0.029506903353057168,-7.12325295406535e-06,-7.12325295406535e-06,False
DE0008402215,HNR1,20482501W,0.0003390352948038,DEU,BBG000MDN4R3,,GR,-0.013975155279503215,-0.020935197774518577,-4.7380708901152546e-06,-7.0977709492597626e-06,False
CA8667961053,SLF,13328901C,-0.0002597091241793,CAN,BBG000LS68P3,,CN,0.03224593134978093,0.026322290113586888,-8.374562589197438e-06,-6.836138911793097e-06,False
JP3970300004,6098,31851001W,0.0002238592678038,JPN,BBG000F2BCY2,,JP,-0.05819379632171284,-0.03050786657431548,-1.3027220635302106e-05,-6.8294686735822875e-06,False
JP3621000003,3402,10072401W,-0.0005014790394956,JPN,BBG000BD5C60,,JP,-0.01553398058252431,0.01340568026789013,7.789965662067592e-06,-6.72266766452666e-06,False
SG1M31001969,U11,01567901W,0.0006632689223549,SGP,BBG000BFDVY3,,SP,-0.008421559191530315,-0.010134609119649363,-5.585758489514315e-06,-6.721971269277974e-06,False
FR0013280286,BIM,27057801W,0.0001591285740276,FRA,BBG000BMX6S8,,FP,-0.0346435709526981,-0.04145765847976235,-5.512782044926832e-06,-6.597098076407822e-06,False
US7181721090,PM,17962101,-0.0002777213520057,USA,BBG000J2XL74,,US,0.023545114789108368,0.023545114789108368,-6.538981112360578e-06,-6.538981112360578e-06,False
BE0003717312,SOF,02405601W,-0.0003651066038267,BEL,BBG000BS0RG8,,BB,0.025121555915721183,0.017885541629945267,-9.172045963231505e-06,-6.530129362110377e-06,False
ES0148396007,ITX,24566301W,6.738920063746769e-05,ESP,BBG000C1W6R5,,SM,-0.08999999999999997,-0.09642334509770178,-6.06502805737209e-06,-6.497892148924812e-06,False
GB0002875804,BATS,00193201W,-0.0007977470744328,GBR,BBG000BG9MW8,,LN,0.015015742310486857,0.008117468928389382,-1.1978764498627702e-05,-6.475687089421786e-06,False
JP3551500006,6902,01911201W,-0.0003648635745914,JPN,BBG000BGN9N1,,JP,-0.01136950904392764,0.017692703162818235,4.148319711116689e-06,-6.45542292017043e-06,False
JP3336560002,2587,31564801W,-0.0001962671740508,JPN,BBG004ML6D96,,JP,0.0033244680851063357,0.03281898578416098,-6.524839562858949e-07,-6.4412895950706545e-06,False
CA45075E1043,IAG,12947201C,-8.666723806883689e-05,CAN,BBG00K6988R4,,CN,0.0787238345636565,0.07253318379651175,-6.822777311820149e-06,-6.286250707982986e-06,False
US7475251036,QCOM,02480001,-6.961346291787207e-05,USA,BBG000CGC1X8,,US,0.09015016424214006,0.09015016424214006,-6.275665115510294e-06,-6.275665115510294e-06,False
US49177J1025,KVUE,04189701,0.0001117911306525,USA,BBG01C79X561,,US,-0.05561440677966101,-0.05561440677966101,-6.217197414466365e-06,-6.217197414466365e-06,False
US8807701029,TER,01045301,0.0002531190509178,USA,BBG000BV4DR6,,US,-0.02445702198210553,-0.02445702198210553,-6.190538192386323e-06,-6.190538192386323e-06,False
HK0000069689,1299,29573501W,-0.0003831543121706,HKG,BBG000QDY5F7,,HK,0.016865573770491915,0.01604317656129539,-6.462117317395343e-06,-6.147012280374628e-06,False
BE0003739530,UCB,10075101W,0.0001236024290207,BEL,BBG000BD8BK3,,BB,-0.04273107292150491,-0.0494881114416581,-5.281664407758666e-06,-6.116850781836037e-06,False
FI0009000202,KESKOB,10197101W,0.0003395383448181,FIN,BBG000BNP1C3,,FH,-0.010695187165775444,-0.01767839024418305,-3.63142614778718e-06,-6.002491362558359e-06,False
US21036P1084,STZ,00271002,0.0001018310333607,USA,BBG000J1QLT0,,US,-0.05810748736793758,-0.05810748736793758,-5.917145484670905e-06,-5.917145484670905e-06,False
GB0032089863,NXT,10014901W,8.266197167856027e-05,GBR,BBG000BDWPB5,,LN,-0.06516853932584266,-0.07152189933939113,-5.3869599520859466e-06,-5.912141217589588e-06,False
US0404132054,ANET,02074801,-0.0006131853774091,USA,BBG000N2HDY5,,US,0.009453727834840775,0.009453727834840775,-5.796887670329754e-06,-5.796887670329754e-06,False
US31620R3030,FNF,16526401,9.209684102568543e-05,USA,BBG006N7S6K9,,US,-0.06264800861141018,-0.06264800861141018,-5.769683689660815e-06,-5.769683689660815e-06,False
IE00BTN1Y115,MDT,00722801,-0.0002645557031293,IRL,BBG000BNWG87,,US,0.0215113072255928,0.0215113072255928,-5.690939008297095e-06,-5.690939008297095e-06,False
FR0000131104,BNP,01553204W,0.0004930249097659,FRA,BBG000BBXJ04,,FP,-0.004475578906402156,-0.011502725345736264,-2.2065718864790882e-06,-5.6711301256435525e-06,False
CA12532H1047,GIB.A,02186401C,0.0001043881266621,CAN,BBG000BYYC35,,CN,-0.048773476427750095,-0.054232625396735346,-5.091371835090926e-06,-5.661242169132631e-06,False
CH1243598427,SDZ,04336201W,0.000125061709691,CHE,BBG01J3DD3T3,,SW,-0.03239104829210837,-0.045267293838783695,-4.050879878094818e-06,-5.661205160563159e-06,False
SE0000112724,SCA B,01236807W,-0.0002106064885359,SWE,BBG000BCCFR4,,SS,0.04899387576552949,0.02686885077074952,-1.0318428134742296e-05,-5.658754311822666e-06,False
US7134481081,PEP,00847901,0.0001742890966638,USA,BBG000DH7JK6,,US,-0.03245689040900679,-0.03245689040900679,-5.656882109901747e-06,-5.656882109901747e-06,False
US1725731079,CRCL,05146101,3.5774708798203595e-05,USA,BBG01T61V2V3,,US,-0.15803244374672942,-0.15803244374672942,-5.653564655707736e-06,-5.653564655707736e-06,False
CA56501R1064,MFC,12404201C,-0.0001571507288191,CAN,BBG000C0QCK8,,CN,0.041333560129273694,0.0353574967412853,-6.4955990990034545e-06,-5.556456382111938e-06,False
HK0019000162,19,10056201W,0.0001140048298667,HKG,BBG000BF0280,,HK,-0.04787793427230047,-0.04864642467841496,-5.45831575108266e-06,-5.545927369085933e-06,False
US36266G1076,GEHC,04181801,5.08132594043685e-05,USA,BBG01BFR8YV1,,US,-0.1086620805840236,-0.1086620805840236,-5.521474488134385e-06,-5.521474488134385e-06,False
FR0000073272,SAF,10130501W,0.0001421008569128,FRA,BBG000BP01L5,,FP,-0.031750741839762564,-0.038585297460056234,-4.5118076230473525e-06,-5.483003833309277e-06,False
JP3475350009,4568,10033601W,-0.000206372672337,JPN,BBG000BWPLT1,,JP,-0.003160112359550604,0.02614367724901845,6.521608325256408e-07,-5.395340538595966e-06,False
JP3762600009,8604,01561301W,-0.0001857645580271,JPN,BBG000BGX3Z0,,JP,-0.0006114338122897855,0.028766807649799553,1.1358273190283684e-07,-5.343853308915613e-06,False
US4595061015,IFF,00607801,0.000237222406857,USA,BBG000BLSL58,,US,-0.02235607552415142,-0.02235607552415142,-5.303362043716068e-06,-5.303362043716068e-06,False
US8085131055,SCHW,01398801,0.0001236615481215,USA,BBG000BSLZY7,,US,-0.042433072300127495,-0.042433072300127495,-5.2473394121853045e-06,-5.2473394121853045e-06,False
US98978V1035,ZTS,01372101,9.818065456536531e-05,USA,BBG0039320N9,,US,-0.05317769130998695,-0.05317769130998695,-5.221020541089458e-06,-5.221020541089458e-06,False
GB0007099541,PRU,01578201W,0.0002082912968874,HKG,BBG000LF7PK7,,HK,-0.02423649906890135,-0.025020016158897262,-5.048251823071725e-06,-5.211451613880415e-06,False
IE00028FXN24,SW,28318401,0.0001042828562921,IRL,BBG01NK9ZXT4,,US,-0.049466950959488276,-0.049466950959488276,-5.158554938116674e-06,-5.158554938116674e-06,False
US5049221055,LH,01496001,0.0002097407065347,USA,BBG01MMT6PL7,,US,-0.02449945961706157,-0.02449945961706157,-5.138533969800844e-06,-5.138533969800844e-06,False
JP3946750001,7182,32060901W,0.0003306326386549,JPN,BBG000C2T2X9,,JP,-0.043171806167400906,-0.015044152336111005,-1.4274008188625646e-05,-4.974087783214659e-06,False
IE00BWT6H894,FLUT,24317401,0.0001888806461191,USA,BBG000P2GPN9,,US,-0.026152924735476146,-0.026152924735476146,-4.939781321940927e-06,-4.939781321940927e-06,False
US03076C1062,AMP,16470801,0.0002217937183895,USA,BBG000G3QLY3,,US,-0.022147493265354035,-0.022147493265354035,-4.912174884329281e-06,-4.912174884329281e-06,False
US5261071071,LII,12238001,8.600692834265639e-05,USA,BBG000BB5B84,,US,-0.05644992682416883,-0.05644992682416883,-4.855084811314485e-06,-4.855084811314485e-06,False
US9100471096,UAL,01079504,0.0003091522044963,USA,BBG000M65M61,,US,-0.015649597184924535,-0.015649597184924535,-4.83810746919851e-06,-4.83810746919851e-06,False
US6293775085,NRG,13599003,0.0001935874056913,USA,BBG000D8RG11,,US,-0.024881946966945234,-0.024881946966945234,-4.8168315618794385e-06,-4.8168315618794385e-06,False
JP3198900007,4661,21319301W,-0.0002230567770235,JPN,BBG000HPZ1T3,,JP,-0.007603305785123915,0.021569730798019826,1.6959688831538727e-06,-4.811274633070829e-06,False
JP3422950000,3382,27396101W,-0.0001472431935239,JPN,BBG000BNCSN6,,JP,0.002674576930558281,0.03219043255772425,-3.9381324858075144e-07,-4.7398220907150426e-06,False
BMG0450A1053,ACGL,06130201,0.0004216839151951,BMU,BBG000HXNN20,,US,-0.011216478025899757,-0.011216478025899757,-4.729808368661216e-06,-4.729808368661216e-06,False
KYG960071028,288,31747801W,5.1320962936564e-05,HKG,BBG004MMZ474,,HK,-0.09143627781523933,-0.09213920250327712,-4.692597824813266e-06,-4.72867259667525e-06,False
US74834L1008,DGX,06416601,-0.000165610525442,USA,BBG000BN84F3,,US,0.028214731585518127,0.028214731585518127,-4.672656523082651e-06,-4.672656523082651e-06,False
US6687711084,GEN,01585501,0.0004117565468793,USA,BBG000BH2JM1,,US,-0.011290322580645218,-0.011290322580645218,-4.648864238959862e-06,-4.648864238959862e-06,False
AT0000652011,EBS,21465902W,0.0001393632254172,AUT,BBG000BMV1Z3,,AV,-0.025556471558120353,-0.032434770063288765,-3.5616323066225874e-06,-4.520214171685163e-06,False
IT0000072618,ISP,01634803W,0.0003101280749256,ITA,BBG000BNSF20,,IM,-0.007512152010605289,-0.014517965506835484,-2.3297292415974936e-06,-4.5024286944711515e-06,False
FR0004125920,AMUN,32072301W,9.71738244164751e-05,FRA,BBG0032HMZN6,,FP,-0.03866525423728817,-0.04545099744238057,-3.7572506262726106e-06,-4.416647245019548e-06,False
US35671D8570,FCX,01459002,5.1444183681843794e-05,USA,BBG000BJDB15,,US,-0.0858199102191709,-0.0858199102191709,-4.4149352248743715e-06,-4.4149352248743715e-06,False
US1266501006,CVS,00724101,0.000188981480593,USA,BBG000BGRY34,,US,-0.023320200191672802,-0.023320200191672802,-4.407085959947489e-06,-4.407085959947489e-06,False
FR0000045072,ACA,02456302W,0.0003088797411979,FRA,BBG000DVJ5K2,,FP,-0.007021334053470052,-0.014030484153521705,-2.1687478452998318e-06,-4.333732314221021e-06,False
ES0109067019,AMS,29450801W,7.966347561808436e-05,ESP,BBG000QSDXN7,,SM,-0.04706286499484713,-0.053789231094282575,-3.7491913980342e-06,-4.285037099794885e-06,False
ES0113211835,BBVA,01518103W,0.0002205979455144,ESP,BBG000H90QG6,,SM,-0.012385137834598603,-0.019356303101898842,-2.7321359612251168e-06,-4.269960697032893e-06,False
DE0005552004,DHL,24145601W,0.0003399009652766,DEU,BBG000LW3MC0,,GR,-0.005370569280343629,-0.012391251015524851,-1.8254616824736543e-06,-4.211798181161547e-06,False
US98980G1022,ZS,03303701,-0.0002480948475953,USA,BBG003338H34,,US,0.016959949040528777,0.016959949040528777,-4.207675972434042e-06,-4.207675972434042e-06,False
US0530151036,ADP,00189101,0.0001056403670019,USA,BBG000JG0547,,US,-0.03927453173050055,-0.03927453173050055,-4.148975945837845e-06,-4.148975945837845e-06,False
JP3814800003,7270,01846601W,-0.000319149243337,JPN,BBG000BGR1H1,,JP,-0.01592953523238383,0.012998835317761914,5.0838991161253815e-06,-4.148568455925987e-06,False
JP3827200001,5801,02014501W,0.0001737143175188,JPN,BBG000BB67V6,,JP,-0.05174129353233836,-0.023865805242032412,-8.988203493510058e-06,-4.1458320696562595e-06,False
CH0466642201,HELN,01634902W,0.0002513236953357,CHE,BBG000GR9XT9,,SW,-0.002798507462686506,-0.01606859175333686,-7.033312369469063e-07,-4.038417858289374e-06,False
JP3900000005,7011,10001201W,0.0003722557050484,JPN,BBG000BGPH88,,JP,-0.03908459758292615,-0.010836806958418266,-1.4549464429765166e-05,-4.034063214779399e-06,False
NL0010773842,NN,26084001W,-0.0001917415281698,NLD,BBG0067S6N55,,,0.028277634961439535,0.021019412867367304,-5.42199694053418e-06,-4.030294344420964e-06,False
US7782961038,ROST,00924801,0.0002776293904686,USA,BBG000BSBZH7,,US,-0.014455675155333858,-0.014455675155333858,-4.013320282187424e-06,-4.013320282187424e-06,False
DE000SHL1006,SHL,32676501W,0.0001277129568068,DEU,BBG00JRNPKX0,,GR,-0.02434648898001035,-0.031233282145215258,-3.109362095501294e-06,-3.988894813546474e-06,False
US7591EP1005,RF,00467401,0.0001037825639756,USA,BBG000Q3JN03,,US,-0.03742971887550195,-0.03742971887550195,-3.884552193785504e-06,-3.884552193785504e-06,False
AU000000CPU5,CPU,22309601W,-0.0002780858587492,AUS,BBG000BKP120,,AU,0.019366197183098732,0.013962119960126307,-5.3854655743683494e-06,-3.8826681190710705e-06,False
US46120E6023,ISRG,13672501,-0.0002673256795269,USA,BBG000BJPDZ1,,US,0.014408533672982005,0.014408533672982005,-3.851771055116135e-06,-3.851771055116135e-06,False
FR0000121964,LI,01593601W,0.0001945222311055,FRA,BBG000BDX8X8,,FP,-0.012813667912440097,-0.019781797024078673,-2.4925432709728024e-06,-3.847999292399924e-06,False
NL0015435975,CPR,24693901W,-0.000139383219577,ITA,BBG000G00T43,,IM,0.03470790378006883,0.027405344404526577,-4.837699373634722e-06,-3.819845136719436e-06,False
BMG0112X1056,AGN,01559801W,-0.0002022180200424,NLD,BBG000JN9C93,,,0.026095166163142114,0.018856720564682794,-5.27691283418803e-06,-3.8131686970829614e-06,False
HK0066009694,66,24301101W,-0.0002679200199254,HKG,BBG000MKLHP2,,HK,0.014836523491162268,0.014027447085990463,-3.97500166937586e-06,-3.7582339027810586e-06,False
IE00BD1RP616,BIRG,06359001W,-5.665629781693403e-05,IRL,BBG00GD6SG64,,ID,0.07189886752699515,0.06433273014078056,-4.073523651309724e-06,-3.6448543182325115e-06,False
US6668071029,NOC,00798501,0.0002181164758607,USA,BBG000BQ2C28,,US,-0.016528026264824747,-0.016528026264824747,-3.6050348418166624e-06,-3.6050348418166624e-06,False
US98956P1021,ZBH,14455901,0.0001089541582477,USA,BBG000BKPL53,,US,-0.032586965213914465,-0.032586965213914465,-3.550485364729132e-06,-3.550485364729132e-06,False
US78410G1040,SBAC,12138201,6.890437136733569e-05,USA,BBG000D2M0Z7,,US,-0.05082779711061891,-0.05082779711061891,-3.5022574078936774e-06,-3.5022574078936774e-06,False
AU000000MQG1,MQG,21285601W,7.083260461313089e-05,AUS,BBG000GYHHY4,,AU,-0.04297857057344667,-0.04805211094731732,-3.0442840962664903e-06,-3.4036561755576256e-06,False
US5738741041,MRVL,13731001,-3.977151266052212e-05,USA,BBG00ZXBJ153,,US,0.08527827648114905,0.08527827648114905,-3.3916460527375256e-06,-3.3916460527375256e-06,False
ES0125220311,ANA,10271201W,0.0001525759963165,ESP,BBG000BMJCK9,,SM,-0.015267175572518998,-0.022218072422161006,-2.3294045239160175e-06,-3.3899445360433682e-06,False
FI0009005961,STERV,10102005W,-0.0001285131920369,FIN,BBG000G1VQF1,,FH,0.03358024691358019,0.026285026368344067,-4.315504720251449e-06,-3.377972641369981e-06,False
CH0025238863,KNIN,21144701W,0.0005220148043642,CHE,BBG000HXJ2N8,,SW,0.006950880444856367,-0.006448934044888888,3.62846249558064e-06,-3.366439043800302e-06,False
GB00BKFB1C65,MNG,33375401W,0.0001198260118433,GBR,BBG00K9ZPS36,,LN,-0.02110541310541314,-0.027757608665913258,-2.528977480726974e-06,-3.326083544743409e-06,False
NL0012059018,EXO,01633102W,0.0001055946754116,NLD,BBG0192TYHP1,,,-0.024606971975393188,-0.03149201749716035,-2.5983652186039813e-06,-3.325389365669075e-06,False
GB00B39J2M42,UU.,10270403W,6.010847641747313e-05,GBR,BBG000BBFLJ9,,LN,-0.048218029350104774,-0.054686665169618065,-2.8983122800878e-06,-3.2871321236982364e-06,False
US5024311095,LHX,00549201,6.0942479745912376e-05,USA,BBG000BLGFJ9,,US,-0.053663098591549274,-0.053663098591549274,-3.2703622990183906e-06,-3.2703622990183906e-06,False
NL0000235190,AIR,22083302W,0.0002744578205852,NLD,BBG000CSHL18,,FP,-0.004867166903265052,-0.011891484670675467,-1.335832020694543e-06,-3.2637109662359033e-06,False
JP3566800003,9022,21290101W,0.0001888934988762,JPN,BBG000JD6QG9,,JP,-0.04527162977867205,-0.017205760688840832,-8.551516548721331e-06,-3.250056337341722e-06,False
US7595091023,RS,03067101,-0.0001200536731818,USA,BBG000CJ2181,,US,0.02668923317276395,0.02668923317276395,-3.2041404767958584e-06,-3.2041404767958584e-06,False
CA3518581051,FNV,17899701C,0.0003600930128349,CAN,BBG000TRN6Z1,,CN,-0.0031761704928823242,-0.00889687379241999,-1.1437168020593053e-06,-3.203702088724377e-06,False
SE0000115446,VOLV B,01121704W,5.426312120248324e-05,SWE,BBG000BCH216,,SS,-0.03812824956672445,-0.05841625075499901,-2.068957827477698e-06,-3.1698480949131645e-06,False
CA59162N1096,MRU,02189401C,-8.398651048010921e-05,CAN,BBG000BZNSD8,,CN,0.04311860940695289,0.03713226789891877,-3.6213815408447846e-06,-3.118609607042764e-06,False
CA8029121057,SAP,06561301C,0.0001680746513139,CAN,BBG000BHGZT3,,CN,-0.012744712247909296,-0.01841034734536351,-2.1420630671633454e-06,-3.0943127106397563e-06,False
JP3818000006,6702,01846701W,-6.495501967305048e-05,JPN,BBG000BGJWM6,,JP,0.016800206771775628,0.04669061247534523,-1.0912577613720019e-06,-3.0327896518828254e-06,False
IE000IVNQZ81,TEL,17726702,0.0002031658699876,IRL,BBG01Q08MMR1,,US,-0.014859926918392219,-0.014859926918392219,-3.019029980327311e-06,-3.019029980327311e-06,False
ES0116870314,NTGY,22058601W,0.0009767893025281,ESP,BBG000BWYKD0,,SM,0.004073319755600657,-0.0030139949882653783,3.978775163047097e-06,-2.9440380624109278e-06,False
GB0005405286,HSBA,01550902W,0.0001455648553907,GBR,BBG000BS1MT4,,LN,-0.013478147081915859,-0.020182745729206752,-1.961944530913667e-06,-2.937898463459249e-06,False
IT0004810054,UNI,01586202W,0.0004370596552736,ITA,BBG000BGHJ38,,IM,0.0003543586109142627,-0.0067067949804732185,1.5487585232941938e-07,-2.9312695021563355e-06,False
US1713401024,CHD,00302601,6.758637252480134e-05,USA,BBG000BFJT36,,US,-0.04279414712367202,-0.04279414712367202,-2.8923011693816533e-06,-2.8923011693816533e-06,False
IL0010823792,TSEM,03125501W,-0.0003396037646875,ISR,BBG000N5KN81,,IT,0.020908199934661864,0.008199491534697678,-7.100503410650111e-06,-2.7845781937066186e-06,False
US4576693075,INSM,13618601,-0.0004454318711649,USA,BBG000BWM5P3,,US,0.00623871285503208,0.00623871285503208,-2.7789215406774552e-06,-2.7789215406774552e-06,False
SE0021921269,SAAB B,22250501W,3.729349678087565e-05,SWE,BBG000BP5GK8,,SS,-0.054352978353610304,-0.07429867503354948,-2.0270126232613698e-06,-2.7708573981870035e-06,False
CH0024638196,SCHP,10134303W,5.667239324027374e-05,CHE,BBG000BC8JQ2,,SW,-0.03574144486692021,-0.048573127503537816,-2.0255532184736655e-06,-2.752755382790451e-06,False
US74762E1029,PWR,06644601,-0.0001333262915508,USA,BBG000BBL8V7,,US,0.02007939514734214,0.02007939514734214,-2.677111291578257e-06,-2.677111291578257e-06,False
JP3726800000,2914,22352801W,-0.0004990812143109,JPN,BBG000DFT722,,JP,-0.023359769286229293,0.00535014359687791,1.1658422021393782e-05,-2.670156163067514e-06,False
US12503M1080,CBOE,18450001,2.6398041053381523e-05,USA,BBG000QH56C1,,US,-0.09916727562612104,-0.09916727562612104,-2.6178218131303444e-06,-2.6178218131303444e-06,False
AU0000030678,COL,32949801W,0.0002938284221829,AUS,BBG00MK2SRM0,,AU,-0.003618968386023269,-0.008901529549607878,-1.0633557707950134e-06,-2.6155223825757434e-06,False
US86800U3023,SMCI,17656701,0.0002255753632433,USA,BBG000MYZDJ3,,US,-0.011534334763948495,-0.011534334763948495,-2.6018617541475044e-06,-2.6018617541475044e-06,False
KYG9593A1040,1997,32596601W,9.072161466822666e-05,HKG,BBG00HMNRY94,,HK,-0.02785033200113296,-0.02864853131259315,-2.5266270881889664e-06,-2.5990410185517017e-06,False
AU000000WOW2,WOW,10089402W,8.568377498156992e-05,AUS,BBG000BF9Z06,,AU,-0.025093029025055946,-0.030261426078096676,-2.1500654525888967e-06,-2.5929132226970476e-06,False
JP3897700005,4188,01904502W,-0.0001082677234579,JPN,BBG000C02Z05,,JP,-0.005804311774461057,0.023421042527020486,6.284196220607826e-07,-2.5357429554111695e-06,False
US5324571083,LLY,00673001,0.0001536839075459,USA,BBG000BNBDC2,,US,-0.016347808045092727,-0.016347808045092727,-2.512395020180151e-06,-2.512395020180151e-06,False
US02043Q1076,ALNY,26426501,0.0004521734274142,USA,BBG000BFGNJ5,,US,-0.005525780049025597,-0.005525780049025597,-2.4986109039049102e-06,-2.4986109039049102e-06,False
HK0006000050,6,01659001W,-0.0002250064141919,HKG,BBG000BDWN57,,HK,0.011910299003322189,0.011102951325140387,-2.6798936706908863e-06,-2.498235264617043e-06,False
US1667641005,CVX,00299101,-9.501898363365856e-05,USA,BBG000K4ND22,,US,0.02619578926942867,0.02619578926942867,-2.4890972718626115e-06,-2.4890972718626115e-06,False
FR0000120628,CS,06312001W,-0.000134197917824,FRA,BBG000BC7ZT4,,FP,0.025754060324826078,0.01851355132599286,-3.456141271105349e-06,-2.4844800394759963e-06,False
IT0000072170,FBK,31791101W,6.296292005154816e-05,ITA,BBG002004KQ7,,IM,-0.03246205733558172,-0.03929158295688129,-2.043905920729004e-06,-2.4739127964128887e-06,False
US20030N1019,CMCSA,00322601,2.2517074384792103e-05,USA,BBG000BFT2L4,,US,-0.10856498873027798,-0.10856498873027798,-2.4445659268237854e-06,-2.4445659268237854e-06,False
AU000000VCX7,VCX,27340701W,3.965757090180935e-05,AUS,BBG000HH1RP5,,AU,-0.05624583545643391,-0.06122794929842412,-2.2305732075450303e-06,-2.4281517404746427e-06,False
US90138F1021,TWLO,02736401,-0.0001751813738477,USA,BBG0029ZX840,,US,0.013792810762636387,0.013792810762636387,-2.4162435386199854e-06,-2.4162435386199854e-06,False
BE0003797140,GBLB,02140803W,-0.000476920250798,BEL,BBG000BSDBR7,,BB,0.012186865267433955,0.005042222111877326,-5.812162839786038e-06,-2.4047378341757554e-06,False
CA96467A2002,WCP,18523001C,-9.29072167758042e-05,CAN,BBG000DSZHQ9,,CN,0.0317355500310752,0.02581598859254175,-2.9484616262364833e-06,-2.3984916484489645e-06,False
NL0000009082,KPN,06144001W,-0.0001871442774763,NLD,BBG000BBDWM3,,,0.019845111326234344,0.012647547779856438,-3.713899020584864e-06,-2.3669161911082154e-06,False
JP3893600001,8031,00747101W,-3.6502862651580056e-05,JPN,BBG000BTXPK9,,JP,0.032940706727889735,0.06330551286477504,-1.2024300933341381e-06,-2.3108324411907173e-06,False
FI0009000681,NOKIA,02367102W,-0.0004417843466135,FIN,BBG000BBWYN7,,FH,0.012373968835930338,0.005228161257362363,-5.466625737197296e-06,-2.3097198050738463e-06,False
CA8911021050,TIH,01502001C,-0.0001743092135735,CAN,BBG000BCT053,,CN,0.019047737940677267,0.013199598332675144,-3.3201962207935727e-06,-2.300811604854686e-06,False
JP3902400005,6503,01904301W,4.6170382722449605e-05,JPN,BBG000BGHX91,,JP,-0.07609668755595345,-0.048936991439893385,-3.513413188369039e-06,-2.259439624065118e-06,False
JP3242800005,7751,00272101W,0.0001108558803117,JPN,BBG000BBZM32,,JP,-0.04834224598930481,-0.02036663216894996,-5.359022235389133e-06,-2.2577609380735358e-06,False
US0605051046,BAC,00764701,3.696268147195658e-05,USA,BBG000BCTLF6,,US,-0.06045205037132706,-0.06045205037132706,-2.2344698822020366e-06,-2.2344698822020366e-06,False
DE0008232125,LHA,10010301W,4.8834473315433146e-05,DEU,BBG000BC6K90,,GR,-0.037894201424211627,-0.044685576551538375,-1.8505433682603113e-06,-2.182196595690846e-06,False
US7445731067,PEG,00881001,6.921335202805656e-05,USA,BBG000BQZMH4,,US,-0.031234147006682145,-0.031234147006682145,-2.1618200120695604e-06,-2.1618200120695604e-06,False
DE000KBX1006,KBX,32874501W,8.317968522832169e-05,DEU,BBG000FMSMX9,,GR,-0.01904761904761909,-0.025971872092212966,-1.5843749567299404e-06,-2.1603321454205073e-06,False
GB0002634946,BA.,06347701W,0.0001524857927364,GBR,BBG000BD5T18,,LN,-0.007338551859099818,-0.014085117871109998,-1.1190248977720176e-06,-2.1477803643618427e-06,False
US4592001014,IBM,00606601,-0.0001359859789019,USA,BBG000BLNNH6,,US,0.015478684739385073,0.015478684739385073,-2.1048840963991802e-06,-2.1048840963991802e-06,False
DK0060738599,DEMANT,20454401W,-7.229626026772634e-05,DNK,BBG000J93ZS8,,DC,0.03603603603603589,0.028602751625508516,-2.6052706402784164e-06,-2.0678719758908964e-06,False
HK0002007356,2,10066501W,0.0002569258040439,HKG,BBG000BDV4B3,,HK,-0.007153748411690031,-0.00794616765238465,-1.8379825626012338e-06,-2.0415755131565555e-06,False
DE0007664039,VOW3,10073702W,-0.0002352387127115,DEU,BBG000BFCPY7,,GR,0.01578266494178515,0.008612528746013037,-3.71269378406246e-06,-2.0260001754028964e-06,False
SG9999000020,FLEX,03017001,0.0001638723321868,USA,BBG000BP5YT0,,US,-0.012356979405034219,-0.012356979405034219,-2.024967033887214e-06,-2.024967033887214e-06,False
JP3266400005,6326,00650601W,0.0003157539224996,JPN,BBG000BGGYY2,,JP,-0.034782608695652195,-0.006408437858191007,-1.0982745130420875e-05,-2.023489390818746e-06,False
JP3854600008,7267,00569101W,-0.0001438515474735,JPN,BBG000C27673,,JP,-0.014912280701754432,0.014046234354164522,2.145154655306586e-06,-2.0205725480220044e-06,False
IT0000066123,BPE,20064701W,0.000628653354959,ITA,BBG000BJ5F24,,IM,0.003928721762312293,-0.0031578241752002745,2.469804116578058e-06,-1.9851767621102895e-06,False
CA0636711016,BMO,01558001C,-0.0001162815083623,CAN,BBG000BXSQ97,,CN,0.02285811039620711,0.016988004446887084,-2.657975555182934e-06,-1.97539078114949e-06,False
IE0004906560,KRZ,10080103W,-0.0008211032157861,IRL,BBG000BGY1M7,,ID,0.00952380952380949,0.002397861098472287,-7.820030626534259e-06,-1.968891458963985e-06,False
US4824801009,KLAC,00630401,4.155866309886808e-05,USA,BBG000BMTFR4,,US,-0.04611000284981459,-0.04611000284981459,-1.9162700739232917e-06,-1.9162700739232917e-06,False
JP3756100008,9843,22181201W,-4.740733622976233e-05,JPN,BBG000BC0KD1,,JP,0.01049868766404205,0.04020393772481179,-4.977148160604995e-07,-1.9059615934805785e-06,False
US89832Q1094,TFC,01185601,8.221567756376541e-05,USA,BBG000BYYLS8,,US,-0.022993142396127486,-0.022993142396127486,-1.890396781417762e-06,-1.890396781417762e-06,False
US35137L1052,FOXA,03463601,0.0001394691582109,USA,BBG00JHNJW99,,US,-0.013449146250927968,-0.013449146250927968,-1.8757411062722054e-06,-1.8757411062722054e-06,False
GB0009895292,AZN,02827201W,-0.0002674302008201,GBR,BBG000C0YGB0,,LN,0.013868003341687585,0.006977503841848254,-3.7087229186413285e-06,-1.8659952536484978e-06,False
AU000000BXB1,BXB,10046101W,8.306663008548672e-05,AUS,BBG000Q8XH27,,AU,-0.017253700867789767,-0.02246172405713953,-1.433206787590334e-06,-1.8658197233366874e-06,False
JP3362700001,9104,10057401W,-3.683707046105407e-05,JPN,BBG000BKGQW2,,JP,0.02041107622038263,0.05040768998467238,-7.518842529161802e-07,-1.856871627744346e-06,False
JP3305990008,7186,01557901W,0.0002977306876717,JPN,BBG00B0HC6V6,,JP,-0.034350166623942524,-0.005963949419814485,-1.0227098730583885e-05,-1.7756507620006028e-06,False
IE00BY7QL619,JCI,00626801,-0.0001070587263157,IRL,BBG000BVWLJ6,,US,0.0161313657407407,0.0161313657407407,-1.7270034699364177e-06,-1.7270034699364177e-06,False
GB00BGXQNP29,PHNX,28815303W,0.0004753669589419,GBR,BBG00MH6HCQ6,,LN,0.0031914893617022155,-0.003626781759684672,1.5171285923678078e-06,-1.7240522158472554e-06,False
US5404241086,L,00678101,-0.0003635694235778,USA,BBG000C45984,,US,0.004617231507987762,0.004617231507987762,-1.678684197884367e-06,-1.678684197884367e-06,False
US7433151039,PGR,01334101,0.0003314500912574,USA,BBG000BR37X2,,US,-0.004998165810711663,-0.004998165810711663,-1.6566425140799976e-06,-1.6566425140799976e-06,False
BE0974293251,ABI,24163701W,-0.0004147798087068,BEL,BBG00DQ4YZ36,,BB,0.011130638547158789,0.0039933999723653635,-4.6167641273750564e-06,-1.6563816766274457e-06,False
CA25675T1075,DOL,18368301C,0.0001896883468418,CAN,BBG000P87B57,,CN,-0.0029131204660992616,-0.008635285975416851,-5.525850053653828e-07,-1.6380131211830028e-06,False
US87612G1013,TRGP,18553201,5.391559438491725e-05,USA,BBG0015XMW40,,US,-0.03024008172995063,-0.03024008172995063,-1.6304119807187648e-06,-1.6304119807187648e-06,False
NO0010208051,YAR,26435101W,0.0002780643775271,NOR,BBG000KDG6T6,,NO,-0.004824561403508731,-0.005803555971319652,-1.3415386635079273e-06,-1.613762178608683e-06,False
CA3039011026,FFH,01642801C,-9.116918462451498e-05,CAN,BBG000BYQVJ5,,CN,0.02323626113468724,0.01736402859991859,-2.1184309813717432e-06,-1.5830643292513365e-06,False
CA1363851017,CNQ,01505501C,-0.0001346795114884,CAN,BBG0014LGC02,,CN,0.01758382501079292,0.01174340194055934,-2.3681809625511e-06,-1.5815956365664604e-06,False
HK2388011192,2388,03164801W,9.569475656108609e-05,HKG,BBG000F6F0Z4,,HK,-0.01565464895635682,-0.01644172217148543,-1.4980678209278264e-06,-1.5733866006453099e-06,False
CH0130293662,BKW,10289002W,5.804491492717733e-05,CHE,BBG0025BSRJ5,,SW,-0.013578274760383424,-0.026704877570932983,-7.88149803324295e-07,-1.550082346745491e-06,False
US0236081024,AEE,01086001,7.184371690233618e-05,USA,BBG000B9X8C0,,US,-0.02118573719460437,-0.02118573719460437,-1.5220621053764503e-06,-1.5220621053764503e-06,False
US6092071058,MDLZ,14295301,-0.0003212956062585,USA,BBG000D4LWF6,,US,0.004672144353149665,0.004672144353149665,-1.501139452472449e-06,-1.501139452472449e-06,False
US25179M1036,DVN,01493401,-0.0003131705304964,USA,BBG000BBVJZ8,,US,0.0047825190682333485,0.0047825190682333485,-1.4977440337077863e-06,-1.4977440337077863e-06,False
SG1S04926220,O39,01575301W,0.000119149532162,SGP,BBG000BFDMS0,,SP,-0.010786802030456899,-0.01249560368999647,-1.285242415453051e-06,-1.4888453337448402e-06,False
NZMELE0002S7,MEL,27004501W,6.916485531649748e-05,NZL,BBG005GS6PW2,,NZ,0.006907775768535185,-0.02048753364434308,4.777753115895432e-07,-1.4170173003028636e-06,False
CA13321L1085,CCO,02437001C,1.827559817051899e-05,CAN,BBG000BXYMJ8,,CN,-0.07031135798859811,-0.07564680927750822,-1.2849821254231294e-06,-1.3824906892376282e-06,False
CH0011075394,ZURN,22042601W,-0.0003101420458739,CHE,BBG000DM6PM0,,SW,0.017887276409044972,0.0043419269705518015,-5.547596500613155e-06,-1.3466141136820007e-06,False
US35137L2043,FOX,03463602,0.000101816290092,USA,BBG00JHNKJY8,,US,-0.013042178678179916,-0.013042178678179916,-1.3279062477292635e-06,-1.3279062477292635e-06,False
US2473617023,DAL,00385103,0.0007935483734924,USA,BBG000R7Z112,,US,-0.0016666666666665941,-0.0016666666666665941,-1.3225806224872759e-06,-1.3225806224872759e-06,False
ES0178430E18,TEF,01368301W,-0.0001602126283882,ESP,BBG000C20331,,SM,0.015338263489454995,0.008169530128236957,-2.457383508556349e-06,-1.3088618945414314e-06,False
IL0007670123,PHOE,22489301W,0.0004100048773947,ISR,BBG000G2KGR0,,IT,0.009401970181043717,-0.0031634321008732202,3.854853631347455e-06,-1.297022590664983e-06,False
US7427181091,PG,00876201,-9.814275367442282e-05,USA,BBG000BR2TH3,,US,0.013092613009922927,0.013092613009922927,-1.2849450935874093e-06,-1.2849450935874093e-06,False
FR0010208488,ENGI,22094203W,4.470964905860377e-05,FRA,BBG000BJNP59,,FP,-0.021544715447154528,-0.02845143541389794,-9.632566667097584e-07,-1.272053692568908e-06,False
SE0015811963,IVSB.F,01569902,2.690503882230384e-05,SWE,BBG000BG97J6,,SS,-0.02602275478092475,-0.04656589632522157,-7.001432276440732e-07,-1.252857248425462e-06,False
SE0015988019,NIBE B,23424601W,5.33557830901691e-05,SWE,BBG000BWPKS4,,SS,-0.0018713450292396905,-0.022923251878184447,-9.984707946697907e-08,-1.2230880549337207e-06,False
JP3511800009,8331,01574801W,0.0003314370559831,JPN,BBG000BHLL18,,JP,-0.032092198581560316,-0.00363866566404214,-1.0636543817897368e-05,-1.2059886353969185e-06,False
NL0009538784,NXPI,18472501,5.733191284881152e-05,NLD,BBG000BND699,,US,-0.020681980056979965,-0.020681980056979965,-1.1857374781676333e-06,-1.1857374781676333e-06,False
NO0013536151,KOG,21178701W,0.0003695926749932,NOR,BBG000BL6J84,,NO,-0.002204724409448744,-0.003186126519942434,-8.148499921109644e-07,-1.1775690233722993e-06,False
US5949181045,MSFT,01214101,3.452951752156283e-05,USA,BBG000BPH459,,US,-0.03349169114313311,-0.03349169114313311,-1.1564519361535853e-06,-1.1564519361535853e-06,False
ES0113900J37,SAN,01414001W,0.0002258621718667,ESP,BBG000K65GY5,,SM,0.00205306380290593,-0.0050204700046289075,4.637094495052399e-07,-1.1339342590371065e-06,False
JP3933800009,4689,21450901W,-4.2952387622857096e-05,JPN,BBG000BV9DT9,,JP,-0.003057553956834602,0.026249583567875545,1.3132924273176031e-07,-1.1274822883459705e-06,False
LU2598331598,TEN,15193303W,-8.499316950635912e-05,LUX,BBG000R58YM1,,GR,0.02045075125208684,0.01324766933495436,-1.738174167701003e-06,-1.1259614053499717e-06,False
CH0114405324,GRMN,14145901,4.111143379484978e-05,CHE,BBG006TLQ3B1,,SW,-0.014772722377077052,-0.027305931917080195,-6.073277979748991e-07,-1.122586012215718e-06,False
NL0015000IY2,UMG,35036601W,-0.000270799207429,NLD,BBG012J94349,,,0.011262798634812166,0.004124235923451902,-3.0499569437395574e-06,-1.116839819320985e-06,False
US79589L1061,IOT,04029201,0.0002383019337582,USA,BBG0099PW5P1,,US,-0.0046511627906977715,-0.0046511627906977715,-1.108381087247465e-06,-1.108381087247465e-06,False
SG1L01001701,D05,01574301W,0.0001167398576651,SGP,BBG000BFDGH5,,SP,-0.007751937984496249,-0.009466093410001042,-9.049601369387743e-07,-1.1050703973280627e-06,False
US4601461035,IP,00610401,1.0739699398816638e-05,USA,BBG000BM5SR2,,US,-0.10203005536514631,-0.10203005536514631,-1.09577212426629e-06,-1.09577212426629e-06,False
US74251V1026,PFG,14570101,-1.550834013957583e-05,USA,BBG000NSCNT7,,US,0.06632806826434279,0.06632806826434279,-1.028638243444433e-06,-1.028638243444433e-06,False
FR0013326246,URW,01638302W,2.5372876976329908e-05,FRA,BBG00L1BBGV5,,FP,-0.0334564860426928,-0.040279055673762554,-8.48887304421543e-07,-1.0219955243331205e-06,False
US8740541094,TTWO,06463001,2.8258186078435693e-05,USA,BBG000BS1YV5,,US,-0.03591260810195718,-0.03591260810195718,-1.014825162307043e-06,-1.014825162307043e-06,False
US31488V1070,FERG,10064401,2.2158803612050595e-05,USA,BBG01NMRD768,,US,-0.04525410894837645,-0.04525410894837645,-1.0027769128254152e-06,-1.0027769128254152e-06,False
JP3429800000,9202,10024701W,0.0003394698312531,JPN,BBG000BH20P9,,JP,-0.03142481079302406,-0.002951900003205221,-1.0667775217068474e-05,-1.0020809959641017e-06,False
US4781601046,JNJ,00626601,-0.0001862758919115,USA,BBG000BMHYD1,,US,0.005379290312486074,0.005379290312486074,-1.0020321008092348e-06,-1.0020321008092348e-06,False
US2600031080,DOV,00405801,3.240402677011456e-05,USA,BBG000BHB3M6,,US,-0.030222073887705037,-0.030222073887705037,-9.793168913055742e-07,-9.793168913055742e-07,False
GB00B1YW4409,III,21083501W,1.5109284149727043e-05,GBR,BBG000BZZ7W0,,LN,-0.05657708628005653,-0.06298886388190572,-8.548392729689975e-07,-9.517166426601924e-07,False
JP3866800000,6752,00711401W,-0.0003582804906096,JPN,BBG000C267K7,,JP,-0.026011560693641633,0.0026202711932761247,9.319434726839311e-06,-9.387920486571719e-07,False
HK0000093390,6823,30958701W,-6.274613144453439e-05,HKG,BBG00226B1S4,,HK,0.015561015561015523,0.014739869549586615,-9.76393527801925e-07,-9.248697922336516e-07,False
GB0007908733,SSE,10334201W,3.507682178213718e-05,GBR,BBG000C02Z87,,LN,-0.01959983666802778,-0.026262883418280092,-6.874999777634078e-07,-9.212184811480565e-07,False
US00217D1000,ASTS,03859801,-0.0003162337359389,USA,BBG00Q402TR2,,US,0.002876480541455173,0.002876480541455173,-9.096401879799193e-07,-9.096401879799193e-07,False
US31946M1036,FCNC.A,00469001,2.9936648149234424e-05,USA,BBG000BJCDS3,,US,-0.02995291945534273,-0.02995291945534273,-8.966900107769537e-07,-8.966900107769537e-07,False
US75513E1010,RTX,01098301,1.7070952236671165e-05,USA,BBG000BW8S60,,US,-0.05247195879266342,-0.05247195879266342,-8.957463023141348e-07,-8.957463023141348e-07,False
FI4000297767,NDA SE,21488101W,0.0003795014699805,FIN,BBG00LWMJDK8,,FH,0.004825432869713264,-0.0022674684252577126,1.8312588673484064e-06,-8.605076005196714e-07,False
US0010551028,AFL,00144901,-0.0001036997641727,USA,BBG000BBBNC6,,US,0.008286577470867584,0.008286577470867584,-8.593161295277773e-07,-8.593161295277773e-07,False
US3021301094,EXPD,00449401,0.0002662135523456,USA,BBG000BJ5GK2,,US,-0.0032164513577643827,-0.0032164513577643827,-8.562629418972847e-07,-8.562629418972847e-07,False
CH0024638212,SCHN,10134301W,1.9284130426223617e-05,CHE,BBG000BC8GG9,,SW,-0.0311284046692607,-0.04402148994341326,-6.002842156022916e-07,-8.489161536254726e-07,False
NL0000008977,HEIO,20649301W,4.562109774916838e-05,NLD,BBG000BC3676,,,-0.010980966325036645,-0.017962139848818004,-5.009637380948231e-07,-8.194525378271587e-07,False
US90384S3031,ULTA,17870401,6.50758324757154e-05,USA,BBG00FWQ4VD6,,US,-0.012250977471606861,-0.012250977471606861,-7.972425576060516e-07,-7.972425576060516e-07,False
CH0044328745,CB,02803401,-0.0001422478367988,CHE,BBG00LVD4WY8,,SW,0.026090881295225632,0.005245553778369327,-3.7113714244201193e-06,-7.461686777848088e-07,False
NL0009805522,NBIS,18711801,-4.9665647717016185e-05,NLD,BBG001NVJ6W4,,US,0.01478286157425357,0.01478286157425357,-7.342003951962931e-07,-7.342003951962931e-07,False
JP3493800001,7912,01782701W,0.0001566048910693,JPN,BBG000BMJDM5,,JP,-0.0330538535956143,-0.004628711813384867,-5.176395141761767e-06,-7.248789093263191e-07,False
US95040Q1040,WELL,00554301,9.778773760908258e-05,USA,BBG000BKY1G5,,US,-0.007365391127666765,-0.007365391127666765,-7.202449349805424e-07,-7.202449349805424e-07,False
CA8672241079,SU,01507001C,-1.6083936867857942e-05,CAN,BBG000BC1LY5,,CN,0.049731978817680655,0.04370775755589462,-7.998860076172241e-07,-7.0299281316465e-07,False
JP3783600004,9020,20172701W,-0.0001127268442549,JPN,BBG000BJ2DR5,,JP,-0.02289863166713213,0.005824909368994158,2.5812904855911247e-06,-6.566236512375123e-07,False
GB0030913577,BT.A,00241101W,0.0001417439762971,GBR,BBG000C05R19,,LN,0.00243546030199715,-0.0043790367558425025,3.45211827318812e-07,-6.207020821242693e-07,False
DE0006452907,NEM,22862301W,3.8035888364181294e-06,DEU,BBG000BSYWP0,,GR,-0.15149359886201985,-0.15748294517611716,-5.762193614203849e-07,-5.990003721981275e-07,False
JP3500610005,8308,25293801W,0.0001427409552093,JPN,BBG000C6HT37,,JP,-0.03260869565217395,-0.004170613960069902,-4.654596365520657e-06,-5.953174204696192e-07,False
JP3814000000,4901,00492501W,-0.0002634730136861,JPN,BBG000BTG7G3,,JP,-0.026548672566371723,0.002067361408123247,6.994858770427445e-06,-5.446939405765713e-07,False
US00206R1023,T,00989901,0.0004617270417683,USA,BBG000BSJK37,,US,-0.0011587485515643925,-0.0011587485515643925,-5.350255408671294e-07,-5.350255408671294e-07,False
DE000A2E4K43,DHER,32485901W,3.197954126565194e-05,DEU,BBG0028W9747,,GR,-0.008152173913043348,-0.015153251793660671,-2.6070278205694103e-07,-4.845940410441858e-07,False
US7443201022,PRU,14335601,0.0001002383842948,USA,BBG000HCJMF9,,US,-0.004761692624125402,-0.004761692624125402,-4.773043751507967e-07,-4.773043751507967e-07,False
US98980L1017,ZM,03500501,9.47985308777809e-06,USA,BBG0042V6JM8,,US,-0.04902772031443947,-0.04902772031443947,-4.6477558580955966e-07,-4.6477558580955966e-07,False
JP3164720009,6723,25766401W,2.733314029823246e-05,JPN,BBG000MHQMB8,,JP,-0.04481132075471694,-0.016731568065498914,-1.2248341171377742e-06,-4.573262973437077e-07,False
US09062X1037,BIIB,02446801,0.0001545582463761,USA,BBG000C17X76,,US,-0.0029540733902608807,-0.0029540733902608807,-4.5657640286502223e-07,-4.5657640286502223e-07,False
CH0016440353,EMSN,10228301W,-8.653135417812991e-05,CHE,BBG000SVX806,,SW,0.018354430379746933,0.004802866617884094,-1.5882337159277093e-06,-4.1559855238244546e-07,False
CA85472N1096,STN,02998501C,1.4107381700182994e-05,CAN,BBG000BC1X33,,CN,-0.02384957941613064,-0.029451641905890558,-3.364551202121824e-07,-4.1548555406350306e-07,False
US65249B1098,NWSA,01804301,2.9644096585257776e-05,USA,BBG0035LY913,,US,-0.013611201563008768,-0.013611201563008768,-4.034917737752435e-07,-4.034917737752435e-07,False
US67103H1077,ORLY,02818001,6.892661253886999e-06,USA,BBG000BGYWY6,,US,-0.05765765765765751,-0.05765765765765751,-3.9741470292681696e-07,-3.9741470292681696e-07,False
LU1598757687,MT,06524801W,-0.0002001086516904,LUX,BBG000BYLHP4,MT,,0.009048361934477667,0.001925871990548167,-1.8106555067150653e-06,-3.853836473569005e-07,False
CA1249003098,CCL.B,01406201C,-1.1406814214097836e-05,CAN,BBG000FL7N17,,CN,0.038866666666666605,0.032904383738971754,-4.433448457879352e-07,-3.7533419213983267e-07,False
SE0000108656,ERIC B,00443906W,-0.0002264099400654,SWE,BBG000BX2SH2,,SS,0.023159636062861866,0.0015791692145119551,-5.2435718129290316e-06,-3.5753960721077654e-07,False
US1746101054,CFG,02182501,1.1371622533823468e-05,USA,BBG006Q0HY77,,US,-0.029475824016262586,-0.029475824016262586,-3.3518794458634657e-07,-3.3518794458634657e-07,False
SE0000667891,SAND,01959102W,7.0912470817504085e-06,SWE,BBG000BR0GF5,,SS,-0.024453694068678367,-0.04503003570824837,-1.7340718670253275e-07,-3.1931910930723296e-07,False
US7588491032,REG,02909901,3.065040016556964e-05,USA,BBG000BL46Q4,,US,-0.010282198742811222,-0.010282198742811222,-3.15153506049081e-07,-3.15153506049081e-07,False
CH0126881561,SREN,06354608W,1.399846996200044e-05,CHE,BBG001P1Z4F4,,SW,-0.008893632159373888,-0.02208257762846,-1.2449724263607646e-07,-3.091222996155402e-07,False
CH0012032113,RO,02564804W,-2.383260933023595e-05,CHE,BBG000BCLVP1,,SW,0.026082130965593864,0.012427711903971739,-6.216052378030484e-07,-2.9618480267608126e-07,False
JP3505000004,1925,01783001W,-0.0001025279305321,JPN,BBG000BFTDT2,,JP,-0.0262820512820513,0.0023419731123470733,2.6946443280872455e-06,-2.401176565707668e-07,False
CA0213611001,ALA,12219401C,1.168414876592502e-05,CAN,BBG000D5BDF6,,CN,-0.014261776205548249,-0.019918300569263914,-1.6663671485195538e-07,-2.3272838701568858e-07,False
BMG2178K1009,1038,21292801W,3.11226429210083e-05,HKG,BBG000H3CCS4,,HK,-0.006513409961685812,-0.007308819236466091,-2.0271453243568587e-07,-2.2746977127073066e-07,False
US0584981064,BALL,00198801,9.41189884561721e-06,USA,BBG000BDDNH5,,US,-0.024055899634746747,-0.024055899634746747,-2.2641169400255635e-07,-2.2641169400255635e-07,False
JP3774200004,9042,10107001W,-2.0709834764689472e-05,JPN,BBG000BH0115,,JP,-0.018081259306530484,0.010783919772093364,3.7445989257575006e-07,-2.2333319659572132e-07,False
US00846U1016,A,12655401,-0.0002456520099443,USA,BBG000C2V3D6,,US,0.0008465746288095488,0.0008465746288095488,-2.0796275913491537e-07,-2.0796275913491537e-07,False
US0268747849,AIG,00148701,-7.425139118106716e-05,USA,BBG000BBDZG3,,US,0.002750130958617092,0.002750130958617092,-2.042010496074409e-07,-2.042010496074409e-07,False
US8522341036,XYZ,02636701,2.8317719532573184e-06,USA,BBG0018SLC07,,US,-0.06571567910265785,-0.06571567910265785,-1.8609181697216456e-07,-1.8609181697216456e-07,False
IT0005239360,UCG,01554901W,8.508598705202659e-06,ITA,BBG000BN0KY4,,IM,-0.014499643451390543,-0.021455936972609724,-1.2337164749640177e-07,-1.8255995754405696e-07,False
US31428X1063,FDX,00459801,2.299313905528421e-06,USA,BBG000BJF1Z8,,US,-0.07483903481979226,-0.07483903481979226,-1.7207843343747404e-07,-1.7207843343747404e-07,False
US49338L1035,KEYS,02023201,7.896605448356964e-05,USA,BBG0059FN811,,US,-0.0020452432599936676,-0.0020452432599936676,-1.6150479070081354e-07,-1.6150479070081354e-07,False
CA0977518616,BBD.B,01407801C,0.0005259340325828,CAN,BBG000BXPP29,,CN,0.005469583778014986,-0.0003006913636355302,2.876640252920888e-06,-1.581438214396555e-07,False
CA4530384086,IMO,00590303C,-9.919365338461646e-05,CAN,BBG000D0PTF7,,CN,0.007204897331722915,0.0014248086240948865,-7.146800885946708e-07,-1.4133197279788046e-07,False
GB00BN7SWP63,GSK,00518002W,0.0003538042235267,GBR,BBG000CT5G92,,LN,0.0064742379282438645,-0.00036587071850557873,2.2906127231294315e-06,-1.294466054720221e-07,False
US4448591028,HUM,02791401,-2.7666502254637212e-05,USA,BBG000BLKK03,,US,0.00388800459254246,0.00388800459254246,-1.075674878256158e-07,-1.075674878256158e-07,False
IE00B4BNMY34,CSA,14335702W,0.0001675987380488,IRL,BBG000D9D830,,US,-0.000632377740303558,-0.000632377740303558,-1.059857112450281e-07,-1.059857112450281e-07,False
CH1175448666,STMN,22821801W,-0.0005549453464958,CHE,BBG000C1Y6Q4,,SW,0.013631522896698556,0.0001427906105231358,-7.564750197173811e-06,-7.924098483310842e-08,False
GB00BD6K4575,CPG,24309001W,-8.376470996305101e-06,GBR,BBG000FNNYL9,,LN,0.008482871125611746,0.008482871125611746,-7.105652394908079e-08,-7.105652394908079e-08,False
CA6330671034,,01562001C,3.405150118678963e-06,CAN,BBG000BZQ983,,CN,-0.012977853011708285,-0.018642276577480077,-4.41915377230166e-08,-6.347975030025234e-08,False
PTEDP0AM0009,EDP,06491001W,-7.49155377387727e-06,PRT,BBG000BPCK94,,PL,0.015391192817443278,0.008223493540260973,-1.1530394863598992e-07,-6.160674406599745e-08,False
FR0006174348,BVI,28696101W,-3.605661867668467e-06,FRA,BBG000LHT3W5,,FP,0.022360703812316585,0.015143961190463795,-8.062513707029883e-08,-5.4604003389906466e-08,False
ES0113679I37,BKT,01584601W,4.96543622857617e-06,ESP,BBG000BCN0T3,,SM,-0.002400240024002298,-0.009441763908897505,-1.1918238772459547e-08,-4.6882476574902624e-08,False
SE0000148884,SEB A,01567101W,0.000146995025564,SWE,BBG000BGX6S1,,SS,0.021390374331550666,-0.00015310291415826516,3.1442786216898194e-06,-2.2505366780617083e-08,False
US20825C1045,COP,00854901,-5.141941907370294e-05,USA,BBG000BQQH30,,US,0.00037738697260158993,0.00037738697260158993,-1.9405018897157204e-08,-1.9405018897157204e-08,False
ES0144580Y14,IBE,10095701W,-1.7145924028450865e-06,ESP,BBG000BC49N1,,SM,0.007968127490039834,0.0008530908897608214,-1.3662090859323386e-08,-1.4627031585202594e-09,False
JP3420600003,1928,10092601W,1.7502021922053065e-06,JPN,BBG000BFTPN1,,JP,-0.02901915264074284,-0.0004754256820691527,-5.078938456776853e-08,-8.320910709881341e-10,False
BMG4587L1090,H78,21057604W,-0.0002637093729256,BMU,BBG000BHB284,,LN,0.0,0.0,-0.0,-0.0,False
BMG507361001,J36,10042403W,0.0003241911625337,BMU,BBG000BB3JW2,,LN,0.0,0.0,0.0,0.0,False
US8168511090,SRE,00827201,-0.0004053146511401,USA,BBG000C2ZCH8,,US,0.0,0.0,-0.0,-0.0,False
GB00B019KW72,SBRY,01957901W,-5.26762518009217e-07,GBR,BBG000BF0KC5,,LN,0.005095923261390745,-0.0017338582886397003,-2.6843413687519296e-09,9.133315579950002e-10,False
US9497461015,WFC,00800701,1.2879887494205238e-06,USA,BBG000BWQFY7,,US,0.007639773121889126,0.007639773121889126,9.839941829118507e-09,9.839941829118507e-09,False
BE0003565737,KBC,01570301W,0.0001556294173927,BEL,BBG000BMVWD9,,BB,0.007251908396946449,0.00014206608241273955,1.128610278802005e-06,2.210966163715796e-08,False
US26875P1012,EOG,01647801,-0.0001727587637149,USA,BBG000BZ9223,,US,-0.00020695364238410008,-0.00020695364238410008,3.5753055404572665e-08,3.5753055404572665e-08,False
JP3429300001,7550,20750101W,-1.37118183469739e-06,JPN,BBG000BJBSY4,,JP,-0.06870229007633588,-0.041325292540126846,9.420333215478253e-08,5.666449044457749e-08,False
US8725901040,TMUS,01787401,-2.8759120404315365e-06,USA,BBG000NDV1D4,,US,-0.023165548665563085,-0.023165548665563085,6.662208033049559e-08,6.662208033049559e-08,False
JP3112000009,5201,10025901W,1.7055264062499316e-05,JPN,BBG000BG8RD9,,JP,-0.02388007669513681,0.0048143361841188614,-4.0728101386829427e-07,8.210977490579251e-08,False
US8581191009,STLD,06403001,4.807038824649489e-06,USA,BBG000HGYNZ9,,US,0.024116584988393086,0.024116584988393086,1.1592936035716461e-07,1.1592936035716461e-07,False
FI0009014575,,33901501W,-8.839667287221658e-06,FIN,BBG000R0F0X6,,FH,-0.006176305446378372,-0.013191473319323244,5.459648521023985e-08,1.1660823517107898e-07,False
JP3496400007,9433,20158401W,2.0292665486837466e-06,JPN,BBG000BJ7JH8,,JP,0.04037844230444332,0.07096224548045371,8.193862225636348e-08,1.440013109729691e-07,False
LU2290522684,INPST,34636101W,-3.254399201659307e-05,LUX,BBG00Z2WW4M1,,GR,0.002580645161290196,-0.004496191621289225,-8.398449552668767e-08,1.4632402422830917e-07,False
JP3421800008,9735,01974101W,1.0511176064373877e-05,JPN,BBG000BNHG57,,JP,-0.01478970882760744,0.014172184290056178,-1.5545723342780634e-07,1.48966324289534e-07,False
US30034W1062,EVRG,00633801,-2.0311811079456835e-05,USA,BBG00H433CR2,,US,-0.0077758578128857,-0.0077758578128857,1.5794175487605275e-07,1.5794175487605275e-07,False
DE000PAH0038,PAH3,10218701W,-0.0004026344255756,DEU,BBG000BCZ5F4,,GR,0.006699576868829382,-0.0004064249748298998,-2.697480284180695e-06,1.636406862802144e-07,False
GB0031638363,ITRK,25238401W,-0.0001942783883349,GBR,BBG000D9L3W0,,LN,0.0059880239520957446,-0.000848796872140567,-1.1633436427239396e-06,1.6490288834317354e-07,False
GB00BP9LHF23,SDR,01563801W,-0.0001962384302289,GBR,BBG000BF0SZ3,,LN,0.0059931506849315586,-0.0008437046603615439,-1.176086482536226e-06,1.655672781261566e-07,False
FR0000120503,EN,10109701W,0.0005334586536484,FRA,BBG000BBXSY7,,FP,0.00746268656716409,0.0003513698655470687,3.981034728719355e-06,1.8744129540735858e-07,False
JP3481800005,6367,10113801W,-9.61117821188948e-05,JPN,BBG000BLNXT1,,JP,-0.030489246041125018,-0.0019889236202002003,2.9303757724739833e-06,1.911589936358051e-07,False
US6826801036,OKE,00815101,-0.0001550931354634,USA,BBG000JBSHW1,,GR,-0.0014531363526277818,-0.0012813083772154066,2.2537147318489155e-07,1.9872213371785826e-07,False
CA1360691010,CM,01558101C,-0.0002006402395747,CAN,BBG000BY34Q2,,CN,0.004767656220202143,-0.000998684749365819,-9.565836862311667e-07,2.0037634737235717e-07,False
DK0060094928,ORSTED,23264602W,-8.910952966525527e-06,DNK,BBG000BXG658,,DC,-0.015446855461566766,-0.022510796283920054,1.376462024987394e-07,2.0059264692504922e-07,False
US8825081040,TXN,01049901,-0.0002390541546749,USA,BBG000BVV7G1,,US,-0.0009198574220996569,-0.0009198574220996569,2.1989573846146617e-07,2.1989573846146617e-07,False
US0758871091,BDX,00211101,-8.675379092712258e-06,USA,BBG000BCZYD3,,US,-0.02763276806124082,-0.02763276806124082,2.3972473831225564e-07,2.3972473831225564e-07,False
NL0009434992,LYB,29452401,-8.984386848372051e-05,USA,BBG000WCFV84,,US,-0.002765753314266539,-0.002765753314266539,2.484859770253771e-07,2.484859770253771e-07,False
KYG3730V1059,FTAI,01948401,-0.0001753015281779,USA,BBG019M62R45,,US,-0.0014203051025775126,-0.0014203051025775126,2.48981654960707e-07,2.48981654960707e-07,False
SE0005190238,TEL2 B,22228601W,-0.0002069897701512,SWE,BBG000ND1Y18,,SS,0.0203000882612534,-0.0012202524745729137,-4.201910603245915e-06,2.525797792382805e-07,False
US9029733048,USB,00472301,-8.50296145478137e-06,USA,BBG000FFDM15,,US,-0.030042221500487187,-0.030042221500487187,2.554478514346467e-07,2.554478514346467e-07,False
GB00BNGDN821,MRO,27065401W,-3.3954308535441595e-06,GBR,BBG00B5C2SK7,,LN,-0.06968167701863359,-0.07600376240633422,2.3659931607576752e-07,2.580655198599069e-07,False
CA4495861060,IGM,01433301C,-0.0001053391989605,CAN,BBG000BZ6FG2,,CN,0.003128983659751894,-0.0026279227026757557,-3.296046322787582e-07,2.768232724299763e-07,False
JP3893200000,8801,10052201W,-7.890836024988561e-05,JPN,BBG000BGXQ34,,JP,-0.03218390804597704,-0.003732685593343832,2.5395794103411483e-06,2.945400994991331e-07,False
AU000000ALL7,ALL,21262801W,7.618545749750275e-05,AUS,BBG000G2SMB6,,AU,0.009520682862770746,0.004168779223705732,7.253375795888234e-07,3.176003523641055e-07,False
US0844231029,WRB,01482201,9.380285356076882e-06,USA,BBG000BD1HP2,,US,0.035375962107756065,0.035375962107756065,3.318366193165149e-07,3.318366193165149e-07,False
LU0038705702,TIGO,03002401,1.7927844144319064e-05,LUX,BBG000BQBFQ5,,US,0.01909129692832745,0.01909129692832745,3.422657958439718e-07,3.422657958439718e-07,False
US70450Y1038,PYPL,02461601,0.0001038640137423,USA,BBG0077VNXV6,,US,0.0034045381182947754,0.0034045381182947754,3.5360899390475274e-07,3.5360899390475274e-07,False
JP3735400008,9432,00790801W,6.27448879599672e-06,JPN,BBG000BHBZL6,,JP,0.026666666666666616,0.056845846948504475,1.6731970122657887e-07,3.5667862977733563e-07,False
CA1366812024,CTC.A,00270301C,0.0001548095116486,CAN,BBG000BYD2V9,,CN,0.008199339793419247,0.0024133607975131977,1.2693357892601666e-06,3.73611206494894e-07,False
US4165151048,HIG,06173901,-2.7861991508053703e-05,USA,BBG000G0Z878,,US,-0.013463386227980823,-0.013463386227980823,3.7511675275364885e-07,3.7511675275364885e-07,False
JP3360800001,3003,20801901W,0.0001545241026772,JPN,BBG000BJBL88,,JP,-0.026057719249089395,0.002572596434336605,-4.026545684779941e-06,3.9752815556642815e-07,False
CA67077M1086,NTR,01658201C,1.2126457716527742e-05,CAN,BBG00JM9SL98,,CN,0.038932466041706526,0.03297006629969168,4.721129032549064e-07,3.998101148943274e-07,False
US1729674242,C,00324301,4.00390317863657e-05,USA,BBG000FY4S11,,US,0.010104847287646157,0.010104847287646157,4.0458830174643574e-07,4.0458830174643574e-07,False
US8718291078,SYY,01024701,-1.4269985086453185e-05,USA,BBG000BTVJ25,,US,-0.02923038973852987,-0.02923038973852987,4.1711722564003547e-07,4.1711722564003547e-07,False
CA39138C1068,GWO,01643101C,9.374419526748533e-06,CAN,BBG000BZ2Y20,,CN,0.050869711592413935,0.04483898929477936,4.768740176719914e-07,4.203394968046481e-07,False
CA7751092007,RCI.B,00921501C,-3.351199861383344e-05,CAN,BBG000BCG226,,CN,-0.006941130451789568,-0.012640982067658402,2.3261115407880908e-07,4.2362457352886175e-07,False
US1912161007,KO,00314401,-0.0001380065603091,USA,BBG000BMX289,,US,-0.00310138716589603,-0.00310138716589603,4.2801177495209924e-07,4.2801177495209924e-07,False
AT0000BAWAG2,BG,32571101W,-2.230195908567888e-05,AUT,BBG00HTQM455,,AV,-0.012791991101223643,-0.01976036614669363,2.85286462163858e-07,4.4069487732159535e-07,False
US6951561090,PKG,12897801,-0.0001111786396287,USA,BBG000BB8SW7,,US,-0.004225014961101059,-0.004225014961101059,4.697314157861206e-07,4.697314157861206e-07,False
US8334451098,SNOW,33996501,-0.0003868875052313,USA,BBG007DHGNJ4,,US,-0.0012370636333465246,-0.0012370636333465246,4.786044629178045e-07,4.786044629178045e-07,False
US3119001044,FAST,01422501,-8.696788888736219e-05,USA,BBG000BJ8YN7,,US,-0.005678361387142616,-0.005678361387142616,4.938351021793069e-07,4.938351021793069e-07,False
JP3293330001,6525,35871501W,-0.0001774330875433,JPN,BBG00PMFQWF1,,JP,-0.031296233071583024,-0.002819613944041399,5.552987262365711e-06,5.00292807771407e-07,False
FR001400AJ45,ML,10127703W,-9.04356266684148e-06,FRA,BBG000BC8494,,FP,-0.052000000000000046,-0.0586915726951881,4.702652586757574e-07,5.307809156844159e-07,False
JP3548600000,6146,20149101W,-5.509927673108584e-06,JPN,BBG000BKFJQ6,,JP,-0.12250516173434278,-0.0967097842957304,6.749945807386981e-07,5.328639167514069e-07,False
IT0003828271,REC,10242901W,-0.0001656134989717,ITA,BBG000BC7P43,,IM,0.0038058991436726863,-0.0032797497810715948,-6.303082739170303e-07,5.431708369949339e-07,False
IT0005218380,BAMI,22508101W,-8.953584181627006e-05,ITA,BBG00FN3BWH3,,IM,0.000932835820895539,-0.006132716350091605,-8.35222405002534e-08,5.49097921025855e-07,False
JP3711600001,4091,10104401W,-0.0001728046649649,JPN,BBG000BFJS38,,JP,-0.03169014084507038,-0.0032250864043154026,5.47620417142288e-06,5.573099755805772e-07,False
JP3027670003,8951,25211901W,-0.0001080595774005,JPN,BBG000HG80M2,,JP,-0.03404592240696758,-0.0056501181587754745,3.67898798750713e-06,6.105493805001689e-07,False
US59156R1086,MET,13376801,2.831877964162432e-05,USA,BBG000BB6KF5,,US,0.021645476515708806,0.021645476515708806,6.129734796863119e-07,6.129734796863119e-07,False
JP3910660004,8766,01565902W,7.608408151569984e-06,JPN,BBG000BBN738,,JP,0.05099260412611906,0.08188826419322548,3.8797254490294545e-07,6.230393368056531e-07,False
JP3111200006,3407,10025801W,-0.0002480265368795,JPN,BBG000BFYC09,,JP,-0.031021897810219023,-0.002537008563860854,7.694253881298369e-06,6.292454481280415e-07,False
US2199481068,CPAY,18470001,-0.0001255885661178,USA,BBG000GPXKX9,,US,-0.00502102399208515,-0.00502102399208515,6.305832036090459e-07,6.305832036090459e-07,False
US22822V1017,CCI,11349001,-2.6673880190893465e-05,USA,BBG000FV1Z23,,US,-0.02440110323089051,-0.02440110323089051,6.508721041063969e-07,6.508721041063969e-07,False
DE0006602006,G1A,10036801W,-1.5014492810140071e-05,DEU,BBG000BSV6W2,,GR,-0.037397157816005944,-0.044191809284719774,5.614993571480949e-07,6.635176027725063e-07,False
JP3783420007,9435,21220001W,-2.1252398132611523e-05,JPN,BBG000FKFSH2,,JP,-0.059056090931554284,-0.03139552625331343,1.2550835566331005e-06,6.672302235182745e-07,False
US0320951017,APH,01428201,-2.7061966613521877e-05,USA,BBG000B9YJ35,,US,-0.025417849258908887,-0.025417849258908887,6.878569880321241e-07,6.878569880321241e-07,False
US30040W1080,ES,00797001,-2.1401857396334985e-05,USA,BBG000BQ87N0,,US,-0.032506415739948724,-0.032506415739948724,6.956976741323616e-07,6.956976741323616e-07,False
AT0000606306,RBI,27281701W,7.529352510933462e-05,AUT,BBG000F4LHP6,,AV,0.016457680250783646,0.009282823275693408,1.239156761203779e-06,6.989364873939374e-07,False
FI0009003727,WRT1V,10155702W,0.0004434361164975,FIN,BBG000BS64Z2,,FH,0.008734313373969238,0.001615441572033971,3.873110002825095e-06,7.163451371313605e-07,False
CH0198251305,CCH,22126104W,-0.0001932377776255,CHE,BBG003GW1860,CCH,LN,0.0030634573304157975,-0.0037535507270857194,-5.919756863800958e-07,7.253278007066241e-07,False
SG1T75931496,Z74,20809501W,-2.5901554453655797e-05,SGP,BBG000BKXVH9,,SP,-0.026431718061673992,-0.028114192907046753,6.846225846781264e-07,7.282012985024551e-07,False
US49271V1008,KDP,02887702,-0.0003921901146296,USA,BBG000TJM7F0,,US,-0.0018832391713746732,-0.0018832391713746732,7.38587786496386e-07,7.38587786496386e-07,False
AU000000ANZ3,ANZ,01588901W,-7.120877339585693e-05,AUS,BBG01B9NC3D0,,AU,-0.005107526881720559,-0.010381789434523836,3.6370072433368703e-07,7.392744912865095e-07,False
CA1247651088,CAE,00252601C,-0.0003035400120931,CAN,BBG000BXWF96,,CN,0.0032806441992245805,-0.002477273403681979,-9.958067799057876e-07,7.519515989115428e-07,False
JP3409000001,8830,10260501W,-6.41304057551969e-05,JPN,BBG000BGY432,,JP,-0.039987973541791955,-0.011767157196929778,2.564444968563196e-06,7.54632565624292e-07,False
AU000000S320,S32,31968701W,-2.2128898532812823e-05,AUS,BBG0070L8ZT0,,AU,-0.029069767441860517,-0.034217520257172174,6.432819340933972e-07,7.571960338154304e-07,False
IT0004176001,PRY,28452101W,8.01747367662444e-05,ITA,BBG000R58VL8,,IM,0.016638935108153063,0.009462794570525235,1.3340222423667941e-06,7.586770637649074e-07,False
US58155Q1031,MCK,00717101,0.0002458990239326,USA,BBG000DYGNW7,,US,0.0032643563909093842,0.0032643563909093842,8.027020502927624e-07,8.027020502927624e-07,False
AU000000NST8,NST,25962501W,-1.789862260699482e-05,AUS,BBG000C82NF9,,AU,-0.03992747440273037,-0.04501544180709327,7.146467959849167e-07,8.057144043922994e-07,False
US5719032022,MAR,02893002,-4.0631408359142085e-05,USA,BBG000BGD7W6,,US,-0.019867743445692754,-0.019867743445692754,8.07254397116611e-07,8.07254397116611e-07,False
DK0010274414,DANSKE,01555201W,-9.248900340510525e-05,DNK,BBG000BR5SD6,,DC,-0.0016103059581320522,-0.008773365938575028,1.4893559324493663e-07,8.114398721671002e-07,False
JP3635000007,8015,10194001W,4.850110064665432e-05,JPN,BBG000BDGFD3,,JP,-0.012302754747258615,0.016732235545735108,-5.966971462278944e-07,8.115318402472255e-07,False
US03027X1000,AMT,10536501,0.0002092917256969,USA,BBG000B9XYV2,,US,0.003927148548662496,0.003927148548662496,8.2191969681765e-07,8.2191969681765e-07,False
US0326541051,ADI,00163201,0.0002923766068122,USA,BBG000BB6G37,,US,0.0028257027668856516,0.0028257027668856516,8.261693868418718e-07,8.261693868418718e-07,False
US21873S1087,CRWV,05113901,-4.558214272687521e-05,USA,BBG011ZTRJ21,,US,-0.018141123807280057,-0.018141123807280057,8.269112946093535e-07,8.269112946093535e-07,False
US02079K1079,GOOG,16032903,6.755818362753719e-05,USA,BBG009S3NB30,,US,0.012441489520288673,0.012441489520288673,8.405244336117418e-07,8.405244336117418e-07,False
GB00B2B0DG97,REL,10033801W,-1.5671841321241426e-05,GBR,BBG000D03WR1,,LN,-0.048278443113772496,-0.05474655565280995,7.566120997156233e-07,8.579793330753503e-07,False
DE000BAY0017,BAYN,10008001W,-8.525150234012361e-05,DEU,BBG000BBWDG1,,GR,-0.003270645952575757,-0.010306111029386278,2.7882748107972797e-07,8.78611448539298e-07,False
US2193501051,GLW,00353201,-2.915952466384137e-05,USA,BBG000BKFZM4,,US,-0.030726796859271155,-0.030726796859271155,8.959787908587608e-07,8.959787908587608e-07,False
SG1V61937297,C6L,10071301W,-1.902299828302955e-05,SGP,BBG000BFDQ38,,SP,-0.04565537555228272,-0.04730396424632888,8.685021307421434e-07,8.998632306384054e-07,False
US6745991058,OXY,00806801,-0.0001062113444212,USA,BBG000BQQ2S6,,US,-0.009109338650714505,-0.009109338650714505,9.675151048803876e-07,9.675151048803876e-07,False
JP3304200003,6301,00649401W,-3.878518228097555e-05,JPN,BBG000BGGD50,,JP,-0.052836784081742416,-0.02499342001594662,2.0492843017509266e-06,9.693743511434724e-07,False
GB00B19NLV48,EXPN,27932701W,-1.0660472049118162e-05,IRL,BBG000FBCLZ0,,LN,-0.08541392904073586,-0.0916296722153691,9.105528031441267e-07,9.768155595218014e-07,False
DE0005557508,DTE,22161601W,0.0001680087192559,DEU,BBG000HJTKL0,,GR,0.01304194571730699,0.005891236058151339,2.1911605965697174e-06,9.897790249641833e-07,False
IT0000062072,G,01580401W,4.474416404961667e-05,ITA,BBG000BC1TX9,,IM,0.02939196769127217,0.02212586020387075,1.3151190241193149e-06,9.900031187008778e-07,False
GB00BPQY8M80,AV.,01554502W,-0.0001049183896536,GBR,BBG000DCK8W3,,LN,-0.0027286418400875867,-0.009506018759190993,2.862847078034255e-07,9.973561802312318e-07,False
DE0008404005,ALV,01572401W,-0.0001088966113532,DEU,BBG000BBF8T7,,GR,-0.0024466192170818912,-0.009488027884034245,2.6642854201183717e-07,1.0332140849960019e-06,False
GB0008706128,LLOY,01592901W,0.0002090467189407,GBR,BBG000BDQGD0,,LN,0.01182355616189179,0.0049516591753504535,2.471675621854575e-06,1.0351281039196246e-06,False
CH0014852781,SLHN,20569901W,-0.0001050527472669,CHE,BBG000BRJTZ5,,SW,0.003482045701849845,-0.009871604546456414,-3.6579846708822717e-07,1.0370391775376666e-06,False
IL0010824113,CPW,06318501W,-0.0001195574252224,ISR,BBG000K82ZT8,,US,-0.00878266503491465,-0.00878266503491465,1.0500328181651953e-06,1.0500328181651953e-06,False
US55261F1049,MTB,00469901,-3.840965352048808e-05,USA,BBG000D9KWL9,,US,-0.027652389501581554,-0.027652389501581554,1.0621186997693297e-06,1.0621186997693297e-06,False
CA74935Q1072,RBA,06560501,-0.0003245509589161,USA,BBG000C1DF05,,US,-0.003428404525823714,-0.003428404525823714,1.1126919764083835e-06,1.1126919764083835e-06,False
ES0118594417,IDR,21686101W,0.0002810069281745,ESP,BBG000BN71Y9,,SM,0.011111111111111072,0.003974061002553597,3.122299201938878e-06,1.1167386747056603e-06,False
FI0009005987,UPM,10171803W,1.4291128438970138e-05,FIN,BBG000GM9C07,,FH,0.08603491271820451,0.07836890216632963,1.229535987891446e-06,1.119980046480102e-06,False
CA0641491075,BNS,01558201C,6.050202597649619e-05,CAN,BBG000BXSXH3,,CN,0.02459210215180896,0.018712037126052072,1.4878720032053936e-06,1.1321161562735636e-06,False
JP3659000008,9021,22237601W,2.784546375433088e-05,JPN,BBG000H5XXL7,,JP,0.010945273631840724,0.04066359099457628,3.0477622019665443e-07,1.1322965491604094e-06,False
NL0011585146,RACE,02546601W,-4.325752202582165e-05,ITA,BBG00BS9K4K2,,IM,-0.020713305898491075,-0.027625778549552393,8.960062861315591e-07,1.1950227240877338e-06,False
US78467J1007,SSNC,06296502,-4.672351805387106e-05,USA,BBG000RJ2J04,,US,-0.02561166686754246,-0.02561166686754246,1.1966671792753513e-06,1.1966671792753513e-06,False
CA01626P1484,ATD,06465502C,-2.767226333761783e-05,CAN,BBG000DMT4D2,,CN,-0.03793099317119919,-0.04345218416612606,1.0496364316908077e-06,1.2024202828397082e-06,False
ES0124244E34,MAP,01628101W,-7.817637202565554e-05,ESP,BBG000BCQ2W2,,SM,-0.008501118568232546,-0.015500308118933992,6.645866078243557e-07,1.2117578540180727e-06,False
US02079K3059,GOOGL,16032901,0.000110629552348,USA,BBG009S39JX6,,US,0.011029910122292597,0.011029910122292597,1.2202340192679039e-06,1.2202340192679039e-06,False
CH1300646267,BG,14443501,0.000154684555096,USA,BBG01JZ8VL91,,US,0.007916702521297614,0.007916702521297614,1.2245916073343028e-06,1.2245916073343028e-06,False
US0357108390,NLY,06555601,-1.7019874585826253e-05,USA,BBG000BJFJ98,,US,-0.07373472949389182,-0.07373472949389182,1.2549558486058627e-06,1.2549558486058627e-06,False
US1924461023,CTSH,11186401,-2.989772211547496e-05,USA,BBG000BBDV81,,US,-0.04227314958191386,-0.04227314958191386,1.263870879145967e-06,1.263870879145967e-06,False
IL0010811243,ESLT,06538001W,2.578837784787681e-05,ISR,BBG000BJVH94,,IT,0.06243476610684118,0.049209117294428006,1.610091339207033e-06,1.269023310349199e-06,False
JP3134800006,7013,10036201W,1.976369042007648e-05,JPN,BBG000BM7CD0,,JP,0.03635346756152136,0.06681912278393365,7.184786785822007e-07,1.3205924568427436e-06,False
BE0974264930,AGS,01644701W,0.0003256651489878,BEL,BBG000BPXH52,,BB,0.011258278145695355,0.00412013223370411,3.6664288296639705e-06,1.3417834777386863e-06,False
NO0010345853,AKRBP,27569602W,2.9752708453260204e-05,NOR,BBG000QJ5PT7,,NO,0.04643356643356644,0.04540406204921288,1.3815243645429916e-06,1.350893820743967e-06,False
US8288061091,SPG,02938901,-4.031809051309725e-05,USA,BBG000BJ2D31,,US,-0.03366145440844004,-0.03366145440844004,1.357165565641982e-06,1.357165565641982e-06,False
US69331C1080,PCG,00826401,0.0002276945241013,USA,BBG000BQWPC5,,US,0.006028636021100153,0.006028636021100153,1.3726874098043543e-06,1.3726874098043543e-06,False
US8832031012,TXT,01051901,0.0006539928799121,USA,BBG000BVVQQ8,,US,0.0021089870903674424,0.0021089870903674424,1.379262540926844e-06,1.379262540926844e-06,False
AU000000WBC1,WBC,01536201W,-0.0001632435416064,AUS,BBG000D0JD23,,AU,-0.0034732272069464276,-0.008756153736820371,5.669819100656396e-07,1.4293855468486712e-06,False
US92343V1044,VZ,00213601,-0.000278541499362,USA,BBG000HS77T5,,US,-0.00519792083166748,-0.00519792083166748,1.4478366620176337e-06,1.4478366620176337e-06,False
AU000000SOL3,SOL,10456601W,-8.471989703194673e-05,AUS,BBG01X2HQSB4,,AU,-0.011915467625899123,-0.017153515669351305,1.0094771903536685e-06,1.4532440812433272e-06,False
CA7392391016,POW,00870201C,7.275944147223167e-05,CAN,BBG000BCC284,,CN,0.02591463414634143,0.020026974480185755,1.8855343064450255e-06,1.4571514775569526e-06,False
US34959E1091,FTNT,18337701,0.0002987813050393,USA,BBG000BCMBG4,,US,0.004914292400397757,0.004914292400397757,1.4682986967355561e-06,1.4682986967355561e-06,False
JP3183200009,8697,24094801W,0.0001286658332078,JPN,BBG000DDGPC0,,JP,-0.01733333333333331,0.011553736228485656,-2.230207775601864e-06,1.4865710985012517e-06,False
HK0669013440,669,10340901W,-4.492022401310164e-05,HKG,BBG000BFGXC0,,HK,-0.03260516605166053,-0.033384337262274855,1.4646313630249676e-06,1.4996319083503228e-06,False
US2786421030,EBAY,11452401,2.8291567169640884e-05,USA,BBG000C43RR5,,US,0.054170838789185716,0.054170838789185716,1.5325779242400355e-06,1.5325779242400355e-06,False
JP3379550001,5016,36616301W,-0.0004603077074491,JPN,BBG01S9NYGQ6,,JP,-0.03181336161187698,-0.0033519259816173763,1.4643935549812296e-05,1.5429173641373686e-06,False
NO0010582521,GJF,29609101W,-6.013634835671903e-05,NOR,BBG000G6J4S9,,NO,-0.02470007057163026,-0.025659621517450937,1.4853720483311016e-06,1.543075938274993e-06,False
JP3734800000,6594,22182101W,2.8166393786599877e-05,JPN,BBG000BR3NP6,,JP,0.02518403719488571,0.0553206653476519,7.09343508767529e-07,1.5581836447186735e-06,False
SGXE62145532,9CI,35029801W,-0.000289323734386,SGP,BBG0122MR478,,SP,-0.0037735849056602655,-0.00549297666564319,1.0917876769282696e-06,1.5892485217990463e-06,False
US8926721064,TW,03491901,-3.295619490847498e-05,USA,BBG00NK8H8T2,,US,-0.048242339832869074,-0.048242339832869074,1.5898839543729196e-06,1.5898839543729196e-06,False
US7731211089,RKLB,03950301,-0.0004705660116208,USA,BBG01V7JN3F3,,US,-0.003441802252815984,-0.003441802252815984,1.619595158895102e-06,1.619595158895102e-06,False
JP3371200001,4063,10069701W,-0.0003087843303109,JPN,BBG000BG24K8,,JP,-0.03370413415241569,-0.0052983640422819,1.0407308492962411e-05,1.6360517925393695e-06,False
US29444U7000,EQIX,13874301,-5.643554621257694e-05,USA,BBG000MBDGM6,,US,-0.029195964536838925,-0.029195964536838925,1.6476902058395308e-06,1.6476902058395308e-06,False
SE0007100599,SHB A,01565401W,0.0001610973134565,SWE,BBG000BGX8G0,,SS,0.032105441027374226,0.010336505653059547,5.172100296846081e-06,1.665183291235818e-06,False
CH0531751755,BCVN,01553102W,-4.933004922382551e-05,CHE,BBG000BD7QX7,,SW,-0.022359290670778686,-0.03536906262758588,1.1029849093993352e-06,1.7447576004193787e-06,False
US46625H1005,JPM,00296801,-8.826625780353797e-05,USA,BBG000DMBXR2,,US,-0.019942699848323087,-0.019942699848323087,1.760267486110663e-06,1.760267486110663e-06,False
US2546871060,DIS,00398001,-0.0003513770018797,USA,BBG000BH4R78,,US,-0.005206880520688073,-0.005206880520688073,1.8295780665051864e-06,1.8295780665051864e-06,False
SE0007100581,ASSA B,22349201W,-3.1710721476977844e-05,SWE,BBG000BGRXM5,,SS,-0.03751399776035824,-0.05781464794211488,1.1895959344666909e-06,1.8333441981819354e-06,False
US1720621010,CINF,01482401,0.0003580540707225,USA,BBG000BFPK65,,US,0.005120659211300893,0.005120659211300893,1.8334728753889512e-06,1.8334728753889512e-06,False
CA7800871021,RY,01563301C,-0.0001438741424519,CAN,BBG000BCJG31,,CN,-0.0071205584201479155,-0.01281864047250314,1.024464236477437e-06,1.8442709053806074e-06,False
US0304201033,AWK,17943701,-0.0005474509896312,USA,BBG000TRJ294,,US,-0.0034001302177529835,-0.0034001302177529835,1.8614046525838183e-06,1.8614046525838183e-06,False
US55024U1097,LITE,02324901,0.0003683240391017,USA,BBG0073F9RT7,,US,0.0050723687087324,0.0050723687087324,1.868275330613392e-06,1.868275330613392e-06,False
IT0003132476,ENI,06161601W,5.833481505054534e-05,ITA,BBG000FVRTJ1,,IM,0.03990559965672591,0.032565150616361116,2.3278857754562115e-06,1.8996820382985783e-06,False
US12541W2098,CHRW,06560901,6.409976522289153e-05,USA,BBG000BTCH57,,US,0.029833622878524757,0.029833622878524757,1.9123282222617226e-06,1.9123282222617226e-06,False
US29362U1043,ENTG,13757301,-5.227840949295572e-05,USA,BBG000CTV4N4,,US,-0.037622884174735804,-0.037622884174735804,1.966864545192882e-06,1.966864545192882e-06,False
ES0140609019,CABK,28687901W,-0.0001503962007493,ESP,BBG000TFZP37,,SM,-0.006079027355623157,-0.013094609683300007,9.142626185367867e-07,1.9693795466633156e-06,False
CA8911605092,TD,01570601C,-5.9249899090547016e-05,CAN,BBG000BCRMB0,,CN,-0.027816171389080768,-0.033395542626083574,1.6481053478883965e-06,1.978682530669513e-06,False
US00287Y1091,ABBV,01610101,8.353982073221284e-05,USA,BBG0025Y4RY4,,US,0.023750097496294975,0.023750097496294975,1.9840788872130592e-06,1.9840788872130592e-06,False
DE0006047004,HEI,10037301W,-1.9431972553490416e-05,DEU,BBG000BC1HT0,,GR,-0.095861229458308,-0.10224322855495793,1.8627727797776879e-06,1.98678761106019e-06,False
AU000000SCG8,SCG,29610801W,-4.809382253928965e-05,AUS,BBG0064P2D05,,AU,-0.03621169916434541,-0.0413203228526684,1.7415590334561716e-06,1.987252274542389e-06,False
US7707001027,HOOD,03929301,-0.0005357370414535,USA,BBG008NMBXN8,,US,-0.003721018986737934,-0.003721018986737934,1.9934877031472813e-06,1.9934877031472813e-06,False
US0255371017,AEP,00144001,-0.0001418493964958,USA,BBG000BB9KF2,,US,-0.0142122028914482,-0.0142122028914482,2.015992403027791e-06,2.015992403027791e-06,False
US8425871071,SO,00985001,-0.0001021166569484,USA,BBG000BT9DW0,,US,-0.020113636363636278,-0.020113636363636278,2.0539373045303093e-06,2.0539373045303093e-06,False
NO0010063308,TEL,22161201W,-0.0001490598646723,NOR,BBG000BBPTP4,,NO,-0.013858497447118978,-0.014828589788231983,2.06574575402897e-06,2.210347587114909e-06,False
DE000A0D9PT0,MTX,27309901W,-4.5577958559149726e-05,DEU,BBG000BVTMG1,,GR,-0.0418445772843723,-0.048607857762952955,1.9071904093922586e-06,2.2154469267689142e-06,False
US29476L1070,EQR,02873301,-6.758336445386672e-05,USA,BBG000BG8M31,,US,-0.03300583358919251,-0.03300583358919251,2.2306452805620735e-06,2.2306452805620735e-06,False
JP3137200006,7202,01893101W,-0.0001899349506553,JPN,BBG000BM8G22,,JP,-0.04000874508089203,-0.011787837085849517,7.599059022719704e-06,2.2389222552335433e-06,False
US68902V1070,OTIS,03619001,-8.47175441172608e-05,USA,BBG00RP60KV0,,US,-0.026430479403908302,-0.026430479403908302,2.2391253049409547e-06,2.2391253049409547e-06,False
FR0010307819,LR,27703901W,-0.0001389133936241,FRA,BBG000NH2QV2,,FP,-0.009154155986818013,-0.016148255306337123,1.2716348738932623e-06,2.2432089457116704e-06,False
US9297401088,WAB,06097901,-6.734678183672962e-05,USA,BBG000BDD940,,US,-0.033434756758647266,-0.033434756758647266,2.251723269188739e-06,2.251723269188739e-06,False
US5007541064,KHC,00556804,-0.0001085116771433,USA,BBG005CPNTQ2,,US,-0.02111024542267248,-0.02111024542267248,2.2907081357208626e-06,2.2907081357208626e-06,False
JP3758190007,3659,31130501W,0.000159434109523,JPN,BBG001CDRZ53,,JP,-0.014511041009463765,0.01445935463072101,-2.3135549015955907e-06,2.305314329826271e-06,False
CH0008038389,SPSN,24351501W,-0.0002980984665078,CHE,BBG000CGWPH1,,SW,0.00560448358686938,-0.0077774203033292855,-1.6706879628138967e-06,2.3184370658090886e-06,False
JP3802400006,6954,10004801W,-0.0003094477882137,JPN,BBG000BM3TW6,,JP,-0.03583815028901738,-0.0074950704899499065,1.10900363406066e-05,2.3193329856207715e-06,False
US5705351048,MKL,01290901,-0.0002764373428157,USA,BBG000FC7366,,US,-0.008464094158887603,-0.008464094158887603,2.3397916986247764e-06,2.3397916986247764e-06,False
JP3778630008,7832,20400902W,-0.0001390701935272,JPN,BBG000BKJ7P9,,JP,-0.04493006993006998,-0.01685405804982687,6.2484335203654615e-06,2.3438971147080857e-06,False
LU1778762911,SPOT,03317501,0.0003385492549932,LUX,BBG003T4VFC2,,US,0.007008572164379334,0.007008572164379334,2.372746884816703e-06,2.372746884816703e-06,False
JP3173400007,4684,22545601W,9.391616372703836e-05,JPN,BBG000BYYCK6,,JP,-0.003933136676499527,0.025347826059650247,-3.6938510807094906e-07,2.3805705823426023e-06,False
US4663131039,JBL,02819501,-9.182082796151415e-05,USA,BBG000BJNGN9,,US,-0.026272685579505906,-0.026272685579505906,2.4123797426827657e-06,2.4123797426827657e-06,False
JP3862400003,6586,00697201W,8.199457108856629e-05,JPN,BBG000BLVPB8,,JP,0.00018871485185889547,0.029590973303697643,1.547359333621246e-08,2.426299164129904e-06,False
GB00BDSFG982,FTI,03092301,-3.542329376607191e-05,USA,BBG00DL8NMV2,,US,-0.06871401151631484,-0.06871401151631484,2.434076615787669e-06,2.434076615787669e-06,False
FR0000130809,GLE,01578401W,0.000353901409435,FRA,BBG000BCDPP3,,FP,0.014039917412250524,0.006882075075437699,4.968746560546459e-06,2.435576069034886e-06,False
SE0012673267,EVO,31943201W,4.393851312393667e-05,SWE,BBG0088M4L77,,SS,0.07926975738650022,0.056505761310439606,3.4829952752580154e-06,2.4827791349167837e-06,False
CH0012221716,ABBN,21041801W,-0.0001124568833672,CHE,BBG000DM2M32,,SW,-0.009367088607594831,-0.0225497012319833,1.0533935910345197e-06,2.5358691214103517e-06,False
JP3890350006,8316,01013701W,0.0002601255675395,JPN,BBG000PJ4DL4,,JP,-0.01906810035842299,0.009768066791343122,-4.960100427634923e-06,2.540923917861872e-06,False
NO0010161896,DNB,20070503W,-0.0001850467819136,NOR,BBG011M0SYB4,,NO,-0.012852664576802564,-0.01382382399971882,2.378344218952236e-06,2.558054144887958e-06,False
JP3890310000,8725,01577902W,6.579824864859417e-05,JPN,BBG000MD5MH4,,JP,0.009398864303896692,0.03907172373081469,6.184288104821905e-07,2.5708509931693225e-06,False
JP3200450009,8591,01566801W,0.0002399363800934,JPN,BBG000BN25M8,,JP,-0.018141311266709148,0.010721987837995606,-4.352760555481806e-06,2.572594949254126e-06,False
JE00B4T3BW64,GLEN,26740701W,-7.701668684261494e-05,CHE,BBG01958XK14,,SW,-0.022075386694698995,-0.033782166040148165,1.7001731439952609e-06,2.6017905027793125e-06,False
FR0010340141,ADP,27814201W,-0.0001811989554695,FRA,BBG000H291V0,,FP,-0.007407407407407418,-0.014413822016903666,1.342214484959261e-06,2.611769493786226e-06,False
CH1256740924,SGSN,10134001W,-0.0002432974492212,CHE,BBG000BHR3B1,,SW,0.002587322121604174,-0.010754392322204542,-6.29488872499879e-07,2.6165162199164227e-06,False
US2538681030,DLR,16099101,-0.0001479948016385,USA,BBG000Q5ZRM7,,US,-0.01771485532625683,-0.01771485532625683,2.6217065000641044e-06,2.6217065000641044e-06,False
US49446R1095,KIM,02473101,-7.3205456844437e-05,USA,BBG000CN3S73,,US,-0.035934204976803,-0.035934204976803,2.630579891668505e-06,2.630579891668505e-06,False
JP3160400002,4523,10041801W,6.825233757107322e-05,JPN,BBG000BG6F83,,JP,0.009493670886076,0.03916943495853209,6.47965230105129e-07,2.6734054972579288e-06,False
JP3733000008,6701,00765201W,0.0001743724655348,JPN,BBG000BGJMB0,,JP,-0.0136511817440913,0.015344312473097865,-2.3803902181808513e-06,2.675625597870459e-06,False
DE0005810055,DB1,24377401W,-6.23140646689424e-05,DEU,BBG000D54HT0,,GR,-0.03648366921473245,-0.04328485553778838,2.273445722807141e-06,2.6972552871675746e-06,False
SE0015949748,BEIJ B,10321902W,-6.531397363258759e-05,SWE,BBG000BJ94B5,,SS,-0.02164502164502169,-0.042280615020893864,1.4137223729997343e-06,2.7615149746442487e-06,False
NL0000226223,STMMI,03114203W,-0.0001674501460875,NLD,BBG000BHHJP2,,FP,-0.0095315587585727,-0.016523138737972065,1.5960609065645889e-06,2.7668019954974528e-06,False
FI0009014377,ORNBV,21145302W,0.0002664097001317,FIN,BBG000PPDXX3,,FH,0.017699115044247815,0.01051556271286902,4.715215931534521e-06,2.8014479090515216e-06,False
JP3300200007,9766,20059501W,-7.548326611684415e-05,JPN,BBG000BNHYW8,,JP,-0.06469124632436096,-0.03719637323784952,4.8831065617320544e-06,2.8077037396940553e-06,False
NO0003054108,MOWI,21542201W,-0.000161898987406,NOR,BBG000JDLX22,,NO,-0.016551093133005845,-0.01752043390787017,2.6796052186960466e-06,2.836540508597928e-06,False
JP3388200002,8267,22239801W,0.0003493039767697,JPN,BBG000BN0FD8,,JP,-0.020674486803519132,0.008149135859124579,-7.221680458141916e-06,2.846525562828781e-06,False
US30225T1025,EXR,16047901,-0.0001315426707299,USA,BBG000PV27K3,,US,-0.021688873139617204,-0.021688873139617204,2.853012297907238e-06,2.853012297907238e-06,False
IT0003796171,PST,23332001W,-4.457152349338208e-05,ITA,BBG000BMTRX1,,IM,-0.05793450881612083,-0.06458410513808222,2.582229320775281e-06,2.8786119594610897e-06,False
DE0005190003,BMW,10002201W,-0.0006042196706211,DEU,BBG000BBX8Q0,,GR,0.0022661055357720006,-0.004808705830848359,-1.3692255404168095e-06,2.9055146532289586e-06,False
US74460D1090,PSA,01009601,-9.570270802125644e-05,USA,BBG000BPPN67,,US,-0.03039186944200134,-0.03039186944200134,2.9085842074280002e-06,2.9085842074280002e-06,False
SE0000114837,TREL B,10104802W,-0.0001449719108156,SWE,BBG000BCFY18,,SS,0.000888888888888939,-0.020221836870192966,-1.2886392072498504e-07,2.9315983312732266e-06,False
US65473P1057,NI,00797401,-0.0004657213505475,USA,BBG000BPZBB6,,US,-0.006353861192570975,-0.006353861192570975,2.9591288157955035e-06,2.9591288157955035e-06,False
US30161N1019,EXC,00853901,-0.0001488067918771,USA,BBG000J6XT05,,US,-0.01993595608417198,-0.01993595608417198,2.966605667888385e-06,2.966605667888385e-06,False
JP3951600000,8113,10485401W,-0.0002143006520736,JPN,BBG000BDJH37,,JP,-0.04222244509076323,-0.01406709414575713,9.04829751509233e-06,3.0145874482164746e-06,False
US7607591002,RSG,11216801,-0.0005951317414539,USA,BBG000BPXVJ6,,US,-0.005069708491761582,-0.005069708491761582,3.017144443365695e-06,3.017144443365695e-06,False
JP3633400001,7203,01966101W,-0.0001860115956579,JPN,BBG000BCM915,,JP,-0.04435994930291509,-0.016267525713993702,8.251464953138785e-06,3.0259484154658873e-06,False
US3364331070,FSLR,17540401,-5.679115960532657e-05,USA,BBG000BFL116,,US,-0.05364041604754832,-0.05364041604754832,3.0463014290524372e-06,3.0463014290524372e-06,False
JP3249600002,6971,00651201W,0.000229122696974,JPN,BBG000C26Y00,,JP,-0.015586546349466768,0.013352079835647901,-3.57123153610008e-06,3.0592645421558096e-06,False
US9311421039,WMT,01125901,0.0001219914002372,USA,BBG000BWXBC2,,US,0.02507866882807286,0.02507866882807286,3.0593819264216273e-06,3.0593819264216273e-06,False
CA00208D4084,ARX,10523901C,-0.0003514130259807,CAN,BBG01HQNNMQ0,,MM,0.0,-0.008766258136475469,-0.0,3.0805772982667766e-06,False
US9344231041,WBD,16429601,-0.0001912970745166,USA,BBG011386VF4,,US,-0.016123378899404184,-0.016123378899404184,3.084355214778698e-06,3.084355214778698e-06,False
GB0004052071,HLMA,10017401W,-5.891484180264215e-05,GBR,BBG000BDLSV9,,LN,-0.04735682819383258,-0.05383109352366389,2.79002004131455e-06,3.1714503590098926e-06,False
FR0000130577,PUB,10129202W,-7.028083888922657e-05,FRA,BBG000BCB2K1,,FP,-0.038732045567112405,-0.0455173976892671,2.7221206543524092e-06,3.199000893656235e-06,False
DE0007037129,RWE,10095301W,0.0002587855272151,DEU,BBG000BBQ012,,GR,0.019815510761872268,0.012616989815004365,5.127967399547603e-06,3.2650943611434514e-06,False
AU000000CSL8,CSL,22300301W,0.0001342310871337,AUS,BBG000BKBN81,,AU,0.029877018126712063,0.02441548468556798,4.010424623461822e-06,3.277317052239993e-06,False
DE0007164600,SAP,10348702W,-0.0001094794704396,DEU,BBG000BG7DY8,,GR,-0.02310924369747902,-0.030004790501894085,2.529987762259667e-06,3.2849085747985044e-06,False
US4432011082,HWM,02819201,-4.735843354734532e-05,USA,BBG00DYNJGH9,,US,-0.07030006123698718,-0.07030006123698718,3.329300778466164e-06,3.329300778466164e-06,False
JP3753000003,9101,10015301W,4.260830289788234e-05,JPN,BBG000BH1S60,,JP,0.047443181818181746,0.078234347618795,2.021473461348392e-06,3.3334327803598374e-06,False
US9426222009,WSO,01131302,-0.0001862069176803,USA,BBG000DJN7L9,,US,-0.018139564908656647,-0.018139564908656647,3.3777124697026868e-06,3.3777124697026868e-06,False
US7739031091,ROK,00920301,-0.0001510736988814,USA,BBG000BBCDZ2,,US,-0.022406521687910796,-0.022406521687910796,3.3850361104589946e-06,3.3850361104589946e-06,False
IE00BK9ZQ967,TT,00595901,-6.96119233363897e-05,IRL,BBG000BM6788,,US,-0.048900765076507646,-0.048900765076507646,3.404076309596653e-06,3.404076309596653e-06,False
US2605571031,DOW,03444301,-0.0002369143660566,USA,BBG00BN96922,,US,-0.014415289925494013,-0.014415289925494013,3.4151892742205066e-06,3.4151892742205066e-06,False
US92338C1036,VLTO,04319701,-0.0001195197459957,USA,BBG019Q32XJ9,,US,-0.028609110276960448,-0.028609110276960448,3.419353593465283e-06,3.419353593465283e-06,False
US3379321074,FE,00809901,-0.0003277058574566,USA,BBG000BB6M98,,US,-0.0104666375926733,-0.0104666375926733,3.4299784469944876e-06,3.4299784469944876e-06,False
US45866F1049,ICE,16361001,-9.115599492151356e-05,USA,BBG000C1FB75,,US,-0.037834474175482136,-0.037834474175482136,3.4488391357983854e-06,3.4488391357983854e-06,False
US3755581036,GILD,02485601,0.0002332811915941,USA,BBG000CKGBP2,,US,0.014812764794314592,0.014812764794314592,3.4555394220208415e-06,3.4555394220208415e-06,False
US2091151041,ED,00341301,-0.0002318943083779,USA,BBG000BHLYS1,,US,-0.014950476546439884,-0.014950476546439884,3.4669304186566917e-06,3.4669304186566917e-06,False
IE000S9YS762,LIN,02512401,-6.552180574264212e-05,GBR,BBG01FND0CC1,,US,-0.05301830140120101,-0.05301830140120101,3.473854845214343e-06,3.473854845214343e-06,False
US8816242098,TEVA,01453890,0.0001975116666082,ISR,BBG000D86P14,,GR,0.019354838709677358,0.01786314272464984,3.822806450481278e-06,3.5281790904057323e-06,False
US9024941034,TSN,01079301,-7.715253643406458e-05,USA,BBG000DKCC19,,US,-0.04601378309756976,-0.04601378309756976,3.5500800769043955e-06,3.5500800769043955e-06,False
JP3788600009,6501,00565001W,0.0002130400821928,JPN,BBG000C2QRN8,,JP,-0.012136815005516777,0.016902941982246178,-2.5856280663341022e-06,3.6010041491978555e-06,False
US2971781057,ESS,03029301,-8.797398859394686e-05,USA,BBG000CGJMB9,,US,-0.04106587503534065,-0.04106587503534065,3.6127288219595054e-06,3.6127288219595054e-06,False
US29084Q1004,EME,00622301,0.0005405735091263,USA,BBG000BBRPL4,,US,0.0066980695401204216,0.0066980695401204216,3.6207989556748784e-06,3.6207989556748784e-06,False
HK0012000102,12,01569701W,-0.0002196947419791,HKG,BBG000BDWD59,,HK,-0.01574832464631415,-0.016541033026618024,3.4598241197750883e-06,3.6339779828506183e-06,False
JP3486800000,1878,20154301W,0.000106114370944,JPN,BBG000BNKQL3,,JP,0.00480480480480483,0.03434270586131061,5.098588393705732e-07,3.644254628987797e-06,False
ES0113860A34,SAB,24543601W,0.0004652247073693,ESP,BBG000BC1543,,SM,0.015139003578309884,0.007973064547466269,7.043038509582001e-06,3.7092666209315353e-06,False
SE0000108227,SKF B,01174905W,-7.546789727914775e-05,SWE,BBG000BCD7C7,,SS,-0.02877697841726623,-0.049262094432497294,2.1717380511984996e-06,3.7177066823873824e-06,False
US1729081059,CTAS,00306201,-0.0003261415891432,USA,BBG000H3YXF8,,US,-0.011546657416125594,-0.011546657416125594,3.7658451989873167e-06,3.7658451989873167e-06,False
GB0007188757,RIO,01956501W,-5.606627683780045e-05,GBR,BBG000DZG349,,LN,-0.06150638519676832,-0.06788467865849779,3.448434019734404e-06,3.8060411867124608e-06,False
US12514G1085,CDW,02832002,-0.0003572428547071,USA,BBG001P63B80,,US,-0.010687537314756357,-0.010687537314756357,3.818046340112215e-06,3.818046340112215e-06,False
CA05534B7604,BCE,00213701C,-0.000141226685384,CAN,BBG000DQ7170,,CN,-0.021970624235006064,-0.027570292434169197,3.102838436527287e-06,3.893661015545289e-06,False
US0028241000,ABT,00107801,-5.373513507838719e-05,USA,BBG000B9ZXB4,,US,-0.07249003262051468,-0.07249003262051468,3.89526169470005e-06,3.89526169470005e-06,False
JP3397200001,7269,10115501W,-6.185104820345585e-05,JPN,BBG000BGQTF3,,JP,-0.09003143242029632,-0.06328119174224045,5.5685384664539255e-06,3.914008040821446e-06,False
DK0060636678,TRYG,27428201W,-0.0002240472362266,DNK,BBG000QMPFL8,,DC,-0.010382868267358791,-0.01748309273150317,2.3262529394066043e-06,3.917038607186644e-06,False
US14448C1045,CARR,03619101,-5.7662539138018814e-05,USA,BBG00RP5HYS8,,US,-0.06801786327722437,-0.06801786327722437,3.9220827033073626e-06,3.9220827033073626e-06,False
US64110L1061,NFLX,14757901,-6.994361913971436e-05,USA,BBG000CL9VN6,,US,-0.05724861196792108,-0.05724861196792108,4.004175111761565e-06,4.004175111761565e-06,False
JP3436120004,8473,24221801W,0.000776483617725,JPN,BBG000DQNP15,,JP,-0.023536511768255886,0.0051681578644320325,-1.8275715806442366e-05,4.012989915548094e-06,False
AU000000ORG5,ORG,01752501W,7.966198287245967e-05,AUS,BBG000C3W502,,AU,0.056015490533562806,0.05041408439205597,4.462305047477107e-06,4.016085927370699e-06,False
JP3402600005,5713,10014501W,-3.990989244823167e-05,JPN,BBG000BB13F8,,JP,-0.12730544309491676,-0.1016511471315712,5.0807465419926045e-06,4.056886349260379e-06,False
US1252691001,CF,16394601,0.0002704863086023,USA,BBG000BWJFZ4,,US,0.01507344458971005,0.01507344458971005,4.0771603849919814e-06,4.0771603849919814e-06,False
US5312297550,FWONK,02718703,-8.892262211721418e-05,USA,BBG01HLMBCG3,,US,-0.045922961480740376,-0.045922961480740376,4.083590150255259e-06,4.083590150255259e-06,False
US0311001004,AME,00159801,-0.0003639154748981,USA,BBG000B9XG87,,US,-0.011239954075774938,-0.011239954075774938,4.090393225318471e-06,4.090393225318471e-06,False
AT0000746409,VER,10279701W,0.0001236214985116,AUT,BBG000BFGNH7,,AV,0.04047217537942682,0.03312787664643935,5.003230968429028e-06,4.0953177535402706e-06,False
US03073E1055,COR,03167301,-0.0002604630815812,USA,BBG000MDCQC2,,US,-0.015760197775031015,-0.015760197775031015,4.104949678813751e-06,4.104949678813751e-06,False
JP3497400006,6383,10224501W,-0.000110677326532,JPN,BBG000BLQSJ0,,JP,-0.06461061337008955,-0.037113489986986825,7.150929953394207e-06,4.107621850031853e-06,False
US3848021040,GWW,00525601,-0.0001063192389817,USA,BBG000BKR1D6,,US,-0.039122100970606866,-0.039122100970606866,4.159432002560149e-06,4.159432002560149e-06,False
US9884981013,YUM,06541701,-4.364097837796233e-05,USA,BBG000BH3GZ2,,US,-0.09547452873263329,-0.09547452873263329,4.166601844066992e-06,4.166601844066992e-06,False
US91307C1027,UTHR,12144001,-0.0001792852042547,USA,BBG000BV4XJ1,,US,-0.023315960656765555,-0.023315960656765555,4.180206768742762e-06,4.180206768742762e-06,False
US2310211063,CMI,00365001,-6.409150989084392e-05,USA,BBG000BGPTV6,,US,-0.06537916371367825,-0.06537916371367825,4.190249317810313e-06,4.190249317810313e-06,False
US1101221083,BMY,00240301,-8.946816590321138e-05,USA,BBG000DQLV23,,US,-0.048046699595868936,-0.048046699595868936,4.298650090544961e-06,4.298650090544961e-06,False
US6934751057,PNC,00824501,-0.000126968152032,USA,BBG000BRD0D8,,US,-0.03396903559654463,-0.03396903559654463,4.312985676002498e-06,4.312985676002498e-06,False
GB0005603997,LGEN,01560301W,0.0002494766077291,GBR,BBG000BDQBV1,,LN,0.024539877300613577,0.017576590730557617,6.122125343045419e-06,4.384948230902258e-06,False
US5926881054,MTD,06577201,-0.0002332476683052,USA,BBG000BZCKH3,,US,-0.018823747099933175,-0.018823747099933175,4.390595119826184e-06,4.390595119826184e-06,False
US1491231015,CAT,00281701,-0.0002426240585053,USA,BBG000BF0K17,,US,-0.01849599357969578,-0.01849599357969578,4.487573028393762e-06,4.487573028393762e-06,False
BMG3223R1088,EG,06138801,0.0003252952066674,BMU,BBG000C1XVK6,,US,0.013809689043106976,0.013809689043106976,4.492225651290013e-06,4.492225651290013e-06,False
NL0000009165,HEIA,10483302W,-0.0002201469308491,NLD,BBG000BW4QS4,,,-0.014030261348005446,-0.02098984803729398,3.0887189747741557e-06,4.620850624399275e-06,False
US12572Q1058,CME,14907001,-0.000112599499902,USA,BBG000BHLYP4,,US,-0.04115936952714527,-0.04115936952714527,4.634524425038176e-06,4.634524425038176e-06,False
US49456B1017,KMI,00631004,-9.916489823707133e-05,USA,BBG0019JZ882,,US,-0.046836228287841286,-0.046836228287841286,4.644509811972022e-06,4.644509811972022e-06,False
GB00B5ZN1N88,SGRO,01564401W,-0.0001755981389487,GBR,BBG000BF1H40,,LN,-0.019975031210986316,-0.026635136215239164,3.5075783060913944e-06,4.677080350041118e-06,False
GB00B1WY2338,SMIN,10004501W,-0.0001700674481717,GBR,BBG000BF1SB8,,LN,-0.02105666156202146,-0.027709776167861633,3.5810526988681127e-06,4.7125309222772164e-06,False
JP3236330001,285A,33964401W,0.000105522758903,JPN,BBG00Q52G5J3,,JP,0.0158031606321265,0.0456643270890329,1.6675931092892658e-06,4.81862577788375e-06,False
AU000000SUN6,SUN,20514501W,0.0004582620114095,AUS,BBG000CR4Y89,,AU,0.01590668080593849,0.01052086531028884,7.289427540978258e-06,4.821312898861398e-06,False
US69351T1060,PPL,00845501,-0.0003774505677688,USA,BBG000BRJL00,,US,-0.01294169352475838,-0.01294169352475838,4.884849568809853e-06,4.884849568809853e-06,False
GB00B02J6398,ADM,27097901W,-0.0001674465741057,GBR,BBG000PG2G17,,LN,-0.022619781312127274,-0.02926244596165173,3.787604887735847e-06,4.899896326231757e-06,False
JP3752900005,6178,32061101W,0.0001309724894682,JPN,BBG000HS7047,,JP,0.008043434546551431,0.037676513331496686,1.0534686464363634e-06,4.934586745507947e-06,False
JP3942400007,4503,10066801W,0.001174472524194,JPN,BBG000BCLDW3,,JP,-0.024457094665823353,0.004220426378876985,-2.8724185706621167e-05,4.956774822374595e-06,False
GB00BMJ6DW54,INF,22060101W,-0.000215839533466,GBR,BBG000BLHQ59,,LN,-0.016418903927224227,-0.023103116228564424,3.5438485636751525e-06,4.986565828384119e-06,False
US8636671013,SYK,01011501,-4.148785241666759e-05,USA,BBG000DN7P92,,US,-0.12056825200741206,-0.12056825200741206,5.002117845419098e-06,5.002117845419098e-06,False
IE00B8KQN827,ETN,00419901,-0.0004941974610504,IRL,BBG000BJ3PD2,,US,-0.01015228426395931,-0.01015228426395931,5.017233107110621e-06,5.017233107110621e-06,False
SG1U68934629,BN4,10007601W,-0.0001125072420309,SGP,BBG000BFDJ34,,SP,-0.0431034482758621,-0.04475632690815523,4.849450087538797e-06,5.035410903869903e-06,False
DE0007030009,RHM,10031201W,-4.963732317638286e-05,DEU,BBG000BC7QR6,,GR,-0.09560538116591932,-0.10198918316322403,4.745595202334005e-06,5.062470045168256e-06,False
JP3162600005,6273,20812401W,-0.0004136678635495,JPN,BBG000BLKXN0,,JP,-0.04044689577146088,-0.012239287851143366,1.6731580960989527e-05,5.063000056749827e-06,False
HK0823032773,823,27457801W,-0.0001167837852422,HKG,BBG000P9D1X9,,HK,-0.04287190082644621,-0.04364065542972584,5.00674285904059e-06,5.096520931533952e-06,False
JP3902900004,8306,25294003W,0.0002282492126066,JPN,BBG000D2VLF3,,JP,-0.006793478260869512,0.02240336647127572,-1.5506060639035204e-06,5.113550756805786e-06,False
JP3672400003,7201,01911301W,-0.000311080102898,JPN,BBG000BGPQB4,,JP,-0.04474885844748855,-0.016667962901752098,1.3920479490412773e-05,5.185071614577089e-06,False
JP3762800005,4307,24960401W,-0.0006248728238657,JPN,BBG000KPFMH8,,JP,-0.03666603666603663,-0.008347361794258767,2.2911609871469604e-05,5.2160395362071326e-06,False
IT0005508921,BMPS,02458401W,0.0004427205302143,ITA,BBG000KJYKZ5,,IM,0.019011406844106515,0.011818623407093165,8.416740118142608e-06,5.232347221191423e-06,False
JP3347200002,4507,10070701W,0.0002315559151958,JPN,BBG000BJQ7X5,,JP,-0.006356296169043096,0.02285335884848272,-1.4718379766783317e-06,5.29183042345845e-06,False
IL0010845571,NVMI,13390501W,-0.0002806105427218,ISR,BBG000F2WJ56,,IT,-0.00649350649350644,-0.01886108953484744,1.8221463813103746e-06,5.292620570698002e-06,False
US28176E1082,EW,13336601,-0.000327373337299,USA,BBG000BRXP69,,US,-0.01619834710743795,-0.01619834710743795,5.302906951289564e-06,5.302906951289564e-06,False
US46266C1053,IQV,01792801,0.0001817651643547,USA,BBG00333FYS2,,US,0.02921245070638223,0.02921245070638223,5.309805903849139e-06,5.309805903849139e-06,False
CA29250N1050,ENB,00613501C,-0.0001282005025024,CAN,BBG000C7P7N2,,CN,-0.03588721162062081,-0.04142012301490339,4.600758563173556e-06,5.310080584221837e-06,False
ES0130670112,ELE,01532101W,0.0004501284207204,ESP,BBG000C1Q594,,SM,0.019002375296911955,0.011809623745362874,8.553509182335321e-06,5.315847285802325e-06,False
CH0012549785,SOON,21179501W,-0.000428903210257,CHE,BBG000RSPBY9,,SW,0.0008613264427219658,-0.01245745289885547,-3.694256763626932e-07,5.343041539944482e-06,False
FR0010040865,GFC,22188401W,-0.0001373113779278,FRA,BBG000BC2PZ4,,FP,-0.032163742690058506,-0.038995332007387806,4.416447828087138e-06,5.3545027706864624e-06,False
FR0010451203,RXL,10326003W,0.0006399945422033,FRA,BBG000M3SN89,,FP,0.015581524763494725,0.008412871393842059,9.97209080784219e-06,5.384191776317187e-06,False
US65339F1012,NEE,00451701,-0.0002255729041787,USA,BBG000BJSBJ0,,US,-0.02392517506960601,-0.02392517506960601,5.3968712234348585e-06,5.3968712234348585e-06,False
AU000000NAB4,NAB,01480201W,-0.0002574744675139,AUS,BBG000CZQSS8,,AU,-0.015790836137716813,-0.02100832142168385,4.065737126157885e-06,5.409106371408908e-06,False
DE000CBK1001,CBK,01557501W,0.0002463924103472,DEU,BBG000BBYDZ8,,GR,0.029228078940794378,0.02196316999925818,7.2015768200405635e-06,5.411558394982534e-06,False
IE0004927939,KRX,10257401W,-0.000103109454381,IRL,BBG000BH1GW7,,ID,-0.04576878048780486,-0.05250471869442819,4.719193983781318e-06,5.413732897010381e-06,False
JP3358800005,1803,10098201W,0.000243157824454,JPN,BBG000BFRMJ5,,JP,-0.006909547738693456,0.022283651322542175,-1.6801105961017559e-06,5.418444176480855e-06,False
US0188021085,LNT,01155401,-0.0001976728306428,USA,BBG000DW4Q75,,US,-0.027508090614886793,-0.027508090614886793,5.437602137423314e-06,5.437602137423314e-06,False
US0378331005,AAPL,00169001,0.0001128115717049,USA,BBG000B9XRY4,,US,0.04910841091999374,0.04910841091999374,5.539997019814568e-06,5.539997019814568e-06,False
US98389B1008,XEL,00797701,-0.0001761529058728,USA,BBG000BCTQ65,,US,-0.03151935526489624,-0.03151935526489624,5.552226021148611e-06,5.552226021148611e-06,False
US7561091049,O,03082201,-8.294044723304914e-05,USA,BBG000DHPN63,,US,-0.06739614303585639,-0.06739614303585639,5.589866245176479e-06,5.589866245176479e-06,False
SE0000667925,TELIA,22057901W,8.016578794235629e-05,SWE,BBG000M3HZF6,,SS,0.09280476626947753,0.06975535516920761,7.439767212798876e-06,5.591993010338444e-06,False
CA2908761018,EMA,02579201C,-0.0002753048490133,CAN,BBG000BJJ834,,CN,-0.014674147604661347,-0.02032899501351093,4.03986399070017e-06,5.596670902786756e-06,False
US5950171042,MCHP,02796501,-0.0001077883046856,USA,BBG000BHCP19,,US,-0.05255188409248679,-0.05255188409248679,5.664478494363302e-06,5.664478494363302e-06,False
IL0011194789,AZRG,29478801W,-0.0001664828308244,ISR,BBG000G9PK91,,IT,-0.021958606764260424,-0.03413369313517045,3.655731015073894e-06,5.682673859634566e-06,False
FR0000120073,AI,10120201W,-0.0002249458394038,FRA,BBG000BLGLP9,,FP,-0.018402736817270338,-0.025331520529957574,4.1396190806880905e-06,5.698220148985899e-06,False
AU000000ASX7,ASX,22613601W,-9.815593559330316e-05,AUS,BBG000BQ3V25,,AU,-0.053972212326327096,-0.058987379833826736,5.297692996931046e-06,5.7899614557868065e-06,False
HK0083000502,83,10344001W,-0.0001587488537711,HKG,BBG000BDSQX4,,HK,-0.036266924564796854,-0.03704012553918923,5.75733270446445e-06,5.880077472883937e-06,False
AU000000MPL3,MPL,26723101W,-0.0003098128561207,AUS,BBG000BL8MW8,,AU,-0.01382231404958667,-0.01905854478268021,4.282330593899725e-06,5.9045821926264215e-06,False
PTGAL0AM0009,GALP,27944801W,0.0003890401594543,PRT,BBG000F7KW95,,PL,0.02242990654205612,0.015212961346528164,8.726134417666562e-06,5.9184529080254195e-06,False
US92939U1060,WEC,01155001,-0.0002269978005698,USA,BBG000BWP7D9,,US,-0.02627860977677321,-0.02627860977677321,5.965186621359562e-06,5.965186621359562e-06,False
FR0000064578,COV,22228401W,-0.0001292462910454,FRA,BBG000BJ2H14,,FP,-0.03992015968063867,-0.04669699939021843,5.159532576662668e-06,6.035413974135038e-06,False
CA21037X1006,CSU,17430201C,-6.01510583884924e-05,CAN,BBG000BMZ5P1,,CN,-0.09517255441708716,-0.10036528310213189,5.72472987772418e-06,6.037078004053905e-06,False
CH1430134226,AMRZ,36691101W,-5.842856659538989e-05,CHE,BBG01VC15MV6,,SW,-0.09144625773776027,-0.10353647793049847,5.343073760129915e-06,6.049487995814246e-06,False
FR0014004L86,AM,10051701W,0.0002629290294711,FRA,BBG000BBR4K2,,FP,0.030303030303030276,0.023030451047931555,7.967546347609084e-06,6.055374142314321e-06,False
US9699041011,WSM,01151101,-0.0001378597668018,USA,BBG000FSMWC3,,US,-0.044030668127053696,-0.044030668127053696,6.070057640123071e-06,6.070057640123071e-06,False
HK0003000038,3,01852602W,-0.0003278726319959,HKG,BBG000BDWSR2,,HK,-0.018008185538881283,-0.01882111386773888,5.904391190103511e-06,6.170928140910081e-06,False
US4278661081,HSY,00559701,-0.0002008456629354,USA,BBG000BLHRS2,,US,-0.030758753759718593,-0.030758753759718593,6.177762289937408e-06,6.177762289937408e-06,False
US1941621039,CL,00317001,-0.0001989026585454,USA,BBG000BFQYY3,,US,-0.031173458027165424,-0.031173458027165424,6.200483677656643e-06,6.200483677656643e-06,False
US8552441094,SBUX,02543401,-7.40984539931378e-05,USA,BBG000CTQBF3,,US,-0.08385882352941176,-0.08385882352941176,6.213809177212779e-06,6.213809177212779e-06,False
AU0000185993,IREN,03996001,4.2447545804167306e-05,AUS,BBG010J28KQ2,,US,0.14832278054694847,0.14832278054694847,6.2959380210680505e-06,6.2959380210680505e-06,False
US74340W1036,PLD,02998401,-0.0001728450764674,USA,BBG000B9Z0J8,,US,-0.03652086906803875,-0.03652086906803875,6.312452406721061e-06,6.312452406721061e-06,False
AU000000CBA7,CBA,02451201W,-0.0001110026384813,AUS,BBG000BS8L64,,AU,-0.052282676672920636,-0.057306847750826506,5.803515057558906e-06,6.361211303387895e-06,False
FR0000121972,SU,10133602W,-0.0001093302885608,FRA,BBG000BBWBV8,,FP,-0.05159538357094384,-0.05828987073921521,5.640938174216449e-06,6.372848388090131e-06,False
US64110D1046,NTAP,06159101,0.0001908123267591,USA,BBG000FP1N32,,US,0.03346106103945168,0.03346106103945168,6.384782912766044e-06,6.384782912766044e-06,False
US3167731005,FITB,00464001,-0.0002543011544487,USA,BBG000BJL3N0,,US,-0.025292914264459898,-0.025292914264459898,6.432017296824144e-06,6.432017296824144e-06,False
US98419M1009,XYL,18949101,-0.0002513487820826,USA,BBG001D8R5D0,,US,-0.025792022639945733,-0.025792022639945733,6.482793477997206e-06,6.482793477997206e-06,False
JP3756600007,7974,10245001W,-8.658931561363228e-05,JPN,BBG000BLCPP4,,JP,-0.10150375939849621,-0.07509108680560217,8.789141058526583e-06,6.502085815180945e-06,False
CH0311864901,VACN,32150201W,-0.0001856099813746,CHE,BBG00CM52ZC4,,SW,-0.02202202202202186,-0.035036292346244946,4.087507097338508e-06,6.503085569821565e-06,False
JP3116000005,2502,10295001W,-0.0005845986405701,JPN,BBG000BFVY31,,JP,-0.039379474940334114,-0.011140445065210614,2.3021187516483642e-05,6.512689040468003e-06,False
JP3188200004,4768,23949801W,0.0002763572098453,JPN,BBG000C0H4Y1,,JP,-0.005538631957906381,0.02369507711601404,-1.5306408742470188e-06,6.548305398850858e-06,False
JP3571400005,8035,10065801W,-0.0001146132507791,JPN,BBG000BB59S7,,JP,-0.08416017009213328,-0.057237556906158615,9.645870680381383e-06,6.560182463668564e-06,False
US34959J1088,FTV,02659001,-0.000111336134318,USA,BBG00BLVZ228,,US,-0.05900747790618632,-0.05900747790618632,6.569664485929579e-06,6.569664485929579e-06,False
DE000PAG9113,P911,35451901W,-0.0005521984169305,DEU,BBG019QZNV90,,GR,-0.004875886524822626,-0.011900015071762637,2.6924568201398114e-06,6.571169484076419e-06,False
CA1367178326,CU,01443301C,-0.0002105150892336,CAN,BBG000BYDP11,,CN,-0.02581888246628128,-0.03140958860905685,5.435264346301033e-06,6.6121923488262685e-06,False
JP3351600006,4911,01934401W,-0.0001513994721289,JPN,BBG000BG7Y27,,JP,-0.07112184648416531,-0.043816000311988845,1.076781001453529e-05,6.633719318034829e-06,False
US29364G1031,ETR,00736601,-0.0001768240000333,USA,BBG000C1FQS9,,US,-0.037531746778289965,-0.037531746778289965,6.636513593574152e-06,6.636513593574152e-06,False
US94106L1098,WM,01447701,-0.0003728634488597,USA,BBG000BWVSR1,,US,-0.01814635483281568,-0.01814635483281568,6.7661124471955395e-06,6.7661124471955395e-06,False
NO0005052605,NHY,01238301W,-6.989496666443432e-05,NOR,BBG000C34K73,,NO,-0.09648562300319485,-0.09737487501181474,6.743859403405482e-06,6.80601364290425e-06,False
US8243481061,SHW,00966701,-0.0001334028392635,USA,BBG000BSXQV7,,US,-0.05120864201174702,-0.05120864201174702,6.831378239195201e-06,6.831378239195201e-06,False
US8793601050,TDY,12672101,-0.0003561211326884,USA,BBG000BMT9T6,,US,-0.019332735133371415,-0.019332735133371415,6.8847955336610545e-06,6.8847955336610545e-06,False
US88160R1014,TSLA,18499601,-0.0002581277004053,USA,BBG000N9MNX3,,US,-0.02682429677945375,-0.02682429677945375,6.92409404266969e-06,6.92409404266969e-06,False
JP3820000002,6504,10185101W,-0.0001461485127962,JPN,BBG000BLTF50,,JP,-0.07472924187725627,-0.047529415996615865,1.0921567562748512e-05,6.946353461977327e-06,False
FR0010533075,GET,20208603W,-0.0003112271963403,FRA,BBG000TVW0H5,,FP,-0.015384615384615552,-0.022334865433223494,4.788110712927744e-06,6.951217549420028e-06,False
US0533321024,AZO,02380901,-0.0001469506606347,USA,BBG000C7LMS8,,US,-0.047538813334937924,-0.047538813334937924,6.985860025358813e-06,6.985860025358813e-06,False
JP3877600001,8002,10054501W,0.0001670061712064,JPN,BBG000B9Y8X6,,JP,0.012175324675324672,0.04192993779996712,2.033354357220779e-06,7.002558370895012e-06,False
US9113121068,UPS,01092001,-0.000133903780101,USA,BBG000L9CV04,,US,-0.05238415043653466,-0.05238415043653466,7.014435760831439e-06,7.014435760831439e-06,False
FR0000133308,ORA,22094001W,0.0003042570800868,FRA,BBG000DQSH27,,FP,0.030509574813372353,0.023235372840507917,9.282754147406448e-06,7.069526695181074e-06,False
JP3102000001,7259,10224001W,0.0003347381040215,JPN,BBG000BMCGL6,,JP,-0.007996446023989301,0.02116558629035814,-2.6767151809804408e-06,7.084928225337938e-06,False
CA45823T1066,IFC,16249101C,-0.0002598982083333,CAN,BBG000QDQ4F9,,CN,-0.02170574421291971,-0.027320272581203398,5.641284031478727e-06,7.100489895032144e-06,False
NL0010832176,ARGX,31800501W,-0.000168584609141,NLD,BBG006Z1V3F8,,GR,-0.035392245266005484,-0.042201104022407954,5.966587834791942e-06,7.114456626936328e-06,False
US6937181088,PCAR,00825301,-0.0001506887753555,USA,BBG000BQVTF5,,US,-0.04761137517119152,-0.04761137517119152,7.174499817538108e-06,7.174499817538108e-06,False
DK0010272202,GMAB,24520701W,0.0002087930203938,DNK,BBG000BKPC35,,DC,0.04194156456173426,0.03446603664018899,8.757105944886059e-06,7.196267891108438e-06,False
FR0000120321,OR,10058103W,-0.0005051307993665,FRA,BBG000BC9821,,FP,-0.00727839875227454,-0.014285689032720206,3.6765433798445742e-06,7.2161415205992e-06,False
KYG8187G1055,1308,29553601W,0.0006371688718234,HKG,BBG00159JSG3,,HK,0.012170087976539401,0.011352348051103522,7.754401226003135e-06,7.233362800268204e-06,False
DE0006048432,HEN3,10194201W,-0.0002039056831068,DEU,BBG000BC3925,,GR,-0.02875230809812701,-0.03560804717615518,5.862759023645765e-06,7.2606831835530815e-06,False
CA87807B1076,TRP,01067101C,-0.0004166495138499,CAN,BBG000D07ZQ1,,CN,-0.011899260628465802,-0.017569824396226896,4.9578211560235326e-06,7.32045879311605e-06,False
AU000000APA1,APA,24253601W,-0.0004267513242427,AUS,BBG000BC42W6,,AU,-0.011937557392102893,-0.017175359821674507,5.094368425303142e-06,7.3296075482444604e-06,False
GB00BMX86B70,HLN,35344401W,-8.812183679399376e-05,GBR,BBG015L9B564,,LN,-0.07713199348180333,-0.08340355354391382,6.7970129411988636e-06,7.349674333435894e-06,False
AU0000364754,SGH,20832601W,-0.0001137513978571,AUS,BBG000BJ66K3,,AU,-0.059747538500378616,-0.06473199741480573,6.796366022938968e-06,7.363355192016335e-06,False
ES0173516115,REP,01531901W,0.0001162177041509,ESP,BBG000C2V6W8,,SM,0.0711926605504587,0.06363119161317798,8.273847561568658e-06,7.395071001669548e-06,False
US6974351057,PANW,17106701,-0.000441003077803,USA,BBG0014GJCT9,,US,-0.016957579881192286,-0.016957579881192286,7.47834491969603e-06,7.47834491969603e-06,False
US58933Y1055,MRK,00725701,-0.0005546567374209,USA,BBG000BPD168,,US,-0.013490795885219176,-0.013490795885219176,7.482760830906971e-06,7.482760830906971e-06,False
GB00BDCPN049,CCEP,01275602W,-0.0001777190872895,GBR,BBG00NQJGNR2,,LN,-0.03629536921151444,-0.04284497973060997,6.450379889105765e-06,7.614370692661131e-06,False
US2166485019,COO,00350401,-3.4495281598971525e-05,USA,BBG000BG3445,,US,-0.22085889570552153,-0.22085889570552153,7.618589800999848e-06,7.618589800999848e-06,False
CA3495531079,FTS,01439001C,-0.0003669188372848,CAN,BBG000BYTHG6,,CN,-0.015145580362971645,-0.02079760056779134,5.557198736785055e-06,7.631031418647696e-06,False
SE0001515552,INDT,27419601W,-0.0001786631258305,SWE,BBG000QB04X1,,SS,-0.022187004754358086,-0.042811334912408294,3.963999622229781e-06,7.648806916427282e-06,False
DE0006048408,HEN,10194202W,-0.0001752157070967,DEU,BBG000BL4Y74,,GR,-0.03693181818181834,-0.04372975146141622,6.471034637094063e-06,7.662139323474994e-06,False
US4523081093,ITW,00587801,-0.0002627401687218,USA,BBG000BMBL90,,US,-0.02919708029197088,-0.02919708029197088,7.67124580209637e-06,7.67124580209637e-06,False
DE0005785802,FME,21278201W,0.0006889426712141,DEU,BBG000DHXQT2,,GR,0.01832527360651559,0.011137258373045356,1.2625062949202095e-05,7.67293253352747e-06,False
US2944291051,EFX,00442301,-5.75986478613134e-05,USA,BBG000BHPL78,,US,-0.13406599198819313,-0.13406599198819313,7.7220198627056e-06,7.7220198627056e-06,False
NO0010310956,SALM,28452301W,-0.000400422261825,NOR,BBG000P3KVK2,,NO,-0.018453427065026395,-0.019419057051361155,7.38916300380054e-06,7.77582274701475e-06,False
CH0012005267,NOVN,10131001W,-9.153631123265208e-05,CHE,BBG000NQV2C4,,SW,-0.072854129482395,-0.08519192783506846,6.6687982708844424e-06,7.798154820820463e-06,False
US92532F1003,VRTX,02434401,-0.0001369298737866,USA,BBG000C1S2X2,,US,-0.05740835965621094,-0.05740835965621094,7.860919442020703e-06,7.860919442020703e-06,False
GB00BWFGQN14,SPX,10061901W,-0.0001854355038344,GBR,BBG000BF2DL9,,LN,-0.03586497890295359,-0.04241747392960715,6.650640432879326e-06,7.865705649519228e-06,False
US17275R1023,CSCO,02077901,-0.0003168383868827,USA,BBG000C3J3C9,,US,-0.024889130238030632,-0.024889130238030632,7.885831875531055e-06,7.885831875531055e-06,False
DE000SYM9999,SY1,28177201W,-0.0004967918075434,DEU,BBG000N4B6Z1,,GR,-0.008918860126169159,-0.015914544686803422,4.430816643306333e-06,7.906215421187285e-06,False
US2315611010,CW,00366201,-0.0003693862531049,USA,BBG000BGSPS5,,US,-0.021440955830601016,-0.021440955830601016,7.919994337253368e-06,7.919994337253368e-06,False
JP3148800000,4062,10262001W,-0.0001709829059997,JPN,BBG000BG1X98,,JP,-0.07357614275238333,-0.046342406847153406,1.2580262700051269e-05,7.923759393746686e-06,False
NL0000334118,ASM,00116601W,-0.0001559673337293,NLD,BBG000F5L3Q3,,,-0.04504950495049498,-0.05179019182369293,7.026251172953603e-06,8.07757813207038e-06,False
IL0005850180,HARL,22488802W,0.0003510499865698,ISR,BBG000G28QD7,,IT,0.03590893595041322,0.02301355870619437,1.260583148312837e-05,8.078909474732837e-06,False
US6703461052,NUE,00803001,0.0001832428945225,USA,BBG000BQ8KV2,,US,0.04422368210222727,0.04422368210222727,8.103675514855003e-06,8.103675514855003e-06,False
FR0014000MR3,ERF,22581601W,0.0003604980103728,LUX,BBG000BH79M8,,FP,0.02977667493796532,0.022507847421351146,1.0734432070654116e-05,8.114034213171645e-06,False
DE000EVNK013,EVK,29542101W,-9.495732462793214e-05,DEU,BBG000DD3GQ9,,GR,-0.079683377308707,-0.08617975108816034,7.566520326552893e-06,8.18339860043283e-06,False
JP3502200003,8601,01548301W,0.0003655251857716,JPN,BBG000BGW979,,JP,-0.0067805804176837015,0.022417574422085584,-2.478472916813108e-06,8.194188055181502e-06,False
DK0010244508,MAERSK B,10329204W,0.0002375986985984,DNK,BBG000BLYM22,,DC,0.042246982358403073,0.03476924420484395,1.0037828028066134e-05,8.261127174320883e-06,False
US46982L1089,J,00621601,-0.000222980642784,USA,BBG019C1BQR4,,US,-0.03730291848373035,-0.03730291848373035,8.317828741221348e-06,8.317828741221348e-06,False
US45337C1027,INCY,02912701,0.0006729259184449,USA,BBG000BNPSQ9,,US,0.012416815452036989,0.012416815452036989,8.355596942222817e-06,8.355596942222817e-06,False
FR0000125338,CAP,10194402W,-0.000383039990472,FRA,BBG000BBY7B7,,FP,-0.014918414918414835,-0.021871733346004008,5.714349508206961e-06,8.377748532459499e-06,False
US2371941053,DRI,03184601,-0.0002931179457372,USA,BBG000BBNYF6,,US,-0.028843461215345756,-0.028843461215345756,8.45453609939275e-06,8.45453609939275e-06,False
DE000BASF111,BAS,01743601W,-0.0003987406851245,DEU,BBG000BBVT77,,GR,-0.01442398937179723,-0.021380830606517187,5.751431404338934e-06,8.525407044573542e-06,False
IL0002810146,ICL,22021102W,-0.0005003792548474,ISR,BBG000BJCMT2,,IT,-0.004756582796957232,-0.01714503717937277,2.3800953555614216e-06,8.579020928145515e-06,False
DK0010244425,MAERSK A,10329203W,0.0002803258326628,DNK,BBG000BLYFY2,,DC,0.03842459173871271,0.030974278359212404,1.0771405673882786e-05,8.682890372175563e-06,False
US45167R1041,IEX,01526701,-0.0002813165970973,USA,BBG000C1HN22,,US,-0.031228131560531835,-0.031228131560531835,8.784991704315612e-06,8.784991704315612e-06,False
US0495601058,ATO,00438301,-0.0003504733282224,USA,BBG000BRNGM2,,US,-0.02510054158720787,-0.02510054158720787,8.797070350253505e-06,8.797070350253505e-06,False
JP3201200007,7733,10068601W,-0.0003010682077624,JPN,BBG000BGS8G6,,JP,-0.05723106150558066,-0.029516713118328597,1.723045311582485e-05,8.886543917572111e-06,False
US77311W1018,RKT,03672201,-0.0002607400805053,USA,BBG00VY1MYW7,,US,-0.03430275913497394,-0.03430275913497394,8.94410417840702e-06,8.94410417840702e-06,False
SE0000242455,SWED A,02457801W,0.0002775242157704,SWE,BBG000BQXJ29,,SS,0.05449229133439659,0.03225105659223515,1.5122930418110578e-05,8.95044918852685e-06,False
JP3538800008,6762,01027501W,-0.0002272591613879,JPN,BBG000C26MP9,,JP,-0.06692657569850557,-0.03949719989313161,1.5209677467806185e-05,8.976100524883343e-06,False
CH0038863350,NESN,01660301W,-0.0003237097217039,CHE,BBG000CPBD63,,SW,-0.01471707688403956,-0.027828553739401296,4.764060862427346e-06,9.00837338640362e-06,False
GB00B082RF11,RTO,10009102W,-0.0001572010795027,GBR,BBG000BDZZ11,,LN,-0.05120046282904245,-0.05764850183984582,8.048768027763339e-06,9.062406720937151e-06,False
CA36168Q1046,GFL,03561201C,-0.0003761216153601,CAN,BBG003FD9W71,,CN,-0.01861338797814216,-0.024245297398315158,7.000897553663095e-06,9.119180422340327e-06,False
JP3976300008,7453,20675501W,-0.0001518083796783,JPN,BBG000FCZGW7,,JP,-0.0871126663290207,-0.060271297668337054,1.3224432724865035e-05,9.149688040138749e-06,False
US43300A2033,HLT,00564304,-0.0002727150454233,USA,BBG0058KMH30,,US,-0.03367269508030857,-0.03367269508030857,9.183050568351281e-06,9.183050568351281e-06,False
US6658591044,NTRS,00798201,-0.0002107250135823,USA,BBG000BQ74K1,,US,-0.043582129769346833,-0.043582129769346833,9.183844887591174e-06,9.183844887591174e-06,False
SE0015949201,LIFCO B,23422502W,-0.0001636326566844,SWE,BBG000BF5PB0,,SS,-0.03591682419659725,-0.05625134549875266,5.877165362955749e-06,9.204557106032964e-06,False
US1258961002,CMS,00343901,-0.0003041641908913,USA,BBG000BFVXX0,,US,-0.03041434028798129,-0.03041434028798129,9.250953205186498e-06,9.250953205186498e-06,False
US6174464486,MS,01212401,-0.0001827386161266,USA,BBG000BLZRJ2,,US,-0.05109694355897243,-0.05109694355897243,9.337384754265608e-06,9.337384754265608e-06,False
CA15135U1093,CVE,18379101C,0.0004332365037,CAN,BBG000FT86F1,,CN,0.027448337825696223,0.021553671234676663,1.1891621911981091e-05,9.33783716761058e-06,False
US23804L1035,DDOG,03562001,-0.0003567659902024,USA,BBG003NJHZT9,,US,-0.026366857914276065,-0.026366857914276065,9.406798172312687e-06,9.406798172312687e-06,False
JP3639650005,7532,21318601W,-0.000115049867828,JPN,BBG000HQ1H40,,JP,-0.1083023543990086,-0.0820897294345313,1.2460171559067153e-05,9.444412521479107e-06,False
US2172041061,CPRT,02990101,-0.0001443390486945,USA,BBG000BM9RH1,,US,-0.06577750833585938,-0.06577750833585938,9.494262978692487e-06,9.494262978692487e-06,False
US4461501045,HBAN,00578601,-0.000188505767136,USA,BBG000BKWSR6,,US,-0.05184297272999694,-0.05184297272999694,9.772699345078801e-06,9.772699345078801e-06,False
US23331A1097,DHI,02534001,-0.0002275192581913,USA,BBG000DQTXY6,,US,-0.043165467625899345,-0.043165467625899345,9.820975173725195e-06,9.820975173725195e-06,False
US4435106079,HUBB,00576401,-0.0003222172423929,USA,BBG000BLK267,,US,-0.030750627173099843,-0.030750627173099843,9.908382289568409e-06,9.908382289568409e-06,False
US9113631090,URI,06606501,-0.0003288853157731,USA,BBG000BXMFC3,,US,-0.03058766859344897,-0.03058766859344897,1.0059835044119397e-05,1.0059835044119397e-05,False
JP3684000007,6988,10068301W,-0.0004491046112748,JPN,BBG000BGP8R7,,JP,-0.050398633257403236,-0.022483869457065375,2.263425859784729e-05,1.0097609452468694e-05,False
NL0011540547,ABN,32076490W,0.0003160192018589,NLD,BBG00BDTXC40,,,0.03979860944617597,0.03245889804684854,1.2577124792274608e-05,1.0257635053984483e-05,False
US15189T1079,CNP,00574201,-0.0003218066613031,USA,BBG000FDBX90,,US,-0.03207070707070714,-0.03207070707070714,1.0320567168053987e-05,1.0320567168053987e-05,False
US0091581068,APD,00120901,-0.0001429467212991,USA,BBG000BC4JJ4,,US,-0.0723195243327086,-0.0723195243327086,1.0337838889271179e-05,1.0337838889271179e-05,False
JP3526600006,9502,10045001W,0.0002075769863678,JPN,BBG000BNBHR7,,JP,0.02001044022968501,0.04999508206833192,4.153706878771002e-06,1.0377828468955177e-05,False
DE0005439004,CON,10060901W,-0.0003125839950816,DEU,BBG000BBZ9D0,,GR,-0.026367461430575,-0.03324008523080213,8.242046434129133e-06,1.0390318638297018e-05,False
CA4932711001,KEY,15413501C,-9.566560768727948e-05,CAN,BBG000BMT0R7,,CN,-0.10370321078023625,-0.10884630434216203,9.920830678413335e-06,1.0412847849407497e-05,False
DK0060448595,COLO B,10153801W,-0.0001129427646319,DNK,BBG000BLV8N3,,DC,-0.08587619877942465,-0.09243471192237074,9.699095306226817e-06,1.0439831912465798e-05,False
US3724601055,GPC,00512501,-0.000345974304995,USA,BBG000BKL348,,US,-0.030557234465983463,-0.030557234465983463,1.0572017956937887e-05,1.0572017956937887e-05,False
JP3205800000,4452,01871501W,-0.000370320074339,JPN,BBG000BG5Y92,,JP,-0.056303213402911334,-0.0285617175799332,2.0850210172890707e-05,1.0576977377450386e-05,False
GB00B8C3BL03,SGE,10464301W,-0.0001323308461263,GBR,BBG000BN0P46,,LN,-0.07371794871794868,-0.08001271782660468,9.75515852854134e-06,1.0588150650859484e-05,False
SG1F60858221,S63,21488201W,-0.0001654501600779,SGP,BBG000BX7R98,,SP,-0.06302131603336425,-0.06464067827763109,1.042688682604004e-05,1.0694810568578098e-05,False
US8330341012,SNA,00977801,-0.0003120630213898,USA,BBG000BT7JW9,,US,-0.03450596671067274,-0.03450596671067274,1.0768036227708393e-05,1.0768036227708393e-05,False
CA7063271034,PPL,13061801C,-0.0005902771182247,CAN,BBG000BS6M19,,CN,-0.012779751332149147,-0.018445944462759933,7.54359478796927e-06,1.0888218940410796e-05,False
US26441C2044,DUK,00409301,-0.0006079589713771,USA,BBG000BHGDH5,,US,-0.01793011425235591,-0.01793011425235591,1.090077381753618e-05,1.090077381753618e-05,False
US2358511028,DHR,00373501,-0.000448504579894,USA,BBG000BH3JF8,,US,-0.02434912905038389,-0.02434912905038389,1.0920695895527218e-05,1.0920695895527218e-05,False
US69608A1088,PLTR,03691001,-0.0001696839088876,USA,BBG000N7QR55,,US,-0.06459920592338231,-0.06459920592338231,1.0961445772114514e-05,1.0961445772114514e-05,False
DE000A1EWWW0,ADS,22124401W,-0.000193275123939,DEU,BBG000FR1Q22,,GR,-0.05062872270019858,-0.0573300601761938,9.785272654754143e-06,1.1080474485984185e-05,False
CH0010570759,LISN,10189502W,-0.0004793402086057,CHE,BBG000BC5J58,,SW,-0.009977827050997812,-0.023152364368074996,4.782773700056888e-06,1.1097859165908244e-05,False
DK0060079531,DSV,21302901W,-0.0001310185043839,DNK,BBG000BSNX70,,DC,-0.0784530386740332,-0.08506483641523466,1.0278799791444094e-05,1.1145067642785158e-05,False
FI0009007132,FORTUM,22559701W,8.126770231315191e-05,FIN,BBG000CKYDB3,,FH,0.14671814671814687,0.13862408715759855,1.1923446671427706e-05,1.1265661048556143e-05,False
US5797802064,MKC,00714601,-0.0001470704413074,USA,BBG000G6Y5W4,,US,-0.07672445592032451,-0.07672445592032451,1.1283899591272285e-05,1.1283899591272285e-05,False
CH0008742519,SCMN,11492701W,0.0001897654794547,CHE,BBG000CWDCF8,,SW,0.0742218675179569,0.05992686260848967,1.4084748275568316e-05,1.1372049815115976e-05,False
CH0030170408,GEBN,22891801W,-0.0001990552444323,CHE,BBG000FHLJD6,,SW,-0.04454577341283772,-0.05726030350106803,8.867069815118262e-06,1.1397963709672779e-05,False
SE0000872095,SOBI,27914301W,-0.0002642498081629,SWE,BBG000C3YBM3,,SS,-0.023121387283237094,-0.043725628198865496,6.109822154055517e-06,1.1554488863352497e-05,False
IL0006954379,MZTF,22276501W,0.0004881025471318,ISR,BBG000J72GT4,,IT,0.036653736928433434,0.02374902377005239,1.7890782356667277e-05,1.1591958994056236e-05,False
ES0173093024,RED,23411701W,-0.0005117245608797,ESP,BBG000C2V319,,SM,-0.015706806282722474,-0.022654779113931878,8.03755854784867e-06,1.1593006893903389e-05,False
SE0017486897,ATCO B,01742002W,-0.0001759646137643,SWE,BBG000BBM533,,SS,-0.04624439461883412,-0.06636129214299868,8.137377037867018e-06,1.1677239140842638e-05,False
FR0013154002,DIM,21150901W,-0.0006626116801575,FRA,BBG000FH5W54,,FP,-0.010714285714285676,-0.017697322537519766,7.0994108588303315e-06,1.1726452620875163e-05,False
BE0974464977,SYENS,35964501W,-0.00022712613495,BEL,BBG01KBN5R33,,BB,-0.04495073891625623,-0.05169212267905321,1.0209487593195829e-05,1.1740632031454596e-05,False
DE0007236101,SIE,01934901W,-0.0001249563846991,DEU,BBG000BCCRV3,,GR,-0.08755274261603363,-0.09399342251104659,1.0940274187790386e-05,1.1745078262475383e-05,False
JP3885780001,8411,24813602W,0.0005203303834081,JPN,BBG000PPN705,,JP,-0.006610228458773015,0.022592230807334968,-3.4395027083684974e-06,1.1755424118024893e-05,False
NL0015001FS8,FER,27121701W,-0.0002013418663245,NLD,BBG01H7CZ9S9,,US,-0.058582408198121216,-0.058582408198121216,1.1795091400393415e-05,1.1795091400393415e-05,False
FR0000052292,RMS,20305301W,-9.001364646782588e-05,FRA,BBG000BDYXR9,,FP,-0.1252371916508539,-0.1314118543256826,1.1273056293883318e-05,1.1828860196953427e-05,False
FR0000121220,SW,10208901W,-0.0003612749401608,FRA,BBG000BC1FY8,,FP,-0.025906735751295318,-0.032782490909115114,9.359454408310874e-06,1.1843492441512533e-05,False
US62944T1051,NVR,01245901,-0.0005809413044801,USA,BBG000BQBYR3,,US,-0.0203951400028185,-0.0203951400028185,1.184837923829165e-05,1.184837923829165e-05,False
US74144T1088,TROW,01213801,-0.0001740853111494,USA,BBG000BVMPN3,,US,-0.06832135154565067,-0.06832135154565067,1.1893743741972137e-05,1.1893743741972137e-05,False
SG1M51904654,C38U,25511801W,-0.0002496326492241,SGP,BBG000HR2RC6,,SP,-0.04641350210970474,-0.04805737489472872,1.1586325491413948e-05,1.1996689809726885e-05,False
SE0014781795,ADDT B,24731801W,-0.000207004315824,SWE,BBG000D22M36,,SS,-0.037846251067863435,-0.05814109107850718,7.8343373088064e-06,1.203545677996725e-05,False
CA87241L1094,TFII,15076401C,-0.0002037010896795,CAN,BBG000G5FQQ8,,CN,-0.053914724519385615,-0.05934427654623253,1.0982488134368906e-05,1.2088493798709162e-05,False
US6556631025,NDSN,00792101,-0.0003331424489245,USA,BBG000BPWGR1,,US,-0.036538604998134994,-0.036538604998134994,1.2172560349363667e-05,1.2172560349363667e-05,False
JP3404600003,8053,10184601W,0.000466985456507,JPN,BBG000BB6ZY1,,JP,-0.003070053028188635,0.026236907617313232,-1.4336701148693674e-06,1.2252254281003006e-05,False
US22052L1044,CTVA,03516801,-0.000300678895877,USA,BBG00BN969C1,,US,-0.040810587262200215,-0.040810587262200215,1.227088231809032e-05,1.227088231809032e-05,False
JP3165000005,8630,01593301W,0.0004171539935502,JPN,BBG000QDQHZ8,,JP,0.00014598540145982497,0.02954685850022032,6.089839321899518e-08,1.2325590020229578e-05,False
AU000000TLS2,TLS,21021602W,0.0003164840935233,AUS,BBG019C5W204,,AU,0.04497156850537509,0.03942720819001955,1.4232786092744624e-05,1.2478084244172766e-05,False
JP3898400001,8058,10055501W,0.0002102578044236,JPN,BBG000BB8GZ0,,JP,0.029142381348876034,0.059395708915721546,6.127413118089945e-06,1.2488411348802854e-05,False
CH0025751329,LOGN,10269601W,0.0005397531132967,CHE,BBG000CYR5S0,,SW,0.037027707808564125,0.023227606727440397,1.9985820567913015e-05,1.2537173045567327e-05,False
JP3166000004,6361,10040801W,-0.0002307456888581,JPN,BBG000BLN558,,JP,-0.08139286477248453,-0.054388760929602986,1.8781052650061125e-05,1.2549972106839757e-05,False
US7547301090,RJF,00889801,-0.0001648261169957,USA,BBG000BS73J1,,US,-0.07633159342201268,-0.07633159342201268,1.2581440147844865e-05,1.2581440147844865e-05,False
DE0007100000,MBG,01782801W,-0.0002923928067624,DEU,BBG000CCVZZ9,,GR,-0.036363636363636376,-0.04316558219873934,1.0632465700450912e-05,1.2621305734622484e-05,False
US9224751084,VEEV,01868901,-0.0001765845356991,USA,BBG001CGB489,,US,-0.07277118555077189,-0.07277118555077189,1.2850266012756108e-05,1.2850266012756108e-05,False
AU000000RIO1,RIO,01956515W,-0.0002060050621286,GBR,BBG000BZ7CR6,,GR,-0.05597014925373134,-0.06263377846927876,1.1530134074361939e-05,1.290287542491274e-05,False
FR0000120271,TTE,02462502W,0.0002477265905034,FRA,BBG000C1M473,,FP,0.05957897524162581,0.052099763856344294,1.4759296402294444e-05,1.2906496866164443e-05,False
US92840M1027,VST,15737302,0.0005880842867305,USA,BBG00DXDL6Q1,,US,0.02198442163500025,0.02198442163500025,1.2928692916401695e-05,1.2928692916401695e-05,False
FI0009013296,NESTE,27274601W,0.0003189245195648,FIN,BBG000C4DNY5,,FH,0.04861982434127987,0.04121776697718382,1.5506054119367652e-05,1.314535653073223e-05,False
NZFAPE0001S2,FPH,10125601W,-0.0004144176452434,NZL,BBG000D2JJ62,,NZ,-0.004729729729729737,-0.031801695258360296,1.9600834572323e-06,1.3179183663717873e-05,False
FR0000120172,CA,10034601W,0.00020380140991,FRA,BBG000BBY8Q9,,FP,0.07240829346092492,0.06483814900341289,1.4756912296513533e-05,1.321410618285021e-05,False
JP3494600004,7735,10038801W,-0.0003252650934863,JPN,BBG000BMGL95,,JP,-0.06838235294117645,-0.0409959617397323,2.224239242222492e-05,1.3334555327834805e-05,False
US92826C8394,V,17953401,-0.0006015325592362,USA,BBG000PSKYX7,,US,-0.022247410180035287,-0.022247410180035287,1.3382541581974115e-05,1.3382541581974115e-05,False
JP3443600006,1801,10094901W,0.000468394508366,JPN,BBG000BFR3K5,,JP,-0.0007955449482895949,0.028577638651655635,-3.726288849371597e-07,1.338560900650344e-05,False
CA5394811015,L,00677101C,0.0004318334794415,CAN,BBG000BZC425,,CN,0.03707124010554086,0.03111963393506101,1.600860260198699e-05,1.3438499801123174e-05,False
JP3233250004,7181,32061001W,0.0001713452276333,JPN,BBG000C15837,,JP,0.04778761061946901,0.0785889375203721,8.188179019644422e-06,1.346583938888735e-05,False
US0090661010,ABNB,03746001,-0.0001575852051989,USA,BBG001Y2XS07,,US,-0.08574391441982321,-0.08574391441982321,1.351197234840476e-05,1.351197234840476e-05,False
JP3906000009,6479,01900201W,0.0002550549624621,JPN,BBG000BLSVP4,,JP,0.023372781065088777,0.05345690741345277,5.9613437971910995e-06,1.363444951367815e-05,False
SE0015658117,EPI B,32746602W,-0.0001909860887179,SWE,BBG00KRMTPW5,,SS,-0.052444444444444516,-0.07243044417138034,1.0016159319427658e-05,1.3833207236392148e-05,False
US68389X1054,ORCL,01214201,-0.0003466487694417,USA,BBG000BQLTW7,,US,-0.03996781115879833,-0.03996781115879833,1.3854792555475685e-05,1.3854792555475685e-05,False
JP3942800008,7272,10066701W,-0.0004774648814257,JPN,BBG000BDDSG5,,JP,-0.05680628272251309,-0.029079323357929066,2.7123005044339503e-05,1.3884355679033189e-05,False
CA87262K1057,X,01451701C,-0.0005618140962611,CAN,BBG001QG2N64,,CN,-0.019248565611697188,-0.024876945351114954,1.0814115493458144e-05,1.3976218570173421e-05,False
SE0015658109,EPI A,32746601W,-0.0002094332101196,SWE,BBG00JWT5W21,,SS,-0.046863189720332654,-0.06696685944106284,9.814708259573107e-06,1.4025084344369834e-05,False
US37940X1028,GPN,14191301,-0.0002962454604189,USA,BBG000CX0P89,,US,-0.047392641405821,-0.047392641405821,1.4039854873735266e-05,1.4039854873735266e-05,False
DE0006231004,IFX,13274001W,-0.0003469707872406,DEU,BBG000C8L0S4,,GR,-0.033777777777777795,-0.040598124159182514,1.1719902146793607e-05,1.408636310000318e-05,False
US7170811035,PFE,00853001,-0.0004034288761732,USA,BBG000BR2B91,,US,-0.035137034434293724,-0.035137034434293724,1.4175294313886148e-05,1.4175294313886148e-05,False
JP3802300008,9983,21294801W,-0.0002983910140216,JPN,BBG000CLY9H4,,JP,-0.07480972252948459,-0.04761274831881479,2.2322548964247443e-05,1.4207216251206378e-05,False
CA4488112083,H,02494401C,-0.0004545584846528,CAN,BBG00B0VKL16,,CN,-0.025753373313343375,-0.031344222541304645,1.1706414348011223e-05,1.4247782300995575e-05,False
US0367521038,ELV,14504601,0.0002603959236311,USA,BBG000BCG930,,US,0.05534213073826866,0.05534213073826866,1.4410865249304558e-05,1.4410865249304558e-05,False
PTBCP0AM0015,BCP,02384802W,0.000268838892242,PRT,BBG000CYXPX3,,PL,0.061215370866845475,0.05372555656414901,1.6457072492025937e-05,1.4443519111790731e-05,False
US75734B1008,RDDT,04509701,0.0002192117902841,USA,BBG005K1D4S0,,US,0.06623367837088145,0.06623367837088145,1.4519203212782194e-05,1.4519203212782194e-05,False
IT0003153415,SRG,24945701W,-0.000293468699301,ITA,BBG000FBNLN1,,IM,-0.04313319530710835,-0.04988705238660307,1.2658242723473085e-05,1.464028837585725e-05,False
US38141G1040,GS,11462801,-0.0001807815779418,USA,BBG000C6CFJ5,,US,-0.08114046203333669,-0.08114046203333669,1.466870076131332e-05,1.466870076131332e-05,False
US9694571004,WMB,01150601,-0.0003042895654813,USA,BBG000BWVCP8,,US,-0.04848900732844774,-0.04848900732844774,1.4754698970592934e-05,1.4754698970592934e-05,False
SE0017486889,ATCO A,01742001W,-0.0002116503951452,SWE,BBG000BB5SC2,,SS,-0.04975728155339809,-0.06979968038057016,1.0531148302127677e-05,1.4773129933556338e-05,False
US4523271090,ILMN,13820501,0.0002067150346635,USA,BBG000DSMS70,,US,0.07161915461311619,0.07161915461311619,1.4804756028420878e-05,1.4804756028420878e-05,False
US2333311072,DTE,00389701,-0.0004129516440844,USA,BBG000BB29X4,,US,-0.036348890363488984,-0.036348890363488984,1.501033403624638e-05,1.501033403624638e-05,False
SG1U76934819,BS6,28437501W,0.000525555730086,CHN,BBG000R6RJF9,,GR,0.03589263420724098,0.028580716747848678,1.8863579575496274e-05,1.502075945679678e-05,False
DK0010181759,CARL B,10113005W,-0.0003944336079933,DNK,BBG000BLW594,,DC,-0.03146932306995698,-0.03841815934368109,1.2412558639589922e-05,1.5153413202389643e-05,False
CH0210483332,CFR,10290201W,-0.0001506382889847,CHE,BBG000BSJVR7,,SW,-0.08899297423887587,-0.10111517718402008,1.3405749371003745e-05,1.523181728138556e-05,False
GB00BDR05C01,NG.,21181901W,-0.0004092082181057,GBR,BBG000FV67D8,,LN,-0.03076923076923077,-0.03735630551025404,1.2591022095560001e-05,1.5286507212863197e-05,False
SE0000695876,ALFA,25192101W,-0.0002268855552562,SWE,BBG000BGXTP4,,SS,-0.04732080723729981,-0.06741488477873958,1.0736407625206376e-05,1.5295463565557077e-05,False
JP3892100003,8309,25431801W,0.0005310183754357,JPN,BBG000LN14V1,,JP,-0.0005627462014631268,0.028816975498067388,-2.988285736835607e-07,1.5302343513954115e-05,False
KYG2177B1014,1113,31975901W,0.0005182781017158,HKG,BBG007WDD498,,HK,0.030441501103752877,0.02960673739291142,1.5777163405432473e-05,1.5344523653996325e-05,False
IL0011415713,OPCE,32523701W,-0.0001650695214275,ISR,BBG00738N2T2,,IT,-0.081597746252138,-0.0930304637921805,1.3469300923403001e-05,1.53564941363536e-05,False
AU000000SIG5,SIG,25438001W,-0.0004802681800778,AUS,BBG000PBSFN8,,AU,-0.02695167286245348,-0.032107831697083866,1.2944030875702763e-05,1.5420369895402768e-05,False
US26884L1098,EQT,00443001,-0.0002221481685581,USA,BBG000BHZ5J9,,US,-0.06958287190845336,-0.06958287190845336,1.5457707557475776e-05,1.5457707557475776e-05,False
CH0010645932,GIVN,23741901W,-0.000630089614023,CHE,BBG000DB0Q75,,SW,-0.011578305911029818,-0.024731545485596973,7.295370302520998e-06,1.5583089949212066e-05,False
US2910111044,EMR,00432101,-0.0003638634430107,USA,BBG000BHX7N2,,US,-0.04336132248753599,-0.04336132248753599,1.5777600093812134e-05,1.5777600093812134e-05,False
FI4000552500,SAMPO,01577301W,-0.000428124355212,FIN,BBG000BRP3G6,,FH,-0.030022619782027693,-0.036868875949335744,1.2853414735955641e-05,1.578446374320058e-05,False
US25746U1097,D,00402901,-0.0005616233078228,USA,BBG000BGVW60,,US,-0.02811846689895492,-0.02811846689895492,1.579198639069697e-05,1.579198639069697e-05,False
CH1101098163,BEAN,21177301W,-0.0001799921427052,CHE,BBG000BH3TC9,,SW,-0.07602339181286555,-0.08831903720485834,1.368361318811463e-05,1.5896732748162732e-05,False
US2810201077,EIX,00984601,0.0010366876243007,USA,BBG000D7RKJ5,,US,0.015376065209336875,0.015376065209336875,1.594017651296009e-05,1.594017651296009e-05,False
US6311031081,NDAQ,14933701,-0.0001659701758426,USA,BBG000F5VVB6,,US,-0.09682892201602267,-0.09682892201602267,1.6070713213648683e-05,1.6070713213648683e-05,False
AU000000QBE9,QBE,01575601W,0.0005662078824698,AUS,BBG000BB1VD8,,AU,0.03414185944809378,0.028659342988953007,1.9331389941686717e-05,1.6227145906750792e-05,False
DE0006599905,MRK,22030101W,-0.0002731741783465,DEU,BBG000BX4S53,,GR,-0.05308775731310944,-0.05977162271253389,1.4502204484267068e-05,1.6328063922933444e-05,False
CA46579R1047,IVN,01600501C,-0.0006226791182454,CAN,BBG003CSCHG0,,CN,-0.020695364238410563,-0.02631563850647045,1.2886571155740874e-05,1.6386198581273718e-05,False
CA1363751027,CNR,00269601C,-0.0004930454296725,CAN,BBG000GLP2C0,,CN,-0.027770586535683317,-0.033349939169777576,1.3692160770743324e-05,1.644303508751472e-05,False
FR0000120693,RI,10139601W,-0.0002432735820246,FRA,BBG000BC9LX8,,FP,-0.06139534883720932,-0.06802060332591953,1.4935866431277771e-05,1.6547615822570864e-05,False
CA04764T1049,ATRL,01435201C,0.0005769980680035,CAN,BBG000BCNST2,,CN,0.03476190476190477,0.028823520288235205,2.005755188774072e-05,1.66311155193714e-05,False
US36828A1016,GEV,04516901,0.0005634685281592,USA,BBG013G17W31,,US,0.029559391450480366,0.029559391450480366,1.665578679388381e-05,1.665578679388381e-05,False
US3377381088,FI,01263501,-0.0002304727812563,USA,BBG000BJKPG0,,US,-0.07240667792159072,-0.07240667792159072,1.6687768442118146e-05,1.6687768442118146e-05,False
NZIFTE0003S3,IFT,20982801W,-0.000344183538389,NZL,BBG000BL2TD0,,NZ,-0.02219140083217752,-0.04878854625550666,7.637914860227459e-06,1.679221448307568e-05,False
US6200763075,MSI,00758501,-0.0003482373573725,USA,BBG000BP8Z50,,US,-0.04854729033587468,-0.04854729033587468,1.6905980094160508e-05,1.6905980094160508e-05,False
US5732841060,MLM,02973301,-0.0004157315643517,USA,BBG000BGYMH7,,US,-0.040705610179294416,-0.040705610179294416,1.692260699772855e-05,1.692260699772855e-05,False
US0258161092,AXP,00144701,-0.0003159521582903,USA,BBG000BCQZS4,,US,-0.053729896719871606,-0.053729896719871606,1.6976076833358345e-05,1.6976076833358345e-05,False
JP3519400000,4519,10044101W,-0.0004277477699013,JPN,BBG000BJVLC1,,JP,-0.06755388398669171,-0.0401431275933849,2.8896023223478522e-05,1.717113330493373e-05,False
US57636Q1040,MA,16022501,-0.0004702968743516,USA,BBG000F1ZSQ2,,US,-0.03658515891466285,-0.03658515891466285,1.7205885885222515e-05,1.7205885885222515e-05,False
US7043261079,PAYX,00840201,-0.0002067727056921,USA,BBG000BQSQ38,,US,-0.08339877493324965,-0.08339877493324965,1.7244590344354516e-05,1.7244590344354516e-05,False
JP3190000004,1802,10091901W,0.000307054374422,JPN,BBG000BFRCY0,,JP,0.026566416040100238,0.05674361720349563,8.157334257827565e-06,1.742337588286079e-05,False
GB00BMVP7Y09,,03647401,-0.0003642392220433,USA,BBG00V1L5YZ5,,US,-0.04787493893502681,-0.04787493893502681,1.743793051306466e-05,1.743793051306466e-05,False
GB00BM8PJY71,NWG,01563402W,0.0006578304861746,GBR,BBG000BDYN37,,LN,0.033559022667059235,0.026534624183432998,2.2076148196616e-05,1.7455284727048028e-05,False
CH0012214059,HOLN,10130401W,-0.0003555135107625,CHE,BBG000BWZDP2,,SW,-0.036317567567567766,-0.04914149792096689,1.2911385948300324e-05,1.7470466450011036e-05,False
KYG8068L1086,SN,04311301,-0.000154611090921,USA,BBG01HN2K357,,US,-0.11330458725128578,-0.11330458725128578,1.7518145841274923e-05,1.7518145841274923e-05,False
US2788651006,ECL,00421301,-0.0005924885679731,USA,BBG000BHKYH4,,US,-0.029630649717514057,-0.029630649717514057,1.7555821219242443e-05,1.7555821219242443e-05,False
JP3749400002,4612,10189201W,-0.0004745969841007,JPN,BBG000BG79N9,,JP,-0.06454282167976833,-0.03704286057825712,3.063182851456732e-05,1.758042991290354e-05,False
DE0007010803,RAA,24441701W,-0.0002037076303565,DEU,BBG000C22V73,,GR,-0.08047808764940234,-0.08696868547159387,1.639400053068246e-05,1.7716184832638155e-05,False
JP3546800008,4543,10214601W,-0.0002165668189347,JPN,BBG000BK08X8,,JP,-0.10810810810810811,-0.08188932701467522,2.3412629074021623e-05,1.7734511056271605e-05,False
JP3539220008,8795,25081801W,0.000362396827751,JPN,BBG000BVF804,,JP,0.019262295081967196,0.04922529017261157,6.9805946329086e-06,1.7839089003676906e-05,False
US1255231003,CI,00254701,0.0008307524924732,USA,BBG00KXRCDP0,,US,0.02157381918284562,0.02157381918284562,1.7922504058315133e-05,1.7922504058315133e-05,False
ES0105066007,CLNX,31965901W,-0.0003917821892637,ESP,BBG008G74Z89,,SM,-0.0392749244712991,-0.04605644269422293,1.5387215892532025e-05,1.8044093948440802e-05,False
DE0007165631,SRT3,20882102W,-0.0005274779165774,DEU,BBG000BGC542,,GR,-0.027408303103587217,-0.03427349396256851,1.445727461800207e-05,1.8078511189203735e-05,False
FR0000120644,BN,01745202W,-0.0003081651237837,FRA,BBG000BBY0W9,,FP,-0.052271313005600506,-0.058961021012913784,1.6108195642707407e-05,1.816973033885791e-05,False
CA76131D1033,QSR,16447102C,-0.0005221753378455,CAN,BBG007PN0489,,CN,-0.029436267703415786,-0.03500628402134265,1.5370893032941717e-05,1.8279418185560127e-05,False
JP3143600009,8001,10043501W,0.00013718605046,JPN,BBG000B9WJ55,,JP,0.10175521821631883,0.1341433484327419,1.3959396500792226e-05,1.840259616696749e-05,False
US1264081035,CSX,00257401,-0.0003579346922777,USA,BBG000BGJRC8,,US,-0.05167226061204333,-0.05167226061204333,1.8495294701464846e-05,1.8495294701464846e-05,False
US9291601097,VMC,01122801,-0.0001985851051808,USA,BBG000BWGYF8,,US,-0.09377550263372647,-0.09377550263372647,1.862241805390096e-05,1.862241805390096e-05,False
AU000000BHP4,BHP,01331201W,-0.0002737978268058,AUS,BBG000D0D358,,AU,-0.06307262569832406,-0.06803899256977453,1.726914784713678e-05,1.8628928303660238e-05,False
CA13646K1084,CP,00269801C,-0.000382010111258,CAN,BBG000DMM476,,CN,-0.04330555339200859,-0.048795964482819976,1.654315926937046e-05,1.8640551821023474e-05,False
US81762P1021,NOW,17100701,-0.0003380119799976,USA,BBG000M1R011,,US,-0.05520643286708571,-0.05520643286708571,1.866043568200822e-05,1.866043568200822e-05,False
US89417E1091,TRV,06268905,0.0004817067918202,USA,BBG000BJ81C1,,US,0.03902112425873794,0.03902112425873794,1.879674057989403e-05,1.879674057989403e-05,False
ES0105046017,AENA,31921901W,-0.0003111003005836,ESP,BBG003T4Y470,,SM,-0.054504163512490544,-0.06117793791303361,1.695626165179349e-05,1.9032474873829573e-05,False
JP3210200006,1812,01870901W,0.0003579259734074,JPN,BBG000BFRXZ3,,JP,0.023150062009094752,0.05322710004917797,8.28600847904691e-06,1.9051361596755093e-05,False
FR0000120404,AC,10000101W,-0.0007298587263054,FRA,BBG000BB48R1,,FP,-0.01956147893379201,-0.02648204331867554,1.427711609926735e-05,1.932815040653296e-05,False
US83406F1021,SOFI,03891601,-0.0003338347039269,USA,BBG00YB1ZD58,,US,-0.058165548098433995,-0.058165548098433995,1.9417678528186573e-05,1.9417678528186573e-05,False
IL0006046119,LUMI,00201805W,0.0006932659953956,ISR,BBG000BXB0P4,,IT,0.041541082426942655,0.028575448629840405,2.879901985852507e-05,1.9810386838242142e-05,False
CA2861812014,EFN,17031101C,-0.0003106441264323,CAN,BBG001J94C33,,CN,-0.05882352941176472,-0.06422467617036809,1.8273183907782357e-05,1.995101842434135e-05,False
GB00BLGZ9862,TSCO,10013101W,0.0005851213230166,GBR,BBG000BF46K3,,LN,0.041329542969604116,0.03425264963726504,2.418279686204618e-05,2.0041955672580585e-05,False
US55354G1004,MSCI,17850701,-0.0003815709539418,USA,BBG000RTDY25,,US,-0.05262512266928354,-0.05262512266928354,2.0080218258222765e-05,2.0080218258222765e-05,False
GB00BH4HKS39,VOD,01489401W,0.0001990053936654,GBR,BBG000C6K5W3,,LN,0.109328830730266,0.10178613747770426,2.175702699845447e-05,2.025599035843106e-05,False
US4062161017,HAL,00543901,-0.0003434197974415,USA,BBG000BKTFN2,,US,-0.05927001356852102,-0.05927001356852102,2.0354496054056445e-05,2.0354496054056445e-05,False
CA15101Q2071,CLS,11215801C,0.0002495806006975,CAN,BBG000BRW7J6,,CN,0.08789438245479042,0.08165107849958164,2.1936732771002396e-05,2.0378525219524312e-05,False
US7757111049,ROL,00922501,-0.0002896795643064,USA,BBG000BSBBP1,,US,-0.07041863044080954,-0.07041863044080954,2.0398838185147104e-05,2.0398838185147104e-05,False
KYG3323L1005,FN,17958301,-0.0004172986966902,CYM,BBG000HBFQP5,,US,-0.04903978882619331,-0.04903978882619331,2.0464239963133103e-05,2.0464239963133103e-05,False
JP3119600009,2802,10025301W,-0.0003030044114444,JPN,BBG000BJ8LL7,,JP,-0.0951499444650129,-0.0685503704386855,2.8830852921588578e-05,2.0771064649069496e-05,False
AU000000PME8,PME,24233301W,-0.0002583135593677,AUS,BBG000C41MZ9,,AU,-0.07559953174647405,-0.08049997375312778,1.9528384131963143e-05,2.0794234749176865e-05,False
AT0000743059,OMV,10279802W,0.0004925373065699,AUT,BBG000BL7S92,,AV,0.04963503649635048,0.042226060599587,2.4447107187411153e-05,2.0797910154777958e-05,False
US25278X1090,FANG,17075001,-0.0007042468005892,USA,BBG002PHSYX9,,US,-0.029628890662410257,-0.029628890662410257,2.0866051454009645e-05,2.0866051454009645e-05,False
JP3223800008,9107,10104201W,0.0003004012374815,JPN,BBG000BN6Z93,,JP,0.039039039039038936,0.0695830721950148,1.1727375637415885e-05,2.0902840995147004e-05,False
US76155X1000,RVMD,03608301,-0.0004457617081191,USA,BBG00829F4P8,,US,-0.04694264727343489,-0.04694264727343489,2.092523463223875e-05,2.092523463223875e-05,False
CA89156V1067,TOU,18595601C,-0.000541856045497,CAN,BBG0017DRN10,,CN,-0.03333544504276209,-0.0388830693772616,1.806301242575364e-05,2.1069026209548472e-05,False
US5801351017,MCD,00715401,-0.0004215889300778,USA,BBG000BNSZP1,,US,-0.05012142369279815,-0.05012142369279815,2.113063738862287e-05,2.113063738862287e-05,False
CA87971M1032,T,00240801C,-0.0003164084017333,CAN,BBG000BZYZB2,,CN,-0.061513795674869476,-0.06689804574939118,1.9463481774034234e-05,2.116710373464605e-05,False
GB00B1FH8J72,SVT,10260303W,-0.0004306691972899,GBR,BBG000BS5F15,,LN,-0.04386522568340745,-0.0503632529809287,1.889140153401339e-05,2.1689901734204726e-05,False
US4228062083,HEIA,00556702,-0.0002476213155238,USA,BBG000F0CD91,,US,-0.08928205758283159,-0.08928205758283159,2.2108140551332423e-05,2.2108140551332423e-05,False
AU000000TCL6,TCL,21265001W,-0.0003386637213756,AUS,BBG000BW7HG4,,AU,-0.060839160839160855,-0.06581797109140852,2.0604016615158886e-05,2.2290159023208073e-05,False
US59522J1034,MAA,02964901,-0.0004140148144011,USA,BBG000BLMY92,,US,-0.053938688397361156,-0.053938688397361156,2.2331416065872243e-05,2.2331416065872243e-05,False
GB00BKDRYJ47,AAF,33273901W,0.0006739289878592,GBR,BBG00MCFH5X8,,LN,0.040264423076922906,0.033195637842361236,2.713536189096527e-05,2.2371502612443066e-05,False
US1999081045,FIX,06499701,0.0008325775862477,USA,BBG000BWN2Y9,,US,0.026998874238169712,0.026998874238169712,2.247865754462055e-05,2.247865754462055e-05,False
US4943681035,KMB,00643501,-0.0002844000610249,USA,BBG000BMW2Z0,,US,-0.08016396479851784,-0.08016396479851784,2.279863648069641e-05,2.279863648069641e-05,False
IE00BLP1HW54,AON,00322101,-0.0003517415916455,IRL,BBG00SSQFPK6,,US,-0.06515924359293357,-0.06515924359293357,2.2919216051795302e-05,2.2919216051795302e-05,False
FR0000121014,MC,01444702W,-0.000229827803441,FRA,BBG000BC7PK5,,FP,-0.09342598720494155,-0.09982519703194814,2.1471889423618687e-05,2.2942605761917676e-05,False
GB0004082847,STAN,01564501W,0.000531041686423,GBR,BBG000BF2PM1,,LN,0.050528249885163135,0.04338845709457573,2.683260703101979e-05,2.3041079426795475e-05,False
US03831W1080,APP,03821201,0.0004964081545752,USA,BBG006HFPX77,,US,0.046465423316028875,0.046465423316028875,2.3065815039865365e-05,2.3065815039865365e-05,False
US5717481023,MMC,00706501,-0.0003369708102157,USA,BBG000BP4MH0,,US,-0.06870389884088524,-0.06870389884088524,2.315120845739059e-05,2.315120845739059e-05,False
JP3240400006,2801,10193201W,-0.0003146011303157,JPN,BBG000BJ89N2,,JP,-0.10054495912806538,-0.07410372502660612,3.163155778923523e-05,2.3313115653974108e-05,False
CA94106B1013,WCN,11073201C,-0.0004707624133479,CAN,BBG000DZ8BC1,,CN,-0.04428253566598317,-0.049767323004576536,2.0846553359282695e-05,2.3428585083498912e-05,False
CA9611485090,WN,01144301C,0.0006888229948459,CAN,BBG000BD1VR9,,CN,0.04007918552036194,0.03411036659300981,2.7607464601120137e-05,2.3496004871888554e-05,False
NO0010096985,EQNR,22054601W,0.0004396679210627,NOR,BBG000NSV604,,NO,0.05458187280921378,0.0535442990896422,2.3997898545735736e-05,2.3541710665502405e-05,False
US45168D1046,IDXX,02419701,-0.0003051873755528,USA,BBG000BLRT07,,US,-0.0773680145143617,-0.0773680145143617,2.3611741301368988e-05,2.3611741301368988e-05,False
US00827B1061,AFRM,03741301,-0.0006131526248769,USA,BBG00Y7BP8Y1,,US,-0.03854936198791137,-0.03854936198791137,2.3636642490217647e-05,2.3636642490217647e-05,False
JP3979200007,6920,20197401W,0.0002536052231131,JPN,BBG000BMRC48,,JP,0.06272294887039243,0.09396342188738149,1.5906867442587436e-05,2.3829614572219726e-05,False
NL0011821202,INGA,01561704W,0.0005951465240777,NLD,BBG000BW4SH2,,,0.04756437592258478,0.04017007761245295,2.830777300025138e-05,2.3907082062982806e-05,False
KYG4124C1096,A6I,03696501W,-0.0001266397628559,SGP,BBG011768M53,,US,-0.18926553672316382,-0.18926553672316382,2.39685426874161e-05,2.39685426874161e-05,False
US45687V1061,IR,03009802,-0.0003293181894936,USA,BBG002R1CW27,,US,-0.07280986372485398,-0.07280986372485398,2.397761249914466e-05,2.397761249914466e-05,False
JP3476480003,8750,29430901W,0.0003931964214289,JPN,BBG000HRVPM7,,JP,0.030731574653249938,0.06103190560769178,1.2083545178532963e-05,2.399752687793082e-05,False
CH0418792922,SIKA,10135001W,-0.0003965905845438,CHE,BBG000BC97P8,,SW,-0.0481645404842489,-0.06083092553143099,1.9101603264931792e-05,2.4124972314850587e-05,False
JP3888400003,5706,10195101W,-0.0001199238947356,JPN,BBG000BL98W8,,JP,-0.22439938660759928,-0.2015993574709779,2.6910848418262946e-05,2.417658012411415e-05,False
US7010941042,PH,00835801,-0.0003915788774091,USA,BBG000BR3KL6,,US,-0.06196395092924689,-0.06196395092924689,2.4263774344707056e-05,2.4263774344707056e-05,False
US30303M1027,META,17061701,0.0001398916096162,USA,BBG000MM2P62,,US,0.17641611629451015,0.17641611629451015,2.4679134470677756e-05,2.4679134470677756e-05,False
US60937P1066,MDB,03252601,-0.0001452962062321,USA,BBG0022FDRY8,,US,-0.16990537530052718,-0.16990537530052718,2.4686606449607746e-05,2.4686606449607746e-05,False
IE00BF0L3536,A5G,01550501W,0.0004391532186465,IRL,BBG00JCPQSX3,,ID,0.06383948928408567,0.05633048726491663,2.803531719585497e-05,2.4737714790313816e-05,False
US0311621009,AMGN,00160201,-0.0002017308544633,USA,BBG000BBS2Y0,,US,-0.12452312273192512,-0.12452312273192512,2.512015594914963e-05,2.512015594914963e-05,False
US6098391054,MPWR,16088801,-0.0002657180777902,USA,BBG000C30L48,,US,-0.09478059900455138,-0.09478059900455138,2.5184918579293133e-05,2.5184918579293133e-05,False
CH1335392721,GALD,36083501W,-0.0002663394096239,CHE,BBG01LYFLBM9,,SW,-0.08248957712924354,-0.09469918521984655,2.197022527272789e-05,2.5222125083318286e-05,False
US92345Y1064,VRSK,18065201,-0.0004253564716291,USA,BBG000BCZL41,,US,-0.05947672618433275,-0.05947672618433275,2.5298810393817882e-05,2.5298810393817882e-05,False
US1152361010,BRO,01541701,-0.0002915391725065,USA,BBG000BWSGF4,,US,-0.08715532769848977,-0.08715532769848977,2.5409192116750548e-05,2.5409192116750548e-05,False
CA11271J1075,BN,00236901C,-0.0002665087227484,CAN,BBG000C9K6K8,,CN,-0.09046250875963557,-0.09568135208334638,2.4109047666146426e-05,2.5499914934572608e-05,False
US9837931008,XPO,14499801,-0.0002527480860669,USA,BBG000L5CJF3,,US,-0.10093303778545293,-0.10093303778545293,2.5510632121191326e-05,2.5510632121191326e-05,False
BE0003823409,TUB,10148302W,-0.0005976361714884,BEL,BBG000BLSXQ9,,BB,-0.036393264530146574,-0.04319504601345392,2.1749931281761385e-05,2.5814921926745876e-05,False
NL0013654783,PRX,33364502W,-0.00032962572977,NLD,BBG00NQKSQ26,,,-0.07213670753978607,-0.07868606601335426,2.3778114866007048e-05,2.5936951932382296e-05,False
CH0432492467,ALC,03505601W,-0.0003683708904853,CHE,BBG00NPWGYJ9,,SW,-0.05908469945355188,-0.07160574964762012,2.1765083351761226e-05,2.637747376156128e-05,False
US5486611073,LOW,00682901,-0.0005117019164165,USA,BBG000BNDN65,,US,-0.05178309721543717,-0.05178309721543717,2.6497510083121124e-05,2.6497510083121124e-05,False
IE00BDB6Q211,WTW,14400901,-0.0003508234254826,GBR,BBG000DB3KT1,,US,-0.07573475114458716,-0.07573475114458716,2.656952482461633e-05,2.656952482461633e-05,False
CA82509L1076,SHOP,02365001C,-0.0002321113488667,CAN,BBG004DW5NB8,,CN,-0.1101483330885592,-0.11525505840476669,2.556667816860404e-05,2.6752007070040683e-05,False
NZXROE0001S2,XRO,28484402W,-0.0001277101385327,NZL,BBG007QJXZR1,,GR,-0.20408163265306123,-0.20969971874434545,2.606329357810204e-05,2.6780780131108582e-05,False
US15135B1017,CNC,14555201,0.001044463563579,USA,BBG000BDXCJ5,,US,0.025955859496425315,0.025955859496425315,2.710994950539221e-05,2.710994950539221e-05,False
US3635761097,AJG,00497301,-0.0004045470978869,USA,BBG000BBHXQ3,,US,-0.06748579057791337,-0.06748579057791337,2.7301180726897953e-05,2.7301180726897953e-05,False
CH1216478797,DSFIR,10245411W,-0.0006089728480985,CHE,BBG022CKQQ18,,SW,-0.032614704256495375,-0.045488032608925755,1.986146934096826e-05,2.770097677225496e-05,False
ES0127797019,EDPR,28897002W,-0.0003133663889031,ESP,BBG000TRGBC3,,GR,-0.08296622613803228,-0.08943930579212322,2.599882668579317e-05,2.8027272282077772e-05,False
FR0000121485,KER,22237901W,-0.000406434624742,FRA,BBG000BC9ZX7,,FP,-0.06317654005117113,-0.06978927142892921,2.567713334819567e-05,2.8364776344234428e-05,False
US1696561059,CMG,16591401,-0.0002484307611803,USA,BBG000QX74T1,,US,-0.11438338154088878,-0.11438338154088878,2.8416350542579678e-05,2.8416350542579678e-05,False
IT0004965148,MONC,31689501W,-0.0003682467349303,ITA,BBG000HSWCR8,,IM,-0.07132243684992567,-0.07787776169613592,2.6264254497257644e-05,2.8678231468282034e-05,False
US5949724083,MSTR,11153401,-0.0005658101834053,USA,BBG000GQJPZ0,,US,-0.05085000752219038,-0.05085000752219038,2.8771452082291422e-05,2.8771452082291422e-05,False
CH0013841017,LONN,23139701W,-0.0003675013697221,CHE,BBG000NQXR55,,SW,-0.06625043357613603,-0.07867613924907513,2.4347125083912994e-05,2.8913588938481783e-05,False
JP3837800006,7741,10043301W,-0.0004624957224071,JPN,BBG000BGSH67,,JP,-0.08983739837398375,-0.06308171227845705,4.1549412460150044e-05,2.9175022090901822e-05,False
US6821891057,ON,13493201,-0.0002910698621877,USA,BBG000DV7MX4,,US,-0.10109326494803628,-0.10109326494803628,2.942520269652956e-05,2.942520269652956e-05,False
GB00BP6MXD84,SHEL,01238401W,0.0004741223855187,GBR,BBG0149N4YB9,,LN,0.06936761847809847,0.0620998575356988,3.2888740750587104e-05,2.9442932595196936e-05,False
BE0003604155,LOTB,21188501W,-0.0005431786437817,BEL,BBG000BVDBF3,,BB,-0.048589341692789945,-0.05530503750448956,2.639269272293525e-05,3.0040515265984696e-05,False
US9621661043,WY,01145601,-0.0005163000232017,USA,BBG000BX3BL3,,US,-0.05823705605477114,-0.05823705605477114,3.0067793392277046e-05,3.0067793392277046e-05,False
SE0015961909,HEXA B,10306502W,-0.0003605646777554,SWE,BBG000BF1LB3,,SS,-0.06366816591704139,-0.08341726807944871,2.2956491727155368e-05,3.007732038430224e-05,False
US09290D1019,BLK,12443401,-0.0003090412390494,USA,BBG01PSW2WN4,,US,-0.09773539515926655,-0.09773539515926655,3.0204267619002463e-05,3.0204267619002463e-05,False
US78409V1044,SPGI,00716301,-0.0004544808668142,USA,BBG000BP1Q11,,US,-0.06672252632157316,-0.06672252632157316,3.0324111598661847e-05,3.0324111598661847e-05,False
GB00BYW0PQ60,LAND,01560201W,-0.0003830517646104,GBR,BBG000BDPHB1,,LN,-0.07356154406409321,-0.07985774468291174,2.8177879261216598e-05,3.058965001859613e-05,False
JP3955000009,6841,10067101W,-0.0004692769278898,JPN,BBG000BDCQP0,,JP,-0.0919405320813772,-0.06524670589738313,4.314557044370229e-05,3.061877369845325e-05,False
AU000000LYC6,LYC,21265801W,-0.000226658417751,AUS,BBG000BSCDH5,,AU,-0.13174404015056462,-0.13634680840449542,2.9860895688651193e-05,3.090415185836168e-05,False
AU000000GMG2,GMG,27181001W,-0.000417583863441,AUS,BBG000QT5K61,,AU,-0.06923909123692762,-0.07417318429570874,2.891312721986012e-05,3.097352486192336e-05,False
NL0013267909,AKZA,01533401W,-0.0004238150275442,NLD,BBG000BW4519,,,-0.06742301458670996,-0.07400572206746137,2.8574886784179482e-05,3.136473713644955e-05,False
CA11285B1085,BEPC,03679001,-0.0003491288808855,USA,BBG01RJ2V7B2,,US,-0.09020342941429538,-0.09020342941429538,3.149262236344714e-05,3.149262236344714e-05,False
NZAIAE0002S6,AIA,22276101W,-0.0003759917231589,NZL,BBG000JQSCZ6,,NZ,-0.05832768361581919,-0.08394867056613575,2.1930726270578998e-05,3.156400530306021e-05,False
CH0012255151,UHR,10134703W,-0.0003932563903819,CHE,BBG000BVQ866,,SW,-0.06803628601921019,-0.08043823933156591,2.675570425490513e-05,3.1632851648206985e-05,False
US9078181081,UNP,01086701,-0.000482865773582,USA,BBG000BW3299,,US,-0.06568671587937369,-0.06568671587937369,3.1717866877154825e-05,3.1717866877154825e-05,False
US6935061076,PPG,00824701,-0.0005064892169444,USA,BBG000BRJ809,,US,-0.06409913524115185,-0.06409913524115185,3.2465520815104194e-05,3.2465520815104194e-05,False
US8923561067,TSCO,02973601,-0.0005351801019954,USA,BBG000BLXZN1,,US,-0.06074596108524133,-0.06074596108524133,3.251002964940805e-05,3.251002964940805e-05,False
US6795801009,ODFL,02461701,-0.0002583724807686,USA,BBG000CHSS88,,US,-0.12667783556711343,-0.12667783556711343,3.273006663387189e-05,3.273006663387189e-05,False
IT0003242622,TRN,27045101W,-0.0005869103526798,ITA,BBG000BBM374,,IM,-0.04905582922824303,-0.055767871656242196,2.879137403334816e-05,3.273074122196693e-05,False
DK0060336014,NSIS B,24133601W,-0.000458681051543,DNK,BBG000BLL8D5,,DC,-0.06574503147414301,-0.07244684320718797,3.015600017028755e-05,3.322999422324383e-05,False
GB0007980591,BP.,00241001W,0.0003551343581137,GBR,BBG000C059M6,,LN,0.10165208940719128,0.0941650789183881,3.610014952253932e-05,3.344125485840766e-05,False
IL0006625771,POLI,03057902W,0.0008142819652833,ISR,BBG000F22KC8,,IT,0.05462783171521046,0.041499527085807175,4.448245816822696e-05,3.379231647375861e-05,False
US88262P1021,TPL,01050401,-0.0005073852872208,USA,BBG00YRJXKB1,,US,-0.0673184805257252,-0.0673184805257252,3.415640657681292e-05,3.415640657681292e-05,False
JP3386450005,5020,10015801W,0.0002589040092671,JPN,BBG000QDR164,,JP,0.10082150858849892,0.13318196128564463,2.6103092793919728e-05,3.448134373890909e-05,False
NL0011794037,AD,02366702W,0.0008460410100601,NLD,BBG000BBBBR6,,,0.048287112561174794,0.04088736455625175,4.0852877484142064e-05,3.459238720786676e-05,False
NL0012866412,BESI,06181401W,-0.0003786856957266,NLD,BBG000FT9S80,,,-0.08516624040920717,-0.09162377123040644,3.2251237001779496e-05,3.46966115534813e-05,False
SE0009922164,ESSITY B,32477001W,-0.0004331916200328,SWE,BBG00GV10DG1,,SS,-0.06056287851799069,-0.08037744057189544,2.6235331459058048e-05,3.481883369542949e-05,False
US4228061093,HEI,00556701,-0.0003683335207138,USA,BBG000BL16Q7,,US,-0.09578740751925097,-0.09578740751925097,3.528171305161323e-05,3.528171305161323e-05,False
US0394831020,ADM,00172201,0.0007736097515827,USA,BBG000BB6WG8,,US,0.0456390699963094,0.0456390699963094,3.5306829602310375e-05,3.5306829602310375e-05,False
US8936411003,TDG,14834901,-0.0004545539114514,USA,BBG000L8CBX4,,US,-0.07819994196664803,-0.07819994196664803,3.554608949621235e-05,3.554608949621235e-05,False
US7185461040,PSX,17084101,0.0004912146571788,USA,BBG00286S4N9,,US,0.07320139508475942,0.07320139508475942,3.5957598191569997e-05,3.5957598191569997e-05,False
US0382221051,AMAT,00170401,-0.0003842363491498,USA,BBG000BBPFB9,,US,-0.09382839939789256,-0.09382839939789256,3.605228163121553e-05,3.605228163121553e-05,False
CA3359341052,FM,10646401C,-0.0004097554743539,CAN,BBG000BX7818,,CN,-0.08308026030368765,-0.08834232579842338,3.404259147018302e-05,3.619875161305975e-05,False
JE00BRX98089,CVC,36139901W,-0.0003565588356143,JEY,BBG01MMWLQL1,,GR,-0.09599447513812154,-0.10237601819584796,3.4227678280654485e-05,3.650307384273994e-05,False
US6558441084,NSC,00792301,-0.000486276830465,USA,BBG000BQ5DS5,,US,-0.0752355669651974,-0.0752355669651974,3.658531304207345e-05,3.658531304207345e-05,False
US03769M1062,APO,18425401,-0.0004209607262087,USA,BBG00ZNLTFK3,,US,-0.08822668033387038,-0.08822668033387038,3.7139967424328903e-05,3.7139967424328903e-05,False
US7458671010,PHM,00882301,-0.0005574140633092,USA,BBG000BR54L0,,US,-0.06740183660544641,-0.06740183660544641,3.757073161674466e-05,3.757073161674466e-05,False
US4485791028,H,18336601,-0.00075839603717,USA,BBG000CVRFS4,,US,-0.04982930864766377,-0.04982930864766377,3.779035021330902e-05,3.779035021330902e-05,False
US91913Y1001,VLO,01524701,0.0003098647815141,USA,BBG000BBGGQ1,,US,0.12359300122589989,0.12359300122589989,3.829711832153536e-05,3.829711832153536e-05,False
US48251W1045,KKR,17974101,-0.0003263226159136,USA,BBG000BCQ6J8,,US,-0.11738971928545383,-0.11738971928545383,3.8306920278592476e-05,3.8306920278592476e-05,False
GB0000456144,ANTO,20018901W,-0.0003443990248788,GBR,BBG000BD4S48,,LN,-0.10515053230997773,-0.11123192395046144,3.621374079304308e-05,3.8308166143931756e-05,False
JP3358000002,7309,10485801W,-0.0005836904960509,JPN,BBG000BMF243,,JP,-0.09375783404361993,-0.06711732000833259,5.4725556661578475e-05,3.9175741809270643e-05,False
US05722G1004,BKR,03210601,-0.0003453738002958,USA,BBG00GBVBK51,,US,-0.11376868607395751,-0.11376868607395751,3.9292723464022565e-05,3.9292723464022565e-05,False
US4581401001,INTC,00600801,0.0003077096986869,USA,BBG000C0G1D1,,US,0.1289241425539045,0.1289241425539045,3.967120905872889e-05,3.967120905872889e-05,False
FR0014003TT8,DSY,06316901W,-0.0004375823975747,FRA,BBG000GVXBH4,,FP,-0.08493870402802106,-0.09139784338356094,3.716768175546928e-05,3.9994087440935525e-05,False
IL0007200111,ENLT,29241401W,-0.00055494094332,ISR,BBG000NQKJ84,,IT,-0.06041131105398456,-0.07210775286099369,3.3524709943496135e-05,4.001554439336527e-05,False
FR0000121667,EL,10124803W,-0.0003964953041628,FRA,BBG000BC15X1,,FP,-0.09510445899594633,-0.1014918514526092,3.770847139683628e-05,4.0241042511748e-05,False
US7766961061,ROP,02492501,-0.0003508909742586,USA,BBG000F1ZSN5,,US,-0.11496797287113791,-0.11496797287113791,4.0341224009289876e-05,4.0341224009289876e-05,False
SE0012853455,EQT,33386601W,-0.000372076677537,SWE,BBG006WY0T84,,SS,-0.09028194361127762,-0.10946999314542383,3.359180562046696e-05,4.073123133954747e-05,False
US42824C1099,HPE,02615601,0.0004881830674672,USA,BBG0078W3NQ3,,US,0.0849923430321593,0.0849923430321593,4.149182273266403e-05,4.149182273266403e-05,False
US6153691059,MCO,13966501,-0.0005350972667099,USA,BBG000F86GP6,,US,-0.07795656309448318,-0.07795656309448318,4.1714343833955815e-05,4.1714343833955815e-05,False
US40412C1018,HCA,02226004,0.0010413467377773,USA,BBG000QW7VC1,,US,0.040439136204608594,0.040439136204608594,4.2111162565201064e-05,4.2111162565201064e-05,False
US40434L1052,HPQ,00560601,0.0004243503565598,USA,BBG000KHWT55,,US,0.09936375749500326,0.09936375749500326,4.2165045922126135e-05,4.2165045922126135e-05,False
US5010441013,KR,00650201,0.0006816409322655,USA,BBG000BMY992,,US,0.06256517205422307,0.06256517205422307,4.264698220639202e-05,4.264698220639202e-05,False
GB0002374006,DGE,01863601W,-0.0007733932270538,GBR,BBG000BS6936,,LN,-0.050321825629022765,-0.05677611106764602,3.891855911446853e-05,4.3910259758171724e-05,False
JP3236200006,6861,10322801W,-0.0006792202629693,JPN,BBG000BQF869,,JP,-0.09275639493186705,-0.06608650491193502,6.300202295770699e-05,4.488729324500644e-05,False
AU000000REA9,REA,24801501W,-0.000400961421774,AUS,BBG000C41NH7,,AU,-0.10736830863584312,-0.1121007382447009,4.30505496840973e-05,4.494807138851029e-05,False
US03990B1017,ARES,02041201,-0.0003688899043044,USA,BBG0068KVV91,,US,-0.12300062862331484,-0.12300062862331484,4.537369012223565e-05,4.537369012223565e-05,False
US50212V1008,LPLA,17851901,-0.0005186390564818,USA,BBG000P2TYL8,,US,-0.10022018993070092,-0.10022018993070092,5.197810474608552e-05,5.197810474608552e-05,False
US3703341046,GIS,00507101,-0.0004933887672872,USA,BBG000BKCFC2,,US,-0.10655339805825248,-0.10655339805825248,5.257224971822352e-05,5.257224971822352e-05,False
DE0005200000,BEI,10008301W,-0.0008180641467056,DEU,BBG000BBKL21,,GR,-0.05772151898734179,-0.06437270564853115,4.721990517693085e-05,5.2661002517496393e-05,False
SG1J26887955,S68,24190401W,-0.0004273093789291,SGP,BBG000CQLP72,,SP,-0.12235294117647066,-0.12386897933564367,5.2282559304266386e-05,5.293037662849542e-05,False
NO0011202772,VAR,35234101W,0.0005751834912843,NOR,BBG00MS8XY57,,NO,0.0936178779947654,0.09254187811052872,5.38474579116568e-05,5.3228560541620044e-05,False
US7710491033,RBLX,03745301,0.0003597309961884,USA,BBG001R1GCT0,,US,0.14870428675224034,0.14870428675224034,5.349354121086891e-05,5.349354121086891e-05,False
CH0024608827,PGHN,27586301W,-0.0003233215784382,CHE,BBG000DYF655,,SW,-0.1547489082969432,-0.16599693488385103,5.003366129215594e-05,5.367039100254982e-05,False
US8716071076,SNPS,02497501,-0.0003908918878379,USA,BBG000BSFRF3,,US,-0.13903864965081092,-0.13903864965081092,5.434908024443786e-05,5.434908024443786e-05,False
JP3228600007,9503,10030201W,0.0007387402993689,JPN,BBG000BNBVX9,,JP,0.04305283757338563,0.07371470549968384,3.180486611764352e-05,5.445602360872674e-05,False
JP3368000000,4004,10069601W,-0.0006755007604591,JPN,BBG000BG05J9,,JP,-0.10823603660460712,-0.08202120111003042,7.311352503549109e-05,5.5405383723594324e-05,False
IL0006912120,DSCT,00620301W,0.00103641165499,ISR,BBG000HVQFS0,,IT,0.0669590273937879,0.05367728103806746,6.939711639771646e-05,5.563175967602684e-05,False
CA3759161035,GIL,11148601C,-0.0005221517619003,CAN,BBG000BQ5ZN1,,CN,-0.10181214552496887,-0.10696683052359512,5.316139116871224e-05,5.5852919022785986e-05,False
AU000000WTC3,WTC,32150101W,-0.0002803043683761,AUS,BBG00CJZ0G09,,AU,-0.19656017830609218,-0.20081860450975275,5.5096676627982765e-05,5.6290332095276075e-05,False
US19260Q1076,COIN,03474901,-0.0004522994473766,USA,BBG00ZGF7771,,US,-0.1255049968105465,-0.1255049968105465,5.676584070041213e-05,5.676584070041213e-05,False
NL00150001Q9,STLAM,10127610W,-0.0005524850441046,NLD,BBG0078ZLDG9,,US,-0.10382513661202186,-0.10382513661202186,5.736183518025902e-05,5.736183518025902e-05,False
BE0003822393,ELI,26974401W,-0.0007515851525309,BEL,BBG000KR9YG6,,BB,-0.07248636009353082,-0.07903339443075696,5.44796720073061e-05,5.940032580827525e-05,False
US4370761029,HD,00568001,-0.000844414907172,USA,BBG000BKZB36,,US,-0.07059756581154863,-0.07059756581154863,5.9613636981328e-05,5.9613636981328e-05,False
AN8068571086,SLB,00946501,-0.0004964066589236,USA,BBG000BT41Q8,,US,-0.1253677204658903,-0.1253677204658903,6.223337125334043e-05,6.223337125334043e-05,False
FR0012333284,ABVX,31991901W,-0.0007866787882438,FRA,BBG009CG7F55,,FP,-0.07278318810866213,-0.0793280636561613,5.725699022584288e-05,6.2405704990756e-05,False
NL0012969182,ADYEN,32740101W,-0.0004707833184409,NLD,BBG00389H4J8,,,-0.1266946725224365,-0.1328590449271626,5.964573835889576e-05,6.254782205569823e-05,False
US2533931026,DKS,15013901,-0.0008542687918621,USA,BBG000F6ZWH2,,US,-0.07627905255366385,-0.07627905255366385,6.516281406940405e-05,6.516281406940405e-05,False
US56585A1025,MPC,18698901,0.0006116094363007,USA,BBG001DCCGR8,,US,0.10875388406728814,0.10875388406728814,6.651490172990579e-05,6.651490172990579e-05,False
US5260571048,LEN,00666901,-0.0010484413361492,USA,BBG000BN5HF7,,US,-0.06836285816193077,-0.06836285816193077,7.167444635427295e-05,7.167444635427295e-05,False
AU000000PLS0,PLS,28694501W,-0.0003546121706744,AUS,BBG000RLN524,,AU,-0.20212962962962955,-0.20636212384259256,7.167762672057545e-05,7.31785206808011e-05,False
US6541061031,NKE,00790601,-0.0010002111358953,USA,BBG000C5HS04,,US,-0.0741218637992832,-0.0741218637992832,7.413751358535777e-05,7.413751358535777e-05,False
US1273871087,CDNS,01342101,-0.0004267937154081,USA,BBG000C13CD9,,US,-0.17380010626365194,-0.17380010626365194,7.417679309058661e-05,7.417679309058661e-05,False
JP3180400008,9532,10084601W,0.0007373129177877,JPN,BBG000BH2Y84,,JP,0.0739968733715477,0.10556852398777816,5.4558850612742794e-05,7.783703644796951e-05,False
US09260D1072,BX,17708801,-0.0005708800068915,USA,BBG000BH0106,,US,-0.13815973191845854,-0.13815973191845854,7.88726287097374e-05,7.88726287097374e-05,False
JP3573000001,9531,10084801W,0.0011711879695089,JPN,BBG000BNDP42,,JP,0.03847397348852244,0.06900158440969761,4.5060254888961844e-05,8.081382553769071e-05,False
US05464C1018,AXON,14391201,-0.00046903134956,USA,BBG000BHJWG1,,US,-0.1732208415701778,-0.1732208415701778,8.124600509357945e-05,8.124600509357945e-05,False
JP3142500002,5019,27944901W,0.0004535023427783,JPN,BBG000BD7F98,,JP,0.176056338028169,0.21062793566473514,7.984196175674295e-05,9.552026227851444e-05,False
US14316J1088,CG,18945901,-0.0007444923991304,USA,BBG000BH3F20,,US,-0.17317627609010133,-0.17317627609010133,0.00012892842125878808,0.00012892842125878808,False
US24703L2025,DELL,01448908,0.0006641776210657,USA,BBG00DW3SZS1,,US,0.23525799872809805,0.23525799872809805,0.00015625309793190564,0.00015625309793190564,False
NL0006294274,ENX,24649804W,6.743542844950552e-05,NLD,BBG006MFP206,ENX,,,,,,True
